2026-07-16 16:27:25 0 [Note] Starting MariaDB 10.4.32-MariaDB source revision c4143f909528e3fab0677a28631d10389354c491 as process 1696
2026-07-16 16:27:25 0 [Note] InnoDB: Mutexes and rw_locks use Windows interlocked functions
2026-07-16 16:27:25 0 [Note] InnoDB: Uses event mutexes
2026-07-16 16:27:25 0 [Note] InnoDB: Compressed tables use zlib 1.3
2026-07-16 16:27:25 0 [Note] InnoDB: Number of pools: 1
2026-07-16 16:27:25 0 [Note] InnoDB: Using SSE2 crc32 instructions
2026-07-16 16:27:25 0 [Note] InnoDB: Initializing buffer pool, total size = 16M, instances = 1, chunk size = 16M
2026-07-16 16:27:25 0 [Note] InnoDB: Completed initialization of buffer pool
2026-07-16 16:27:25 0 [ERROR] InnoDB: Operating system error number 3 in a file operation.
2026-07-16 16:27:25 0 [ERROR] InnoDB: The error means the system cannot find the path specified.
2026-07-16 16:27:25 0 [ERROR] InnoDB: If you are installing InnoDB, remember that you must create directories yourself, InnoDB does not create them.
2026-07-16 16:27:25 0 [ERROR] InnoDB: Cannot open datafile for read-only: '.\clpwebor_clpnew\donations.ibd' OS error: 203
2026-07-16 16:27:25 0 [ERROR] InnoDB: Operating system error number 203 in a file operation.
2026-07-16 16:27:25 0 [Note] InnoDB: Some operating system error numbers are described at https://mariadb.com/kb/en/library/operating-system-error-codes/
2026-07-16 16:27:25 0 [ERROR] InnoDB: Could not find a valid tablespace file for ``clpwebor_clpnew`.`donations``. Please refer to https://mariadb.com/kb/en/innodb-data-dictionary-troubleshooting/ for how to resolve the issue.
2026-07-16 16:27:25 0 [Warning] InnoDB: Ignoring tablespace for `clpwebor_clpnew`.`donations` because it could not be opened.
2026-07-16 16:27:25 0 [ERROR] InnoDB: Operating system error number 3 in a file operation.
2026-07-16 16:27:25 0 [ERROR] InnoDB: The error means the system cannot find the path specified.
2026-07-16 16:27:25 0 [ERROR] InnoDB: If you are installing InnoDB, remember that you must create directories yourself, InnoDB does not create them.
2026-07-16 16:27:25 0 [ERROR] InnoDB: Cannot open datafile for read-only: '.\clpwebor_clpnew\failed_jobs.ibd' OS error: 203
2026-07-16 16:27:25 0 [ERROR] InnoDB: Operating system error number 203 in a file operation.
2026-07-16 16:27:25 0 [Note] InnoDB: Some operating system error numbers are described at https://mariadb.com/kb/en/library/operating-system-error-codes/
2026-07-16 16:27:25 0 [ERROR] InnoDB: Could not find a valid tablespace file for ``clpwebor_clpnew`.`failed_jobs``. Please refer to https://mariadb.com/kb/en/innodb-data-dictionary-troubleshooting/ for how to resolve the issue.
2026-07-16 16:27:25 0 [Warning] InnoDB: Ignoring tablespace for `clpwebor_clpnew`.`failed_jobs` because it could not be opened.
2026-07-16 16:27:25 0 [Note] InnoDB: 128 out of 128 rollback segments are active.
2026-07-16 16:27:25 0 [Note] InnoDB: Creating shared tablespace for temporary tables
2026-07-16 16:27:25 0 [Note] InnoDB: Setting file 'C:\xampp\mysql\data\ibtmp1' size to 12 MB. Physically writing the file full; Please wait ...
2026-07-16 16:27:25 0 [Note] InnoDB: File 'C:\xampp\mysql\data\ibtmp1' size is now 12 MB.
2026-07-16 16:27:25 0 [Note] InnoDB: Waiting for purge to start
2026-07-16 16:27:25 0 [Note] InnoDB: 10.4.32 started; log sequence number 866147; transaction id 367
2026-07-16 16:27:25 0 [Note] InnoDB: Loading buffer pool(s) from C:\xampp\mysql\data\ib_buffer_pool
2026-07-16 16:27:25 0 [Note] Plugin 'FEEDBACK' is disabled.
2026-07-16 16:27:25 0 [ERROR] Could not open mysql.plugin table. Some plugins may be not loaded
2026-07-16 16:27:25 0 [ERROR] C:\xampp\mysql\bin\mysqld.exe: unknown option '--initialize-insecure'
2026-07-16 16:27:25 0 [ERROR] Aborting
2026-07-16 16:27:35 0 [Note] Starting MariaDB 10.4.32-MariaDB source revision c4143f909528e3fab0677a28631d10389354c491 as process 10956
2026-07-16 16:27:35 0 [Note] InnoDB: Mutexes and rw_locks use Windows interlocked functions
2026-07-16 16:27:35 0 [Note] InnoDB: Uses event mutexes
2026-07-16 16:27:35 0 [Note] InnoDB: Compressed tables use zlib 1.3
2026-07-16 16:27:35 0 [Note] InnoDB: Number of pools: 1
2026-07-16 16:27:35 0 [Note] InnoDB: Using SSE2 crc32 instructions
2026-07-16 16:27:35 0 [Note] InnoDB: Initializing buffer pool, total size = 16M, instances = 1, chunk size = 16M
2026-07-16 16:27:35 0 [Note] InnoDB: Completed initialization of buffer pool
2026-07-16 16:27:35 0 [ERROR] InnoDB: Operating system error number 3 in a file operation.
2026-07-16 16:27:35 0 [ERROR] InnoDB: The error means the system cannot find the path specified.
2026-07-16 16:27:35 0 [ERROR] InnoDB: If you are installing InnoDB, remember that you must create directories yourself, InnoDB does not create them.
2026-07-16 16:27:35 0 [ERROR] InnoDB: Cannot open datafile for read-only: '.\clpwebor_clpnew\donations.ibd' OS error: 203
2026-07-16 16:27:35 0 [ERROR] InnoDB: Operating system error number 203 in a file operation.
2026-07-16 16:27:35 0 [Note] InnoDB: Some operating system error numbers are described at https://mariadb.com/kb/en/library/operating-system-error-codes/
2026-07-16 16:27:35 0 [ERROR] InnoDB: Could not find a valid tablespace file for ``clpwebor_clpnew`.`donations``. Please refer to https://mariadb.com/kb/en/innodb-data-dictionary-troubleshooting/ for how to resolve the issue.
2026-07-16 16:27:35 0 [Warning] InnoDB: Ignoring tablespace for `clpwebor_clpnew`.`donations` because it could not be opened.
2026-07-16 16:27:35 0 [ERROR] InnoDB: Operating system error number 3 in a file operation.
2026-07-16 16:27:35 0 [ERROR] InnoDB: The error means the system cannot find the path specified.
2026-07-16 16:27:35 0 [ERROR] InnoDB: If you are installing InnoDB, remember that you must create directories yourself, InnoDB does not create them.
2026-07-16 16:27:35 0 [ERROR] InnoDB: Cannot open datafile for read-only: '.\clpwebor_clpnew\failed_jobs.ibd' OS error: 203
2026-07-16 16:27:35 0 [ERROR] InnoDB: Operating system error number 203 in a file operation.
2026-07-16 16:27:35 0 [Note] InnoDB: Some operating system error numbers are described at https://mariadb.com/kb/en/library/operating-system-error-codes/
2026-07-16 16:27:35 0 [ERROR] InnoDB: Could not find a valid tablespace file for ``clpwebor_clpnew`.`failed_jobs``. Please refer to https://mariadb.com/kb/en/innodb-data-dictionary-troubleshooting/ for how to resolve the issue.
2026-07-16 16:27:35 0 [Warning] InnoDB: Ignoring tablespace for `clpwebor_clpnew`.`failed_jobs` because it could not be opened.
2026-07-16 16:27:35 0 [Note] InnoDB: 128 out of 128 rollback segments are active.
2026-07-16 16:27:35 0 [Note] InnoDB: Creating shared tablespace for temporary tables
2026-07-16 16:27:35 0 [Note] InnoDB: Setting file 'C:\xampp\mysql\data\ibtmp1' size to 12 MB. Physically writing the file full; Please wait ...
2026-07-16 16:27:35 0 [Note] InnoDB: File 'C:\xampp\mysql\data\ibtmp1' size is now 12 MB.
2026-07-16 16:27:35 0 [Note] InnoDB: Waiting for purge to start
2026-07-16 16:27:35 0 [Note] InnoDB: 10.4.32 started; log sequence number 866156; transaction id 367
2026-07-16 16:27:35 0 [Note] InnoDB: Loading buffer pool(s) from C:\xampp\mysql\data\ib_buffer_pool
2026-07-16 16:27:35 0 [Note] Plugin 'FEEDBACK' is disabled.
2026-07-16 16:27:35 0 [Note] InnoDB: Buffer pool(s) load completed at 260716 16:27:35
2026-07-16 16:27:35 0 [ERROR] Could not open mysql.plugin table. Some plugins may be not loaded
2026-07-16 16:27:35 0 [ERROR] Can't open and lock privilege tables: Table 'mysql.servers' doesn't exist
2026-07-16 16:27:35 0 [Note] Server socket created on IP: '::'.
2026-07-16 16:27:35 0 [ERROR] Fatal error: Can't open and lock privilege tables: Table 'mysql.db' doesn't exist
2026-07-16 16:27:35 0 [ERROR] Aborting
2026-07-16 16:28:36 0 [Note] Starting MariaDB 10.4.32-MariaDB source revision c4143f909528e3fab0677a28631d10389354c491 as process 5116
2026-07-16 16:28:36 0 [Note] InnoDB: Mutexes and rw_locks use Windows interlocked functions
2026-07-16 16:28:36 0 [Note] InnoDB: Uses event mutexes
2026-07-16 16:28:36 0 [Note] InnoDB: Compressed tables use zlib 1.3
2026-07-16 16:28:36 0 [Note] InnoDB: Number of pools: 1
2026-07-16 16:28:36 0 [Note] InnoDB: Using SSE2 crc32 instructions
2026-07-16 16:28:36 0 [Note] InnoDB: Initializing buffer pool, total size = 16M, instances = 1, chunk size = 16M
2026-07-16 16:28:36 0 [Note] InnoDB: Completed initialization of buffer pool
2026-07-16 16:28:36 0 [ERROR] InnoDB: Operating system error number 3 in a file operation.
2026-07-16 16:28:36 0 [ERROR] InnoDB: The error means the system cannot find the path specified.
2026-07-16 16:28:36 0 [ERROR] InnoDB: If you are installing InnoDB, remember that you must create directories yourself, InnoDB does not create them.
2026-07-16 16:28:36 0 [ERROR] InnoDB: Cannot open datafile for read-only: '.\clpwebor_clpnew\donations.ibd' OS error: 203
2026-07-16 16:28:36 0 [ERROR] InnoDB: Operating system error number 203 in a file operation.
2026-07-16 16:28:36 0 [Note] InnoDB: Some operating system error numbers are described at https://mariadb.com/kb/en/library/operating-system-error-codes/
2026-07-16 16:28:36 0 [ERROR] InnoDB: Could not find a valid tablespace file for ``clpwebor_clpnew`.`donations``. Please refer to https://mariadb.com/kb/en/innodb-data-dictionary-troubleshooting/ for how to resolve the issue.
2026-07-16 16:28:36 0 [Warning] InnoDB: Ignoring tablespace for `clpwebor_clpnew`.`donations` because it could not be opened.
2026-07-16 16:28:36 0 [ERROR] InnoDB: Operating system error number 3 in a file operation.
2026-07-16 16:28:36 0 [ERROR] InnoDB: The error means the system cannot find the path specified.
2026-07-16 16:28:36 0 [ERROR] InnoDB: If you are installing InnoDB, remember that you must create directories yourself, InnoDB does not create them.
2026-07-16 16:28:36 0 [ERROR] InnoDB: Cannot open datafile for read-only: '.\clpwebor_clpnew\failed_jobs.ibd' OS error: 203
2026-07-16 16:28:36 0 [ERROR] InnoDB: Operating system error number 203 in a file operation.
2026-07-16 16:28:36 0 [Note] InnoDB: Some operating system error numbers are described at https://mariadb.com/kb/en/library/operating-system-error-codes/
2026-07-16 16:28:36 0 [ERROR] InnoDB: Could not find a valid tablespace file for ``clpwebor_clpnew`.`failed_jobs``. Please refer to https://mariadb.com/kb/en/innodb-data-dictionary-troubleshooting/ for how to resolve the issue.
2026-07-16 16:28:36 0 [Warning] InnoDB: Ignoring tablespace for `clpwebor_clpnew`.`failed_jobs` because it could not be opened.
2026-07-16 16:28:36 0 [Note] InnoDB: 128 out of 128 rollback segments are active.
2026-07-16 16:28:36 0 [Note] InnoDB: Creating shared tablespace for temporary tables
2026-07-16 16:28:36 0 [Note] InnoDB: Setting file 'C:\xampp\mysql\data\ibtmp1' size to 12 MB. Physically writing the file full; Please wait ...
2026-07-16 16:28:36 0 [Note] InnoDB: File 'C:\xampp\mysql\data\ibtmp1' size is now 12 MB.
2026-07-16 16:28:36 0 [Note] InnoDB: Waiting for purge to start
2026-07-16 16:28:36 0 [Note] InnoDB: 10.4.32 started; log sequence number 866165; transaction id 367
2026-07-16 16:28:36 0 [Note] InnoDB: Loading buffer pool(s) from C:\xampp\mysql\data\ib_buffer_pool
2026-07-16 16:28:36 0 [Note] Plugin 'FEEDBACK' is disabled.
2026-07-16 16:28:36 0 [ERROR] Could not open mysql.plugin table. Some plugins may be not loaded
2026-07-16 16:28:36 0 [ERROR] Can't open and lock privilege tables: Table 'mysql.servers' doesn't exist
2026-07-16 16:28:36 0 [Note] InnoDB: Buffer pool(s) load completed at 260716 16:28:36
2026-07-16 16:28:36 0 [Note] Server socket created on IP: '::'.
2026-07-16 16:28:36 0 [ERROR] Fatal error: Can't open and lock privilege tables: Table 'mysql.db' doesn't exist
2026-07-16 16:28:36 0 [ERROR] Aborting
2026-07-16 16:29:36 0 [Note] Starting MariaDB 10.4.32-MariaDB source revision c4143f909528e3fab0677a28631d10389354c491 as process 3256
2026-07-16 16:29:36 0 [Note] InnoDB: Mutexes and rw_locks use Windows interlocked functions
2026-07-16 16:29:36 0 [Note] InnoDB: Uses event mutexes
2026-07-16 16:29:36 0 [Note] InnoDB: Compressed tables use zlib 1.3
2026-07-16 16:29:36 0 [Note] InnoDB: Number of pools: 1
2026-07-16 16:29:36 0 [Note] InnoDB: Using SSE2 crc32 instructions
2026-07-16 16:29:36 0 [Note] InnoDB: Initializing buffer pool, total size = 16M, instances = 1, chunk size = 16M
2026-07-16 16:29:36 0 [Note] InnoDB: Completed initialization of buffer pool
2026-07-16 16:29:36 0 [ERROR] InnoDB: Operating system error number 3 in a file operation.
2026-07-16 16:29:36 0 [ERROR] InnoDB: The error means the system cannot find the path specified.
2026-07-16 16:29:36 0 [ERROR] InnoDB: If you are installing InnoDB, remember that you must create directories yourself, InnoDB does not create them.
2026-07-16 16:29:36 0 [ERROR] InnoDB: Cannot open datafile for read-only: '.\clpwebor_clpnew\donations.ibd' OS error: 203
2026-07-16 16:29:36 0 [ERROR] InnoDB: Operating system error number 203 in a file operation.
2026-07-16 16:29:36 0 [Note] InnoDB: Some operating system error numbers are described at https://mariadb.com/kb/en/library/operating-system-error-codes/
2026-07-16 16:29:36 0 [ERROR] InnoDB: Could not find a valid tablespace file for ``clpwebor_clpnew`.`donations``. Please refer to https://mariadb.com/kb/en/innodb-data-dictionary-troubleshooting/ for how to resolve the issue.
2026-07-16 16:29:36 0 [Warning] InnoDB: Ignoring tablespace for `clpwebor_clpnew`.`donations` because it could not be opened.
2026-07-16 16:29:36 0 [ERROR] InnoDB: Operating system error number 3 in a file operation.
2026-07-16 16:29:36 0 [ERROR] InnoDB: The error means the system cannot find the path specified.
2026-07-16 16:29:36 0 [ERROR] InnoDB: If you are installing InnoDB, remember that you must create directories yourself, InnoDB does not create them.
2026-07-16 16:29:36 0 [ERROR] InnoDB: Cannot open datafile for read-only: '.\clpwebor_clpnew\failed_jobs.ibd' OS error: 203
2026-07-16 16:29:36 0 [ERROR] InnoDB: Operating system error number 203 in a file operation.
2026-07-16 16:29:36 0 [Note] InnoDB: Some operating system error numbers are described at https://mariadb.com/kb/en/library/operating-system-error-codes/
2026-07-16 16:29:36 0 [ERROR] InnoDB: Could not find a valid tablespace file for ``clpwebor_clpnew`.`failed_jobs``. Please refer to https://mariadb.com/kb/en/innodb-data-dictionary-troubleshooting/ for how to resolve the issue.
2026-07-16 16:29:36 0 [Warning] InnoDB: Ignoring tablespace for `clpwebor_clpnew`.`failed_jobs` because it could not be opened.
2026-07-16 16:29:36 0 [Note] InnoDB: 128 out of 128 rollback segments are active.
2026-07-16 16:29:36 0 [Note] InnoDB: Creating shared tablespace for temporary tables
2026-07-16 16:29:36 0 [Note] InnoDB: Setting file 'C:\xampp\mysql\data\ibtmp1' size to 12 MB. Physically writing the file full; Please wait ...
2026-07-16 16:29:36 0 [Note] InnoDB: File 'C:\xampp\mysql\data\ibtmp1' size is now 12 MB.
2026-07-16 16:29:36 0 [Note] InnoDB: Waiting for purge to start
2026-07-16 16:29:36 0 [Note] InnoDB: 10.4.32 started; log sequence number 866174; transaction id 367
2026-07-16 16:29:36 0 [Note] InnoDB: Loading buffer pool(s) from C:\xampp\mysql\data\ib_buffer_pool
2026-07-16 16:29:36 0 [Note] Plugin 'FEEDBACK' is disabled.
2026-07-16 16:29:36 0 [Note] InnoDB: Cannot open 'C:\xampp\mysql\data\ib_buffer_pool' for reading: No such file or directory
2026-07-16 16:29:36 0 [ERROR] Could not open mysql.plugin table. Some plugins may be not loaded
2026-07-16 16:29:36 0 [ERROR] Can't open and lock privilege tables: Table 'mysql.servers' doesn't exist
2026-07-16 16:29:36 0 [Note] Server socket created on IP: '::'.
2026-07-16 16:29:36 0 [ERROR] Fatal error: Can't open and lock privilege tables: Table 'mysql.db' doesn't exist
2026-07-16 16:29:36 0 [ERROR] Aborting
2026-07-16 16:30:52 0 [Note] Starting MariaDB 10.4.32-MariaDB source revision c4143f909528e3fab0677a28631d10389354c491 as process 2612
2026-07-16 16:30:52 0 [Note] InnoDB: Mutexes and rw_locks use Windows interlocked functions
2026-07-16 16:30:52 0 [Note] InnoDB: Uses event mutexes
2026-07-16 16:30:52 0 [Note] InnoDB: Compressed tables use zlib 1.3
2026-07-16 16:30:52 0 [Note] InnoDB: Number of pools: 1
2026-07-16 16:30:52 0 [Note] InnoDB: Using SSE2 crc32 instructions
2026-07-16 16:30:52 0 [Note] InnoDB: Initializing buffer pool, total size = 16M, instances = 1, chunk size = 16M
2026-07-16 16:30:52 0 [Note] InnoDB: Completed initialization of buffer pool
2026-07-16 16:30:52 0 [ERROR] InnoDB: Operating system error number 3 in a file operation.
2026-07-16 16:30:52 0 [ERROR] InnoDB: The error means the system cannot find the path specified.
2026-07-16 16:30:52 0 [ERROR] InnoDB: If you are installing InnoDB, remember that you must create directories yourself, InnoDB does not create them.
2026-07-16 16:30:52 0 [ERROR] InnoDB: Cannot open datafile for read-only: '.\clpwebor_clpnew\donations.ibd' OS error: 203
2026-07-16 16:30:52 0 [ERROR] InnoDB: Operating system error number 203 in a file operation.
2026-07-16 16:30:52 0 [Note] InnoDB: Some operating system error numbers are described at https://mariadb.com/kb/en/library/operating-system-error-codes/
2026-07-16 16:30:52 0 [ERROR] InnoDB: Could not find a valid tablespace file for ``clpwebor_clpnew`.`donations``. Please refer to https://mariadb.com/kb/en/innodb-data-dictionary-troubleshooting/ for how to resolve the issue.
2026-07-16 16:30:52 0 [Warning] InnoDB: Ignoring tablespace for `clpwebor_clpnew`.`donations` because it could not be opened.
2026-07-16 16:30:52 0 [ERROR] InnoDB: Operating system error number 3 in a file operation.
2026-07-16 16:30:52 0 [ERROR] InnoDB: The error means the system cannot find the path specified.
2026-07-16 16:30:52 0 [ERROR] InnoDB: If you are installing InnoDB, remember that you must create directories yourself, InnoDB does not create them.
2026-07-16 16:30:52 0 [ERROR] InnoDB: Cannot open datafile for read-only: '.\clpwebor_clpnew\failed_jobs.ibd' OS error: 203
2026-07-16 16:30:52 0 [ERROR] InnoDB: Operating system error number 203 in a file operation.
2026-07-16 16:30:52 0 [Note] InnoDB: Some operating system error numbers are described at https://mariadb.com/kb/en/library/operating-system-error-codes/
2026-07-16 16:30:52 0 [ERROR] InnoDB: Could not find a valid tablespace file for ``clpwebor_clpnew`.`failed_jobs``. Please refer to https://mariadb.com/kb/en/innodb-data-dictionary-troubleshooting/ for how to resolve the issue.
2026-07-16 16:30:52 0 [Warning] InnoDB: Ignoring tablespace for `clpwebor_clpnew`.`failed_jobs` because it could not be opened.
2026-07-16 16:30:52 0 [Note] InnoDB: 128 out of 128 rollback segments are active.
2026-07-16 16:30:52 0 [Note] InnoDB: Creating shared tablespace for temporary tables
2026-07-16 16:30:52 0 [Note] InnoDB: Setting file 'C:\xampp\mysql\data\ibtmp1' size to 12 MB. Physically writing the file full; Please wait ...
2026-07-16 16:30:52 0 [Note] InnoDB: File 'C:\xampp\mysql\data\ibtmp1' size is now 12 MB.
2026-07-16 16:30:52 0 [Note] InnoDB: Waiting for purge to start
2026-07-16 16:30:52 0 [Note] InnoDB: 10.4.32 started; log sequence number 866183; transaction id 367
2026-07-16 16:30:52 0 [Note] InnoDB: Loading buffer pool(s) from C:\xampp\mysql\data\ib_buffer_pool
2026-07-16 16:30:52 0 [Note] Plugin 'FEEDBACK' is disabled.
2026-07-16 16:30:52 0 [Note] InnoDB: Buffer pool(s) load completed at 260716 16:30:52
2026-07-16 16:30:52 0 [Note] Zerofilling moved table:  '.\mysql\plugin'
2026-07-16 16:30:52 0 [Note] Zerofilling moved table:  '.\mysql\servers'
2026-07-16 16:30:52 0 [Note] Server socket created on IP: '::'.
2026-07-16 16:30:52 0 [ERROR] mysqld.exe: Table '.\mysql\db' is marked as crashed and should be repaired
2026-07-16 16:30:52 0 [Note] Zerofilling moved table:  '.\mysql\db'
2026-07-16 16:30:52 0 [Note] Zerofilling moved table:  '.\mysql\proxies_priv'
2026-07-16 16:30:52 0 [Note] Zerofilling moved table:  '.\mysql\roles_mapping'
2026-07-16 16:30:52 0 [Note] Zerofilling moved table:  '.\mysql\global_priv'
2026-07-16 16:30:52 0 [Note] Zerofilling moved table:  '.\mysql\time_zone_leap_second'
2026-07-16 16:30:52 0 [Note] Zerofilling moved table:  '.\mysql\time_zone_name'
2026-07-16 16:30:52 0 [Note] Zerofilling moved table:  '.\mysql\time_zone'
2026-07-16 16:30:52 0 [Note] Zerofilling moved table:  '.\mysql\time_zone_transition_type'
2026-07-16 16:30:52 0 [Note] Zerofilling moved table:  '.\mysql\time_zone_transition'
2026-07-16 16:30:52 0 [Note] Zerofilling moved table:  '.\mysql\tables_priv'
2026-07-16 16:30:52 0 [Note] Zerofilling moved table:  '.\mysql\columns_priv'
2026-07-16 16:30:52 0 [Note] Zerofilling moved table:  '.\mysql\procs_priv'
2026-07-16 16:30:52 0 [Note] Zerofilling moved table:  '.\mysql\func'
2026-07-16 16:30:52 0 [Note] Zerofilling moved table:  '.\mysql\event'
2026-07-16 16:30:52 6 [Warning] Failed to load slave replication state from table mysql.gtid_slave_pos: 1932: Table 'mysql.gtid_slave_pos' doesn't exist in engine
2026-07-16 16:30:52 0 [Note] Reading of all Master_info entries succeeded
2026-07-16 16:30:52 0 [Note] Added new Master_info '' to hash table
2026-07-16 16:30:52 0 [Note] C:\xampp\mysql\bin\mysqld.exe: ready for connections.
Version: '10.4.32-MariaDB'  socket: ''  port: 3306  mariadb.org binary distribution
2026-07-16 16:32:53 0 [Note] Starting MariaDB 10.4.32-MariaDB source revision c4143f909528e3fab0677a28631d10389354c491 as process 16604
2026-07-16 16:32:53 0 [Note] InnoDB: Mutexes and rw_locks use Windows interlocked functions
2026-07-16 16:32:53 0 [Note] InnoDB: Uses event mutexes
2026-07-16 16:32:53 0 [Note] InnoDB: Compressed tables use zlib 1.3
2026-07-16 16:32:53 0 [Note] InnoDB: Number of pools: 1
2026-07-16 16:32:53 0 [Note] InnoDB: Using SSE2 crc32 instructions
2026-07-16 16:32:53 0 [Note] InnoDB: Initializing buffer pool, total size = 16M, instances = 1, chunk size = 16M
2026-07-16 16:32:53 0 [Note] InnoDB: Completed initialization of buffer pool
2026-07-16 16:32:53 0 [Note] InnoDB: Starting crash recovery from checkpoint LSN=866183
2026-07-16 16:32:53 0 [ERROR] InnoDB: Operating system error number 3 in a file operation.
2026-07-16 16:32:53 0 [ERROR] InnoDB: The error means the system cannot find the path specified.
2026-07-16 16:32:53 0 [ERROR] InnoDB: If you are installing InnoDB, remember that you must create directories yourself, InnoDB does not create them.
2026-07-16 16:32:53 0 [ERROR] InnoDB: Cannot open datafile for read-only: '.\clpwebor_clpnew\donations.ibd' OS error: 203
2026-07-16 16:32:53 0 [ERROR] InnoDB: Operating system error number 203 in a file operation.
2026-07-16 16:32:53 0 [Note] InnoDB: Some operating system error numbers are described at https://mariadb.com/kb/en/library/operating-system-error-codes/
2026-07-16 16:32:53 0 [ERROR] InnoDB: Could not find a valid tablespace file for ``clpwebor_clpnew`.`donations``. Please refer to https://mariadb.com/kb/en/innodb-data-dictionary-troubleshooting/ for how to resolve the issue.
2026-07-16 16:32:53 0 [Warning] InnoDB: Ignoring tablespace for `clpwebor_clpnew`.`donations` because it could not be opened.
2026-07-16 16:32:53 0 [ERROR] InnoDB: Operating system error number 3 in a file operation.
2026-07-16 16:32:53 0 [ERROR] InnoDB: The error means the system cannot find the path specified.
2026-07-16 16:32:53 0 [ERROR] InnoDB: If you are installing InnoDB, remember that you must create directories yourself, InnoDB does not create them.
2026-07-16 16:32:53 0 [ERROR] InnoDB: Cannot open datafile for read-only: '.\clpwebor_clpnew\failed_jobs.ibd' OS error: 203
2026-07-16 16:32:53 0 [ERROR] InnoDB: Operating system error number 203 in a file operation.
2026-07-16 16:32:53 0 [Note] InnoDB: Some operating system error numbers are described at https://mariadb.com/kb/en/library/operating-system-error-codes/
2026-07-16 16:32:53 0 [ERROR] InnoDB: Could not find a valid tablespace file for ``clpwebor_clpnew`.`failed_jobs``. Please refer to https://mariadb.com/kb/en/innodb-data-dictionary-troubleshooting/ for how to resolve the issue.
2026-07-16 16:32:53 0 [Warning] InnoDB: Ignoring tablespace for `clpwebor_clpnew`.`failed_jobs` because it could not be opened.
2026-07-16 16:32:53 0 [Note] InnoDB: 128 out of 128 rollback segments are active.
2026-07-16 16:32:53 0 [Note] InnoDB: Removed temporary tablespace data file: "ibtmp1"
2026-07-16 16:32:53 0 [Note] InnoDB: Creating shared tablespace for temporary tables
2026-07-16 16:32:53 0 [Note] InnoDB: Setting file 'C:\xampp\mysql\data\ibtmp1' size to 12 MB. Physically writing the file full; Please wait ...
2026-07-16 16:32:53 0 [Note] InnoDB: File 'C:\xampp\mysql\data\ibtmp1' size is now 12 MB.
2026-07-16 16:32:53 0 [Note] InnoDB: Waiting for purge to start
2026-07-16 16:32:53 0 [Note] InnoDB: 10.4.32 started; log sequence number 866192; transaction id 367
2026-07-16 16:32:53 0 [Note] InnoDB: Loading buffer pool(s) from C:\xampp\mysql\data\ib_buffer_pool
2026-07-16 16:32:53 0 [Note] Plugin 'FEEDBACK' is disabled.
2026-07-16 16:32:53 0 [Note] InnoDB: Buffer pool(s) load completed at 260716 16:32:53
2026-07-16 16:32:53 0 [Note] Server socket created on IP: '::'.
2026-07-16 20:40:56 0 [Note] Starting MariaDB 10.4.32-MariaDB source revision c4143f909528e3fab0677a28631d10389354c491 as process 14312
2026-07-16 20:40:56 0 [ERROR] mysqld.exe: Index for table '.\mysql\db' is corrupt; try to repair it

***WARNING: .\mysql\db could not be opened: Error: 126
2026-07-16 20:40:56 0 [Note] mysqld.exe: Aria engine: starting recovery
recovered pages: 0% 100% (0.0 seconds); 
2026-07-16 20:40:56 0 [Note] mysqld.exe: Aria engine: recovery done
2026-07-16 20:40:56 0 [Note] InnoDB: Mutexes and rw_locks use Windows interlocked functions
2026-07-16 20:40:56 0 [Note] InnoDB: Uses event mutexes
2026-07-16 20:40:56 0 [Note] InnoDB: Compressed tables use zlib 1.3
2026-07-16 20:40:56 0 [Note] InnoDB: Number of pools: 1
2026-07-16 20:40:56 0 [Note] InnoDB: Using SSE2 crc32 instructions
2026-07-16 20:40:56 0 [Note] InnoDB: Initializing buffer pool, total size = 16M, instances = 1, chunk size = 16M
2026-07-16 20:40:56 0 [Note] InnoDB: Completed initialization of buffer pool
2026-07-16 20:40:56 0 [Note] InnoDB: Starting crash recovery from checkpoint LSN=4747099
2026-07-16 20:40:56 0 [Note] InnoDB: 128 out of 128 rollback segments are active.
2026-07-16 20:40:56 0 [Note] InnoDB: Removed temporary tablespace data file: "ibtmp1"
2026-07-16 20:40:56 0 [Note] InnoDB: Creating shared tablespace for temporary tables
2026-07-16 20:40:56 0 [Note] InnoDB: Setting file 'C:\xampp\mysql\data\ibtmp1' size to 12 MB. Physically writing the file full; Please wait ...
2026-07-16 20:40:56 0 [Note] InnoDB: File 'C:\xampp\mysql\data\ibtmp1' size is now 12 MB.
2026-07-16 20:40:56 0 [Note] InnoDB: Waiting for purge to start
2026-07-16 20:40:56 0 [Note] InnoDB: 10.4.32 started; log sequence number 4747108; transaction id 4338
2026-07-16 20:40:56 0 [Note] InnoDB: Loading buffer pool(s) from C:\xampp\mysql\data\ib_buffer_pool
2026-07-16 20:40:56 0 [Note] Plugin 'FEEDBACK' is disabled.
2026-07-16 20:40:56 0 [Note] InnoDB: Buffer pool(s) load completed at 260716 20:40:56
2026-07-16 20:40:56 0 [Note] Server socket created on IP: '::'.
2026-07-16 20:42:02 0 [Note] Starting MariaDB 10.4.32-MariaDB source revision c4143f909528e3fab0677a28631d10389354c491 as process 21160
2026-07-16 20:42:02 0 [Note] InnoDB: Mutexes and rw_locks use Windows interlocked functions
2026-07-16 20:42:02 0 [Note] InnoDB: Uses event mutexes
2026-07-16 20:42:02 0 [Note] InnoDB: Compressed tables use zlib 1.3
2026-07-16 20:42:02 0 [Note] InnoDB: Number of pools: 1
2026-07-16 20:42:02 0 [Note] InnoDB: Using SSE2 crc32 instructions
2026-07-16 20:42:02 0 [Note] InnoDB: Initializing buffer pool, total size = 16M, instances = 1, chunk size = 16M
2026-07-16 20:42:02 0 [Note] InnoDB: Completed initialization of buffer pool
2026-07-16 20:42:02 0 [Note] InnoDB: 128 out of 128 rollback segments are active.
2026-07-16 20:42:02 0 [Note] InnoDB: Creating shared tablespace for temporary tables
2026-07-16 20:42:02 0 [Note] InnoDB: Setting file 'C:\xampp\mysql\data\ibtmp1' size to 12 MB. Physically writing the file full; Please wait ...
2026-07-16 20:42:02 0 [Note] InnoDB: File 'C:\xampp\mysql\data\ibtmp1' size is now 12 MB.
2026-07-16 20:42:02 0 [Note] InnoDB: Waiting for purge to start
2026-07-16 20:42:02 0 [Note] InnoDB: 10.4.32 started; log sequence number 4747117; transaction id 4338
2026-07-16 20:42:02 0 [Note] InnoDB: Loading buffer pool(s) from C:\xampp\mysql\data\ib_buffer_pool
2026-07-16 20:42:02 0 [Note] Plugin 'FEEDBACK' is disabled.
2026-07-16 20:42:02 0 [Note] InnoDB: Buffer pool(s) load completed at 260716 20:42:02
2026-07-16 20:42:02 0 [Note] Server socket created on IP: '::'.
2026-07-16 20:42:33 0 [Note] Starting MariaDB 10.4.32-MariaDB source revision c4143f909528e3fab0677a28631d10389354c491 as process 15256
2026-07-16 20:42:33 0 [Note] InnoDB: Mutexes and rw_locks use Windows interlocked functions
2026-07-16 20:42:33 0 [Note] InnoDB: Uses event mutexes
2026-07-16 20:42:33 0 [Note] InnoDB: Compressed tables use zlib 1.3
2026-07-16 20:42:33 0 [Note] InnoDB: Number of pools: 1
2026-07-16 20:42:33 0 [Note] InnoDB: Using SSE2 crc32 instructions
2026-07-16 20:42:33 0 [Note] InnoDB: Initializing buffer pool, total size = 16M, instances = 1, chunk size = 16M
2026-07-16 20:42:33 0 [Note] InnoDB: Completed initialization of buffer pool
2026-07-16 20:42:33 0 [Note] InnoDB: 128 out of 128 rollback segments are active.
2026-07-16 20:42:33 0 [Note] InnoDB: Creating shared tablespace for temporary tables
2026-07-16 20:42:33 0 [Note] InnoDB: Setting file 'C:\xampp\mysql\data\ibtmp1' size to 12 MB. Physically writing the file full; Please wait ...
2026-07-16 20:42:33 0 [Note] InnoDB: File 'C:\xampp\mysql\data\ibtmp1' size is now 12 MB.
2026-07-16 20:42:33 0 [Note] InnoDB: Waiting for purge to start
2026-07-16 20:42:33 0 [Note] InnoDB: 10.4.32 started; log sequence number 4747126; transaction id 4338
2026-07-16 20:42:33 0 [Note] InnoDB: Loading buffer pool(s) from C:\xampp\mysql\data\ib_buffer_pool
2026-07-16 20:42:33 0 [Note] Plugin 'FEEDBACK' is disabled.
2026-07-16 20:42:33 0 [Note] InnoDB: Buffer pool(s) load completed at 260716 20:42:33
2026-07-16 20:42:33 0 [Note] Server socket created on IP: '::'.
2026-07-16 20:42:36 0 [Note] Starting MariaDB 10.4.32-MariaDB source revision c4143f909528e3fab0677a28631d10389354c491 as process 13648
2026-07-16 20:42:36 0 [Note] InnoDB: Mutexes and rw_locks use Windows interlocked functions
2026-07-16 20:42:36 0 [Note] InnoDB: Uses event mutexes
2026-07-16 20:42:36 0 [Note] InnoDB: Compressed tables use zlib 1.3
2026-07-16 20:42:36 0 [Note] InnoDB: Number of pools: 1
2026-07-16 20:42:36 0 [Note] InnoDB: Using SSE2 crc32 instructions
2026-07-16 20:42:36 0 [Note] InnoDB: Initializing buffer pool, total size = 16M, instances = 1, chunk size = 16M
2026-07-16 20:42:36 0 [Note] InnoDB: Completed initialization of buffer pool
2026-07-16 20:42:37 0 [Note] InnoDB: 128 out of 128 rollback segments are active.
2026-07-16 20:42:37 0 [Note] InnoDB: Creating shared tablespace for temporary tables
2026-07-16 20:42:37 0 [Note] InnoDB: Setting file 'C:\xampp\mysql\data\ibtmp1' size to 12 MB. Physically writing the file full; Please wait ...
2026-07-16 20:42:37 0 [Note] InnoDB: File 'C:\xampp\mysql\data\ibtmp1' size is now 12 MB.
2026-07-16 20:42:37 0 [Note] InnoDB: Waiting for purge to start
2026-07-16 20:42:37 0 [Note] InnoDB: 10.4.32 started; log sequence number 4747135; transaction id 4338
2026-07-16 20:42:37 0 [Note] InnoDB: Loading buffer pool(s) from C:\xampp\mysql\data\ib_buffer_pool
2026-07-16 20:42:37 0 [Note] Plugin 'FEEDBACK' is disabled.
2026-07-16 20:42:37 0 [Note] InnoDB: Buffer pool(s) load completed at 260716 20:42:37
2026-07-16 20:42:37 0 [Note] Server socket created on IP: '::'.
2026-07-16 21:05:08 0 [Note] Starting MariaDB 10.4.32-MariaDB source revision c4143f909528e3fab0677a28631d10389354c491 as process 7776
2026-07-16 21:05:08 0 [Note] InnoDB: Mutexes and rw_locks use Windows interlocked functions
2026-07-16 21:05:08 0 [Note] InnoDB: Uses event mutexes
2026-07-16 21:05:08 0 [Note] InnoDB: Compressed tables use zlib 1.3
2026-07-16 21:05:08 0 [Note] InnoDB: Number of pools: 1
2026-07-16 21:05:08 0 [Note] InnoDB: Using SSE2 crc32 instructions
2026-07-16 21:05:08 0 [Note] InnoDB: Initializing buffer pool, total size = 16M, instances = 1, chunk size = 16M
2026-07-16 21:05:08 0 [Note] InnoDB: Completed initialization of buffer pool
2026-07-16 21:05:08 0 [Note] InnoDB: 128 out of 128 rollback segments are active.
2026-07-16 21:05:08 0 [Note] InnoDB: Creating shared tablespace for temporary tables
2026-07-16 21:05:08 0 [Note] InnoDB: Setting file 'C:\xampp\mysql\data\ibtmp1' size to 12 MB. Physically writing the file full; Please wait ...
2026-07-16 21:05:08 0 [Note] InnoDB: File 'C:\xampp\mysql\data\ibtmp1' size is now 12 MB.
2026-07-16 21:05:08 0 [Note] InnoDB: Waiting for purge to start
2026-07-16 21:05:08 0 [Note] InnoDB: 10.4.32 started; log sequence number 4747144; transaction id 4338
2026-07-16 21:05:08 0 [Note] InnoDB: Loading buffer pool(s) from C:\xampp\mysql\data\ib_buffer_pool
2026-07-16 21:05:08 0 [Note] Plugin 'FEEDBACK' is disabled.
2026-07-16 21:05:08 0 [Note] InnoDB: Buffer pool(s) load completed at 260716 21:05:08
2026-07-16 21:05:08 0 [Note] Server socket created on IP: '::'.
2026-07-19 17:09:04 0 [Note] Starting MariaDB 10.4.32-MariaDB source revision c4143f909528e3fab0677a28631d10389354c491 as process 18264
2026-07-19 17:09:04 0 [Note] InnoDB: Mutexes and rw_locks use Windows interlocked functions
2026-07-19 17:09:04 0 [Note] InnoDB: Uses event mutexes
2026-07-19 17:09:04 0 [Note] InnoDB: Compressed tables use zlib 1.3
2026-07-19 17:09:04 0 [Note] InnoDB: Number of pools: 1
2026-07-19 17:09:04 0 [Note] InnoDB: Using SSE2 crc32 instructions
2026-07-19 17:09:04 0 [Note] InnoDB: Initializing buffer pool, total size = 16M, instances = 1, chunk size = 16M
2026-07-19 17:09:04 0 [Note] InnoDB: Completed initialization of buffer pool
2026-07-19 17:09:04 0 [Note] InnoDB: Starting crash recovery from checkpoint LSN=8235585
2026-07-19 17:09:04 0 [Note] InnoDB: Resizing redo log from 2*50331648 to 2*5242880 bytes; LSN=8235603
2026-07-19 17:09:04 0 [Note] InnoDB: Starting to delete and rewrite log files.
2026-07-19 17:09:04 0 [Note] InnoDB: Setting log file C:\xampp\mysql\data\ib_logfile101 size to 5242880 bytes
2026-07-19 17:09:04 0 [Note] InnoDB: Setting log file C:\xampp\mysql\data\ib_logfile1 size to 5242880 bytes
2026-07-19 17:09:04 0 [Note] InnoDB: Renaming log file C:\xampp\mysql\data\ib_logfile101 to C:\xampp\mysql\data\ib_logfile0
2026-07-19 17:09:04 0 [Note] InnoDB: New log files created, LSN=8235603
2026-07-19 17:09:04 0 [ERROR] InnoDB: Operating system error number 3 in a file operation.
2026-07-19 17:09:04 0 [ERROR] InnoDB: The error means the system cannot find the path specified.
2026-07-19 17:09:04 0 [ERROR] InnoDB: If you are installing InnoDB, remember that you must create directories yourself, InnoDB does not create them.
2026-07-19 17:09:04 0 [ERROR] InnoDB: Cannot open datafile for read-only: '.\moodle_db\FTS_00000000000001b3_0000000000000553_INDEX_1.ibd' OS error: 203
2026-07-19 17:09:04 0 [ERROR] InnoDB: Operating system error number 203 in a file operation.
2026-07-19 17:09:04 0 [Note] InnoDB: Some operating system error numbers are described at https://mariadb.com/kb/en/library/operating-system-error-codes/
2026-07-19 17:09:04 0 [ERROR] InnoDB: Could not find a valid tablespace file for ``moodle_db`.`FTS_00000000000001b3_0000000000000553_INDEX_1``. Please refer to https://mariadb.com/kb/en/innodb-data-dictionary-troubleshooting/ for how to resolve the issue.
2026-07-19 17:09:04 0 [Warning] InnoDB: Ignoring tablespace for `moodle_db`.`FTS_00000000000001b3_0000000000000553_INDEX_1` because it could not be opened.
2026-07-19 17:09:04 0 [ERROR] InnoDB: Operating system error number 3 in a file operation.
2026-07-19 17:09:04 0 [ERROR] InnoDB: The error means the system cannot find the path specified.
2026-07-19 17:09:04 0 [ERROR] InnoDB: If you are installing InnoDB, remember that you must create directories yourself, InnoDB does not create them.
2026-07-19 17:09:04 0 [ERROR] InnoDB: Cannot open datafile for read-only: '.\moodle_db\FTS_00000000000001b3_0000000000000553_INDEX_2.ibd' OS error: 203
2026-07-19 17:09:04 0 [ERROR] InnoDB: Operating system error number 203 in a file operation.
2026-07-19 17:09:04 0 [Note] InnoDB: Some operating system error numbers are described at https://mariadb.com/kb/en/library/operating-system-error-codes/
2026-07-19 17:09:04 0 [ERROR] InnoDB: Could not find a valid tablespace file for ``moodle_db`.`FTS_00000000000001b3_0000000000000553_INDEX_2``. Please refer to https://mariadb.com/kb/en/innodb-data-dictionary-troubleshooting/ for how to resolve the issue.
2026-07-19 17:09:04 0 [Warning] InnoDB: Ignoring tablespace for `moodle_db`.`FTS_00000000000001b3_0000000000000553_INDEX_2` because it could not be opened.
2026-07-19 17:09:04 0 [ERROR] InnoDB: Operating system error number 3 in a file operation.
2026-07-19 17:09:04 0 [ERROR] InnoDB: The error means the system cannot find the path specified.
2026-07-19 17:09:04 0 [ERROR] InnoDB: If you are installing InnoDB, remember that you must create directories yourself, InnoDB does not create them.
2026-07-19 17:09:04 0 [ERROR] InnoDB: Cannot open datafile for read-only: '.\moodle_db\FTS_00000000000001b3_0000000000000553_INDEX_3.ibd' OS error: 203
2026-07-19 17:09:04 0 [ERROR] InnoDB: Operating system error number 203 in a file operation.
2026-07-19 17:09:04 0 [Note] InnoDB: Some operating system error numbers are described at https://mariadb.com/kb/en/library/operating-system-error-codes/
2026-07-19 17:09:04 0 [ERROR] InnoDB: Could not find a valid tablespace file for ``moodle_db`.`FTS_00000000000001b3_0000000000000553_INDEX_3``. Please refer to https://mariadb.com/kb/en/innodb-data-dictionary-troubleshooting/ for how to resolve the issue.
2026-07-19 17:09:04 0 [Warning] InnoDB: Ignoring tablespace for `moodle_db`.`FTS_00000000000001b3_0000000000000553_INDEX_3` because it could not be opened.
2026-07-19 17:09:04 0 [ERROR] InnoDB: Operating system error number 3 in a file operation.
2026-07-19 17:09:04 0 [ERROR] InnoDB: The error means the system cannot find the path specified.
2026-07-19 17:09:04 0 [ERROR] InnoDB: If you are installing InnoDB, remember that you must create directories yourself, InnoDB does not create them.
2026-07-19 17:09:04 0 [ERROR] InnoDB: Cannot open datafile for read-only: '.\moodle_db\FTS_00000000000001b3_0000000000000553_INDEX_4.ibd' OS error: 203
2026-07-19 17:09:04 0 [ERROR] InnoDB: Operating system error number 203 in a file operation.
2026-07-19 17:09:04 0 [Note] InnoDB: Some operating system error numbers are described at https://mariadb.com/kb/en/library/operating-system-error-codes/
2026-07-19 17:09:04 0 [ERROR] InnoDB: Could not find a valid tablespace file for ``moodle_db`.`FTS_00000000000001b3_0000000000000553_INDEX_4``. Please refer to https://mariadb.com/kb/en/innodb-data-dictionary-troubleshooting/ for how to resolve the issue.
2026-07-19 17:09:04 0 [Warning] InnoDB: Ignoring tablespace for `moodle_db`.`FTS_00000000000001b3_0000000000000553_INDEX_4` because it could not be opened.
2026-07-19 17:09:04 0 [ERROR] InnoDB: Operating system error number 3 in a file operation.
2026-07-19 17:09:04 0 [ERROR] InnoDB: The error means the system cannot find the path specified.
2026-07-19 17:09:04 0 [ERROR] InnoDB: If you are installing InnoDB, remember that you must create directories yourself, InnoDB does not create them.
2026-07-19 17:09:04 0 [ERROR] InnoDB: Cannot open datafile for read-only: '.\moodle_db\FTS_00000000000001b3_0000000000000553_INDEX_5.ibd' OS error: 203
2026-07-19 17:09:04 0 [ERROR] InnoDB: Operating system error number 203 in a file operation.
2026-07-19 17:09:04 0 [Note] InnoDB: Some operating system error numbers are described at https://mariadb.com/kb/en/library/operating-system-error-codes/
2026-07-19 17:09:04 0 [ERROR] InnoDB: Could not find a valid tablespace file for ``moodle_db`.`FTS_00000000000001b3_0000000000000553_INDEX_5``. Please refer to https://mariadb.com/kb/en/innodb-data-dictionary-troubleshooting/ for how to resolve the issue.
2026-07-19 17:09:04 0 [Warning] InnoDB: Ignoring tablespace for `moodle_db`.`FTS_00000000000001b3_0000000000000553_INDEX_5` because it could not be opened.
2026-07-19 17:09:04 0 [ERROR] InnoDB: Operating system error number 3 in a file operation.
2026-07-19 17:09:04 0 [ERROR] InnoDB: The error means the system cannot find the path specified.
2026-07-19 17:09:04 0 [ERROR] InnoDB: If you are installing InnoDB, remember that you must create directories yourself, InnoDB does not create them.
2026-07-19 17:09:04 0 [ERROR] InnoDB: Cannot open datafile for read-only: '.\moodle_db\FTS_00000000000001b3_0000000000000553_INDEX_6.ibd' OS error: 203
2026-07-19 17:09:04 0 [ERROR] InnoDB: Operating system error number 203 in a file operation.
2026-07-19 17:09:04 0 [Note] InnoDB: Some operating system error numbers are described at https://mariadb.com/kb/en/library/operating-system-error-codes/
2026-07-19 17:09:04 0 [ERROR] InnoDB: Could not find a valid tablespace file for ``moodle_db`.`FTS_00000000000001b3_0000000000000553_INDEX_6``. Please refer to https://mariadb.com/kb/en/innodb-data-dictionary-troubleshooting/ for how to resolve the issue.
2026-07-19 17:09:04 0 [Warning] InnoDB: Ignoring tablespace for `moodle_db`.`FTS_00000000000001b3_0000000000000553_INDEX_6` because it could not be opened.
2026-07-19 17:09:04 0 [ERROR] InnoDB: Operating system error number 3 in a file operation.
2026-07-19 17:09:04 0 [ERROR] InnoDB: The error means the system cannot find the path specified.
2026-07-19 17:09:04 0 [ERROR] InnoDB: If you are installing InnoDB, remember that you must create directories yourself, InnoDB does not create them.
2026-07-19 17:09:04 0 [ERROR] InnoDB: Cannot open datafile for read-only: '.\moodle_db\FTS_00000000000001b3_BEING_DELETED.ibd' OS error: 203
2026-07-19 17:09:04 0 [ERROR] InnoDB: Operating system error number 203 in a file operation.
2026-07-19 17:09:04 0 [Note] InnoDB: Some operating system error numbers are described at https://mariadb.com/kb/en/library/operating-system-error-codes/
2026-07-19 17:09:04 0 [ERROR] InnoDB: Could not find a valid tablespace file for ``moodle_db`.`FTS_00000000000001b3_BEING_DELETED``. Please refer to https://mariadb.com/kb/en/innodb-data-dictionary-troubleshooting/ for how to resolve the issue.
2026-07-19 17:09:04 0 [Warning] InnoDB: Ignoring tablespace for `moodle_db`.`FTS_00000000000001b3_BEING_DELETED` because it could not be opened.
2026-07-19 17:09:04 0 [ERROR] InnoDB: Operating system error number 3 in a file operation.
2026-07-19 17:09:04 0 [ERROR] InnoDB: The error means the system cannot find the path specified.
2026-07-19 17:09:04 0 [ERROR] InnoDB: If you are installing InnoDB, remember that you must create directories yourself, InnoDB does not create them.
2026-07-19 17:09:04 0 [ERROR] InnoDB: Cannot open datafile for read-only: '.\moodle_db\FTS_00000000000001b3_BEING_DELETED_CACHE.ibd' OS error: 203
2026-07-19 17:09:04 0 [ERROR] InnoDB: Operating system error number 203 in a file operation.
2026-07-19 17:09:04 0 [Note] InnoDB: Some operating system error numbers are described at https://mariadb.com/kb/en/library/operating-system-error-codes/
2026-07-19 17:09:04 0 [ERROR] InnoDB: Could not find a valid tablespace file for ``moodle_db`.`FTS_00000000000001b3_BEING_DELETED_CACHE``. Please refer to https://mariadb.com/kb/en/innodb-data-dictionary-troubleshooting/ for how to resolve the issue.
2026-07-19 17:09:04 0 [Warning] InnoDB: Ignoring tablespace for `moodle_db`.`FTS_00000000000001b3_BEING_DELETED_CACHE` because it could not be opened.
2026-07-19 17:09:04 0 [ERROR] InnoDB: Operating system error number 3 in a file operation.
2026-07-19 17:09:04 0 [ERROR] InnoDB: The error means the system cannot find the path specified.
2026-07-19 17:09:04 0 [ERROR] InnoDB: If you are installing InnoDB, remember that you must create directories yourself, InnoDB does not create them.
2026-07-19 17:09:04 0 [ERROR] InnoDB: Cannot open datafile for read-only: '.\moodle_db\FTS_00000000000001b3_CONFIG.ibd' OS error: 203
2026-07-19 17:09:04 0 [ERROR] InnoDB: Operating system error number 203 in a file operation.
2026-07-19 17:09:04 0 [Note] InnoDB: Some operating system error numbers are described at https://mariadb.com/kb/en/library/operating-system-error-codes/
2026-07-19 17:09:04 0 [ERROR] InnoDB: Could not find a valid tablespace file for ``moodle_db`.`FTS_00000000000001b3_CONFIG``. Please refer to https://mariadb.com/kb/en/innodb-data-dictionary-troubleshooting/ for how to resolve the issue.
2026-07-19 17:09:04 0 [Warning] InnoDB: Ignoring tablespace for `moodle_db`.`FTS_00000000000001b3_CONFIG` because it could not be opened.
2026-07-19 17:09:04 0 [ERROR] InnoDB: Operating system error number 3 in a file operation.
2026-07-19 17:09:04 0 [ERROR] InnoDB: The error means the system cannot find the path specified.
2026-07-19 17:09:04 0 [ERROR] InnoDB: If you are installing InnoDB, remember that you must create directories yourself, InnoDB does not create them.
2026-07-19 17:09:04 0 [ERROR] InnoDB: Cannot open datafile for read-only: '.\moodle_db\FTS_00000000000001b3_DELETED.ibd' OS error: 203
2026-07-19 17:09:04 0 [ERROR] InnoDB: Operating system error number 203 in a file operation.
2026-07-19 17:09:04 0 [Note] InnoDB: Some operating system error numbers are described at https://mariadb.com/kb/en/library/operating-system-error-codes/
2026-07-19 17:09:04 0 [ERROR] InnoDB: Could not find a valid tablespace file for ``moodle_db`.`FTS_00000000000001b3_DELETED``. Please refer to https://mariadb.com/kb/en/innodb-data-dictionary-troubleshooting/ for how to resolve the issue.
2026-07-19 17:09:04 0 [Warning] InnoDB: Ignoring tablespace for `moodle_db`.`FTS_00000000000001b3_DELETED` because it could not be opened.
2026-07-19 17:09:04 0 [ERROR] InnoDB: Operating system error number 3 in a file operation.
2026-07-19 17:09:04 0 [ERROR] InnoDB: The error means the system cannot find the path specified.
2026-07-19 17:09:04 0 [ERROR] InnoDB: If you are installing InnoDB, remember that you must create directories yourself, InnoDB does not create them.
2026-07-19 17:09:04 0 [ERROR] InnoDB: Cannot open datafile for read-only: '.\moodle_db\FTS_00000000000001b3_DELETED_CACHE.ibd' OS error: 203
2026-07-19 17:09:04 0 [ERROR] InnoDB: Operating system error number 203 in a file operation.
2026-07-19 17:09:04 0 [Note] InnoDB: Some operating system error numbers are described at https://mariadb.com/kb/en/library/operating-system-error-codes/
2026-07-19 17:09:04 0 [ERROR] InnoDB: Could not find a valid tablespace file for ``moodle_db`.`FTS_00000000000001b3_DELETED_CACHE``. Please refer to https://mariadb.com/kb/en/innodb-data-dictionary-troubleshooting/ for how to resolve the issue.
2026-07-19 17:09:04 0 [Warning] InnoDB: Ignoring tablespace for `moodle_db`.`FTS_00000000000001b3_DELETED_CACHE` because it could not be opened.
2026-07-19 17:09:04 0 [ERROR] InnoDB: Operating system error number 3 in a file operation.
2026-07-19 17:09:04 0 [ERROR] InnoDB: The error means the system cannot find the path specified.
2026-07-19 17:09:04 0 [ERROR] InnoDB: If you are installing InnoDB, remember that you must create directories yourself, InnoDB does not create them.
2026-07-19 17:09:04 0 [ERROR] InnoDB: Cannot open datafile for read-only: '.\moodle_db\about_us_faqs.ibd' OS error: 203
2026-07-19 17:09:04 0 [ERROR] InnoDB: Operating system error number 203 in a file operation.
2026-07-19 17:09:04 0 [Note] InnoDB: Some operating system error numbers are described at https://mariadb.com/kb/en/library/operating-system-error-codes/
2026-07-19 17:09:04 0 [ERROR] InnoDB: Could not find a valid tablespace file for ``moodle_db`.`about_us_faqs``. Please refer to https://mariadb.com/kb/en/innodb-data-dictionary-troubleshooting/ for how to resolve the issue.
2026-07-19 17:09:04 0 [Warning] InnoDB: Ignoring tablespace for `moodle_db`.`about_us_faqs` because it could not be opened.
2026-07-19 17:09:04 0 [ERROR] InnoDB: Operating system error number 3 in a file operation.
2026-07-19 17:09:04 0 [ERROR] InnoDB: The error means the system cannot find the path specified.
2026-07-19 17:09:04 0 [ERROR] InnoDB: If you are installing InnoDB, remember that you must create directories yourself, InnoDB does not create them.
2026-07-19 17:09:04 0 [ERROR] InnoDB: Cannot open datafile for read-only: '.\moodle_db\about_us_pages.ibd' OS error: 203
2026-07-19 17:09:04 0 [ERROR] InnoDB: Operating system error number 203 in a file operation.
2026-07-19 17:09:04 0 [Note] InnoDB: Some operating system error numbers are described at https://mariadb.com/kb/en/library/operating-system-error-codes/
2026-07-19 17:09:04 0 [ERROR] InnoDB: Could not find a valid tablespace file for ``moodle_db`.`about_us_pages``. Please refer to https://mariadb.com/kb/en/innodb-data-dictionary-troubleshooting/ for how to resolve the issue.
2026-07-19 17:09:04 0 [Warning] InnoDB: Ignoring tablespace for `moodle_db`.`about_us_pages` because it could not be opened.
2026-07-19 17:09:04 0 [ERROR] InnoDB: Operating system error number 3 in a file operation.
2026-07-19 17:09:04 0 [ERROR] InnoDB: The error means the system cannot find the path specified.
2026-07-19 17:09:04 0 [ERROR] InnoDB: If you are installing InnoDB, remember that you must create directories yourself, InnoDB does not create them.
2026-07-19 17:09:04 0 [ERROR] InnoDB: Cannot open datafile for read-only: '.\moodle_db\about_us_partners.ibd' OS error: 203
2026-07-19 17:09:04 0 [ERROR] InnoDB: Operating system error number 203 in a file operation.
2026-07-19 17:09:04 0 [Note] InnoDB: Some operating system error numbers are described at https://mariadb.com/kb/en/library/operating-system-error-codes/
2026-07-19 17:09:04 0 [ERROR] InnoDB: Could not find a valid tablespace file for ``moodle_db`.`about_us_partners``. Please refer to https://mariadb.com/kb/en/innodb-data-dictionary-troubleshooting/ for how to resolve the issue.
2026-07-19 17:09:04 0 [Warning] InnoDB: Ignoring tablespace for `moodle_db`.`about_us_partners` because it could not be opened.
2026-07-19 17:09:04 0 [ERROR] InnoDB: Operating system error number 3 in a file operation.
2026-07-19 17:09:04 0 [ERROR] InnoDB: The error means the system cannot find the path specified.
2026-07-19 17:09:04 0 [ERROR] InnoDB: If you are installing InnoDB, remember that you must create directories yourself, InnoDB does not create them.
2026-07-19 17:09:04 0 [ERROR] InnoDB: Cannot open datafile for read-only: '.\moodle_db\about_us_teams.ibd' OS error: 203
2026-07-19 17:09:04 0 [ERROR] InnoDB: Operating system error number 203 in a file operation.
2026-07-19 17:09:04 0 [Note] InnoDB: Some operating system error numbers are described at https://mariadb.com/kb/en/library/operating-system-error-codes/
2026-07-19 17:09:04 0 [ERROR] InnoDB: Could not find a valid tablespace file for ``moodle_db`.`about_us_teams``. Please refer to https://mariadb.com/kb/en/innodb-data-dictionary-troubleshooting/ for how to resolve the issue.
2026-07-19 17:09:04 0 [Warning] InnoDB: Ignoring tablespace for `moodle_db`.`about_us_teams` because it could not be opened.
2026-07-19 17:09:04 0 [ERROR] InnoDB: Operating system error number 3 in a file operation.
2026-07-19 17:09:04 0 [ERROR] InnoDB: The error means the system cannot find the path specified.
2026-07-19 17:09:04 0 [ERROR] InnoDB: If you are installing InnoDB, remember that you must create directories yourself, InnoDB does not create them.
2026-07-19 17:09:04 0 [ERROR] InnoDB: Cannot open datafile for read-only: '.\moodle_db\adminpresets.ibd' OS error: 203
2026-07-19 17:09:04 0 [ERROR] InnoDB: Operating system error number 203 in a file operation.
2026-07-19 17:09:04 0 [Note] InnoDB: Some operating system error numbers are described at https://mariadb.com/kb/en/library/operating-system-error-codes/
2026-07-19 17:09:04 0 [ERROR] InnoDB: Could not find a valid tablespace file for ``moodle_db`.`adminpresets``. Please refer to https://mariadb.com/kb/en/innodb-data-dictionary-troubleshooting/ for how to resolve the issue.
2026-07-19 17:09:04 0 [Warning] InnoDB: Ignoring tablespace for `moodle_db`.`adminpresets` because it could not be opened.
2026-07-19 17:09:04 0 [ERROR] InnoDB: Operating system error number 3 in a file operation.
2026-07-19 17:09:04 0 [ERROR] InnoDB: The error means the system cannot find the path specified.
2026-07-19 17:09:04 0 [ERROR] InnoDB: If you are installing InnoDB, remember that you must create directories yourself, InnoDB does not create them.
2026-07-19 17:09:04 0 [ERROR] InnoDB: Cannot open datafile for read-only: '.\moodle_db\adminpresets_app.ibd' OS error: 203
2026-07-19 17:09:04 0 [ERROR] InnoDB: Operating system error number 203 in a file operation.
2026-07-19 17:09:04 0 [Note] InnoDB: Some operating system error numbers are described at https://mariadb.com/kb/en/library/operating-system-error-codes/
2026-07-19 17:09:04 0 [ERROR] InnoDB: Could not find a valid tablespace file for ``moodle_db`.`adminpresets_app``. Please refer to https://mariadb.com/kb/en/innodb-data-dictionary-troubleshooting/ for how to resolve the issue.
2026-07-19 17:09:04 0 [Warning] InnoDB: Ignoring tablespace for `moodle_db`.`adminpresets_app` because it could not be opened.
2026-07-19 17:09:04 0 [ERROR] InnoDB: Operating system error number 3 in a file operation.
2026-07-19 17:09:04 0 [ERROR] InnoDB: The error means the system cannot find the path specified.
2026-07-19 17:09:04 0 [ERROR] InnoDB: If you are installing InnoDB, remember that you must create directories yourself, InnoDB does not create them.
2026-07-19 17:09:04 0 [ERROR] InnoDB: Cannot open datafile for read-only: '.\moodle_db\adminpresets_app_it.ibd' OS error: 203
2026-07-19 17:09:04 0 [ERROR] InnoDB: Operating system error number 203 in a file operation.
2026-07-19 17:09:04 0 [Note] InnoDB: Some operating system error numbers are described at https://mariadb.com/kb/en/library/operating-system-error-codes/
2026-07-19 17:09:04 0 [ERROR] InnoDB: Could not find a valid tablespace file for ``moodle_db`.`adminpresets_app_it``. Please refer to https://mariadb.com/kb/en/innodb-data-dictionary-troubleshooting/ for how to resolve the issue.
2026-07-19 17:09:04 0 [Warning] InnoDB: Ignoring tablespace for `moodle_db`.`adminpresets_app_it` because it could not be opened.
2026-07-19 17:09:04 0 [ERROR] InnoDB: Operating system error number 3 in a file operation.
2026-07-19 17:09:04 0 [ERROR] InnoDB: The error means the system cannot find the path specified.
2026-07-19 17:09:04 0 [ERROR] InnoDB: If you are installing InnoDB, remember that you must create directories yourself, InnoDB does not create them.
2026-07-19 17:09:04 0 [ERROR] InnoDB: Cannot open datafile for read-only: '.\moodle_db\adminpresets_app_it_a.ibd' OS error: 203
2026-07-19 17:09:04 0 [ERROR] InnoDB: Operating system error number 203 in a file operation.
2026-07-19 17:09:04 0 [Note] InnoDB: Some operating system error numbers are described at https://mariadb.com/kb/en/library/operating-system-error-codes/
2026-07-19 17:09:04 0 [ERROR] InnoDB: Could not find a valid tablespace file for ``moodle_db`.`adminpresets_app_it_a``. Please refer to https://mariadb.com/kb/en/innodb-data-dictionary-troubleshooting/ for how to resolve the issue.
2026-07-19 17:09:04 0 [Warning] InnoDB: Ignoring tablespace for `moodle_db`.`adminpresets_app_it_a` because it could not be opened.
2026-07-19 17:09:04 0 [ERROR] InnoDB: Operating system error number 3 in a file operation.
2026-07-19 17:09:04 0 [ERROR] InnoDB: The error means the system cannot find the path specified.
2026-07-19 17:09:04 0 [ERROR] InnoDB: If you are installing InnoDB, remember that you must create directories yourself, InnoDB does not create them.
2026-07-19 17:09:04 0 [ERROR] InnoDB: Cannot open datafile for read-only: '.\moodle_db\adminpresets_app_plug.ibd' OS error: 203
2026-07-19 17:09:04 0 [ERROR] InnoDB: Operating system error number 203 in a file operation.
2026-07-19 17:09:04 0 [Note] InnoDB: Some operating system error numbers are described at https://mariadb.com/kb/en/library/operating-system-error-codes/
2026-07-19 17:09:04 0 [ERROR] InnoDB: Could not find a valid tablespace file for ``moodle_db`.`adminpresets_app_plug``. Please refer to https://mariadb.com/kb/en/innodb-data-dictionary-troubleshooting/ for how to resolve the issue.
2026-07-19 17:09:04 0 [Warning] InnoDB: Ignoring tablespace for `moodle_db`.`adminpresets_app_plug` because it could not be opened.
2026-07-19 17:09:04 0 [ERROR] InnoDB: Operating system error number 3 in a file operation.
2026-07-19 17:09:04 0 [ERROR] InnoDB: The error means the system cannot find the path specified.
2026-07-19 17:09:04 0 [ERROR] InnoDB: If you are installing InnoDB, remember that you must create directories yourself, InnoDB does not create them.
2026-07-19 17:09:04 0 [ERROR] InnoDB: Cannot open datafile for read-only: '.\moodle_db\adminpresets_it.ibd' OS error: 203
2026-07-19 17:09:04 0 [ERROR] InnoDB: Operating system error number 203 in a file operation.
2026-07-19 17:09:04 0 [Note] InnoDB: Some operating system error numbers are described at https://mariadb.com/kb/en/library/operating-system-error-codes/
2026-07-19 17:09:04 0 [ERROR] InnoDB: Could not find a valid tablespace file for ``moodle_db`.`adminpresets_it``. Please refer to https://mariadb.com/kb/en/innodb-data-dictionary-troubleshooting/ for how to resolve the issue.
2026-07-19 17:09:04 0 [Warning] InnoDB: Ignoring tablespace for `moodle_db`.`adminpresets_it` because it could not be opened.
2026-07-19 17:09:04 0 [ERROR] InnoDB: Operating system error number 3 in a file operation.
2026-07-19 17:09:04 0 [ERROR] InnoDB: The error means the system cannot find the path specified.
2026-07-19 17:09:04 0 [ERROR] InnoDB: If you are installing InnoDB, remember that you must create directories yourself, InnoDB does not create them.
2026-07-19 17:09:04 0 [ERROR] InnoDB: Cannot open datafile for read-only: '.\moodle_db\adminpresets_it_a.ibd' OS error: 203
2026-07-19 17:09:04 0 [ERROR] InnoDB: Operating system error number 203 in a file operation.
2026-07-19 17:09:04 0 [Note] InnoDB: Some operating system error numbers are described at https://mariadb.com/kb/en/library/operating-system-error-codes/
2026-07-19 17:09:04 0 [ERROR] InnoDB: Could not find a valid tablespace file for ``moodle_db`.`adminpresets_it_a``. Please refer to https://mariadb.com/kb/en/innodb-data-dictionary-troubleshooting/ for how to resolve the issue.
2026-07-19 17:09:04 0 [Warning] InnoDB: Ignoring tablespace for `moodle_db`.`adminpresets_it_a` because it could not be opened.
2026-07-19 17:09:04 0 [ERROR] InnoDB: Operating system error number 3 in a file operation.
2026-07-19 17:09:04 0 [ERROR] InnoDB: The error means the system cannot find the path specified.
2026-07-19 17:09:04 0 [ERROR] InnoDB: If you are installing InnoDB, remember that you must create directories yourself, InnoDB does not create them.
2026-07-19 17:09:04 0 [ERROR] InnoDB: Cannot open datafile for read-only: '.\moodle_db\adminpresets_plug.ibd' OS error: 203
2026-07-19 17:09:04 0 [ERROR] InnoDB: Operating system error number 203 in a file operation.
2026-07-19 17:09:04 0 [Note] InnoDB: Some operating system error numbers are described at https://mariadb.com/kb/en/library/operating-system-error-codes/
2026-07-19 17:09:04 0 [ERROR] InnoDB: Could not find a valid tablespace file for ``moodle_db`.`adminpresets_plug``. Please refer to https://mariadb.com/kb/en/innodb-data-dictionary-troubleshooting/ for how to resolve the issue.
2026-07-19 17:09:04 0 [Warning] InnoDB: Ignoring tablespace for `moodle_db`.`adminpresets_plug` because it could not be opened.
2026-07-19 17:09:04 0 [ERROR] InnoDB: Operating system error number 3 in a file operation.
2026-07-19 17:09:04 0 [ERROR] InnoDB: The error means the system cannot find the path specified.
2026-07-19 17:09:04 0 [ERROR] InnoDB: If you are installing InnoDB, remember that you must create directories yourself, InnoDB does not create them.
2026-07-19 17:09:04 0 [ERROR] InnoDB: Cannot open datafile for read-only: '.\moodle_db\ai_action_explain_text.ibd' OS error: 203
2026-07-19 17:09:04 0 [ERROR] InnoDB: Operating system error number 203 in a file operation.
2026-07-19 17:09:04 0 [Note] InnoDB: Some operating system error numbers are described at https://mariadb.com/kb/en/library/operating-system-error-codes/
2026-07-19 17:09:04 0 [ERROR] InnoDB: Could not find a valid tablespace file for ``moodle_db`.`ai_action_explain_text``. Please refer to https://mariadb.com/kb/en/innodb-data-dictionary-troubleshooting/ for how to resolve the issue.
2026-07-19 17:09:04 0 [Warning] InnoDB: Ignoring tablespace for `moodle_db`.`ai_action_explain_text` because it could not be opened.
2026-07-19 17:09:04 0 [ERROR] InnoDB: Operating system error number 3 in a file operation.
2026-07-19 17:09:04 0 [ERROR] InnoDB: The error means the system cannot find the path specified.
2026-07-19 17:09:04 0 [ERROR] InnoDB: If you are installing InnoDB, remember that you must create directories yourself, InnoDB does not create them.
2026-07-19 17:09:04 0 [ERROR] InnoDB: Cannot open datafile for read-only: '.\moodle_db\ai_action_generate_image.ibd' OS error: 203
2026-07-19 17:09:04 0 [ERROR] InnoDB: Operating system error number 203 in a file operation.
2026-07-19 17:09:04 0 [Note] InnoDB: Some operating system error numbers are described at https://mariadb.com/kb/en/library/operating-system-error-codes/
2026-07-19 17:09:04 0 [ERROR] InnoDB: Could not find a valid tablespace file for ``moodle_db`.`ai_action_generate_image``. Please refer to https://mariadb.com/kb/en/innodb-data-dictionary-troubleshooting/ for how to resolve the issue.
2026-07-19 17:09:04 0 [Warning] InnoDB: Ignoring tablespace for `moodle_db`.`ai_action_generate_image` because it could not be opened.
2026-07-19 17:09:04 0 [ERROR] InnoDB: Operating system error number 3 in a file operation.
2026-07-19 17:09:04 0 [ERROR] InnoDB: The error means the system cannot find the path specified.
2026-07-19 17:09:04 0 [ERROR] InnoDB: If you are installing InnoDB, remember that you must create directories yourself, InnoDB does not create them.
2026-07-19 17:09:04 0 [ERROR] InnoDB: Cannot open datafile for read-only: '.\moodle_db\ai_action_generate_text.ibd' OS error: 203
2026-07-19 17:09:04 0 [ERROR] InnoDB: Operating system error number 203 in a file operation.
2026-07-19 17:09:04 0 [Note] InnoDB: Some operating system error numbers are described at https://mariadb.com/kb/en/library/operating-system-error-codes/
2026-07-19 17:09:04 0 [ERROR] InnoDB: Could not find a valid tablespace file for ``moodle_db`.`ai_action_generate_text``. Please refer to https://mariadb.com/kb/en/innodb-data-dictionary-troubleshooting/ for how to resolve the issue.
2026-07-19 17:09:04 0 [Warning] InnoDB: Ignoring tablespace for `moodle_db`.`ai_action_generate_text` because it could not be opened.
2026-07-19 17:09:04 0 [ERROR] InnoDB: Operating system error number 3 in a file operation.
2026-07-19 17:09:04 0 [ERROR] InnoDB: The error means the system cannot find the path specified.
2026-07-19 17:09:04 0 [ERROR] InnoDB: If you are installing InnoDB, remember that you must create directories yourself, InnoDB does not create them.
2026-07-19 17:09:04 0 [ERROR] InnoDB: Cannot open datafile for read-only: '.\moodle_db\ai_action_register.ibd' OS error: 203
2026-07-19 17:09:04 0 [ERROR] InnoDB: Operating system error number 203 in a file operation.
2026-07-19 17:09:04 0 [Note] InnoDB: Some operating system error numbers are described at https://mariadb.com/kb/en/library/operating-system-error-codes/
2026-07-19 17:09:04 0 [ERROR] InnoDB: Could not find a valid tablespace file for ``moodle_db`.`ai_action_register``. Please refer to https://mariadb.com/kb/en/innodb-data-dictionary-troubleshooting/ for how to resolve the issue.
2026-07-19 17:09:04 0 [Warning] InnoDB: Ignoring tablespace for `moodle_db`.`ai_action_register` because it could not be opened.
2026-07-19 17:09:04 0 [ERROR] InnoDB: Operating system error number 3 in a file operation.
2026-07-19 17:09:04 0 [ERROR] InnoDB: The error means the system cannot find the path specified.
2026-07-19 17:09:04 0 [ERROR] InnoDB: If you are installing InnoDB, remember that you must create directories yourself, InnoDB does not create them.
2026-07-19 17:09:04 0 [ERROR] InnoDB: Cannot open datafile for read-only: '.\moodle_db\ai_action_summarise_text.ibd' OS error: 203
2026-07-19 17:09:04 0 [ERROR] InnoDB: Operating system error number 203 in a file operation.
2026-07-19 17:09:04 0 [Note] InnoDB: Some operating system error numbers are described at https://mariadb.com/kb/en/library/operating-system-error-codes/
2026-07-19 17:09:04 0 [ERROR] InnoDB: Could not find a valid tablespace file for ``moodle_db`.`ai_action_summarise_text``. Please refer to https://mariadb.com/kb/en/innodb-data-dictionary-troubleshooting/ for how to resolve the issue.
2026-07-19 17:09:04 0 [Warning] InnoDB: Ignoring tablespace for `moodle_db`.`ai_action_summarise_text` because it could not be opened.
2026-07-19 17:09:04 0 [ERROR] InnoDB: Operating system error number 3 in a file operation.
2026-07-19 17:09:04 0 [ERROR] InnoDB: The error means the system cannot find the path specified.
2026-07-19 17:09:04 0 [ERROR] InnoDB: If you are installing InnoDB, remember that you must create directories yourself, InnoDB does not create them.
2026-07-19 17:09:04 0 [ERROR] InnoDB: Cannot open datafile for read-only: '.\moodle_db\ai_policy_register.ibd' OS error: 203
2026-07-19 17:09:04 0 [ERROR] InnoDB: Operating system error number 203 in a file operation.
2026-07-19 17:09:04 0 [Note] InnoDB: Some operating system error numbers are described at https://mariadb.com/kb/en/library/operating-system-error-codes/
2026-07-19 17:09:04 0 [ERROR] InnoDB: Could not find a valid tablespace file for ``moodle_db`.`ai_policy_register``. Please refer to https://mariadb.com/kb/en/innodb-data-dictionary-troubleshooting/ for how to resolve the issue.
2026-07-19 17:09:04 0 [Warning] InnoDB: Ignoring tablespace for `moodle_db`.`ai_policy_register` because it could not be opened.
2026-07-19 17:09:04 0 [ERROR] InnoDB: Operating system error number 3 in a file operation.
2026-07-19 17:09:04 0 [ERROR] InnoDB: The error means the system cannot find the path specified.
2026-07-19 17:09:04 0 [ERROR] InnoDB: If you are installing InnoDB, remember that you must create directories yourself, InnoDB does not create them.
2026-07-19 17:09:04 0 [ERROR] InnoDB: Cannot open datafile for read-only: '.\moodle_db\ai_providers.ibd' OS error: 203
2026-07-19 17:09:04 0 [ERROR] InnoDB: Operating system error number 203 in a file operation.
2026-07-19 17:09:04 0 [Note] InnoDB: Some operating system error numbers are described at https://mariadb.com/kb/en/library/operating-system-error-codes/
2026-07-19 17:09:04 0 [ERROR] InnoDB: Could not find a valid tablespace file for ``moodle_db`.`ai_providers``. Please refer to https://mariadb.com/kb/en/innodb-data-dictionary-troubleshooting/ for how to resolve the issue.
2026-07-19 17:09:04 0 [Warning] InnoDB: Ignoring tablespace for `moodle_db`.`ai_providers` because it could not be opened.
2026-07-19 17:09:04 0 [ERROR] InnoDB: Operating system error number 3 in a file operation.
2026-07-19 17:09:04 0 [ERROR] InnoDB: The error means the system cannot find the path specified.
2026-07-19 17:09:04 0 [ERROR] InnoDB: If you are installing InnoDB, remember that you must create directories yourself, InnoDB does not create them.
2026-07-19 17:09:04 0 [ERROR] InnoDB: Cannot open datafile for read-only: '.\moodle_db\analytics_indicator_calc.ibd' OS error: 203
2026-07-19 17:09:04 0 [ERROR] InnoDB: Operating system error number 203 in a file operation.
2026-07-19 17:09:04 0 [Note] InnoDB: Some operating system error numbers are described at https://mariadb.com/kb/en/library/operating-system-error-codes/
2026-07-19 17:09:04 0 [ERROR] InnoDB: Could not find a valid tablespace file for ``moodle_db`.`analytics_indicator_calc``. Please refer to https://mariadb.com/kb/en/innodb-data-dictionary-troubleshooting/ for how to resolve the issue.
2026-07-19 17:09:04 0 [Warning] InnoDB: Ignoring tablespace for `moodle_db`.`analytics_indicator_calc` because it could not be opened.
2026-07-19 17:09:04 0 [ERROR] InnoDB: Operating system error number 3 in a file operation.
2026-07-19 17:09:04 0 [ERROR] InnoDB: The error means the system cannot find the path specified.
2026-07-19 17:09:04 0 [ERROR] InnoDB: If you are installing InnoDB, remember that you must create directories yourself, InnoDB does not create them.
2026-07-19 17:09:04 0 [ERROR] InnoDB: Cannot open datafile for read-only: '.\moodle_db\analytics_models.ibd' OS error: 203
2026-07-19 17:09:04 0 [ERROR] InnoDB: Operating system error number 203 in a file operation.
2026-07-19 17:09:04 0 [Note] InnoDB: Some operating system error numbers are described at https://mariadb.com/kb/en/library/operating-system-error-codes/
2026-07-19 17:09:04 0 [ERROR] InnoDB: Could not find a valid tablespace file for ``moodle_db`.`analytics_models``. Please refer to https://mariadb.com/kb/en/innodb-data-dictionary-troubleshooting/ for how to resolve the issue.
2026-07-19 17:09:04 0 [Warning] InnoDB: Ignoring tablespace for `moodle_db`.`analytics_models` because it could not be opened.
2026-07-19 17:09:04 0 [ERROR] InnoDB: Operating system error number 3 in a file operation.
2026-07-19 17:09:04 0 [ERROR] InnoDB: The error means the system cannot find the path specified.
2026-07-19 17:09:04 0 [ERROR] InnoDB: If you are installing InnoDB, remember that you must create directories yourself, InnoDB does not create them.
2026-07-19 17:09:04 0 [ERROR] InnoDB: Cannot open datafile for read-only: '.\moodle_db\analytics_models_log.ibd' OS error: 203
2026-07-19 17:09:04 0 [ERROR] InnoDB: Operating system error number 203 in a file operation.
2026-07-19 17:09:04 0 [Note] InnoDB: Some operating system error numbers are described at https://mariadb.com/kb/en/library/operating-system-error-codes/
2026-07-19 17:09:04 0 [ERROR] InnoDB: Could not find a valid tablespace file for ``moodle_db`.`analytics_models_log``. Please refer to https://mariadb.com/kb/en/innodb-data-dictionary-troubleshooting/ for how to resolve the issue.
2026-07-19 17:09:04 0 [Warning] InnoDB: Ignoring tablespace for `moodle_db`.`analytics_models_log` because it could not be opened.
2026-07-19 17:09:04 0 [ERROR] InnoDB: Operating system error number 3 in a file operation.
2026-07-19 17:09:04 0 [ERROR] InnoDB: The error means the system cannot find the path specified.
2026-07-19 17:09:04 0 [ERROR] InnoDB: If you are installing InnoDB, remember that you must create directories yourself, InnoDB does not create them.
2026-07-19 17:09:04 0 [ERROR] InnoDB: Cannot open datafile for read-only: '.\moodle_db\analytics_predict_samples.ibd' OS error: 203
2026-07-19 17:09:04 0 [ERROR] InnoDB: Operating system error number 203 in a file operation.
2026-07-19 17:09:04 0 [Note] InnoDB: Some operating system error numbers are described at https://mariadb.com/kb/en/library/operating-system-error-codes/
2026-07-19 17:09:04 0 [ERROR] InnoDB: Could not find a valid tablespace file for ``moodle_db`.`analytics_predict_samples``. Please refer to https://mariadb.com/kb/en/innodb-data-dictionary-troubleshooting/ for how to resolve the issue.
2026-07-19 17:09:04 0 [Warning] InnoDB: Ignoring tablespace for `moodle_db`.`analytics_predict_samples` because it could not be opened.
2026-07-19 17:09:04 0 [ERROR] InnoDB: Operating system error number 3 in a file operation.
2026-07-19 17:09:04 0 [ERROR] InnoDB: The error means the system cannot find the path specified.
2026-07-19 17:09:04 0 [ERROR] InnoDB: If you are installing InnoDB, remember that you must create directories yourself, InnoDB does not create them.
2026-07-19 17:09:04 0 [ERROR] InnoDB: Cannot open datafile for read-only: '.\moodle_db\analytics_prediction_actions.ibd' OS error: 203
2026-07-19 17:09:04 0 [ERROR] InnoDB: Operating system error number 203 in a file operation.
2026-07-19 17:09:04 0 [Note] InnoDB: Some operating system error numbers are described at https://mariadb.com/kb/en/library/operating-system-error-codes/
2026-07-19 17:09:04 0 [ERROR] InnoDB: Could not find a valid tablespace file for ``moodle_db`.`analytics_prediction_actions``. Please refer to https://mariadb.com/kb/en/innodb-data-dictionary-troubleshooting/ for how to resolve the issue.
2026-07-19 17:09:04 0 [Warning] InnoDB: Ignoring tablespace for `moodle_db`.`analytics_prediction_actions` because it could not be opened.
2026-07-19 17:09:04 0 [ERROR] InnoDB: Operating system error number 3 in a file operation.
2026-07-19 17:09:04 0 [ERROR] InnoDB: The error means the system cannot find the path specified.
2026-07-19 17:09:04 0 [ERROR] InnoDB: If you are installing InnoDB, remember that you must create directories yourself, InnoDB does not create them.
2026-07-19 17:09:04 0 [ERROR] InnoDB: Cannot open datafile for read-only: '.\moodle_db\analytics_predictions.ibd' OS error: 203
2026-07-19 17:09:04 0 [ERROR] InnoDB: Operating system error number 203 in a file operation.
2026-07-19 17:09:04 0 [Note] InnoDB: Some operating system error numbers are described at https://mariadb.com/kb/en/library/operating-system-error-codes/
2026-07-19 17:09:04 0 [ERROR] InnoDB: Could not find a valid tablespace file for ``moodle_db`.`analytics_predictions``. Please refer to https://mariadb.com/kb/en/innodb-data-dictionary-troubleshooting/ for how to resolve the issue.
2026-07-19 17:09:04 0 [Warning] InnoDB: Ignoring tablespace for `moodle_db`.`analytics_predictions` because it could not be opened.
2026-07-19 17:09:04 0 [ERROR] InnoDB: Operating system error number 3 in a file operation.
2026-07-19 17:09:04 0 [ERROR] InnoDB: The error means the system cannot find the path specified.
2026-07-19 17:09:04 0 [ERROR] InnoDB: If you are installing InnoDB, remember that you must create directories yourself, InnoDB does not create them.
2026-07-19 17:09:04 0 [ERROR] InnoDB: Cannot open datafile for read-only: '.\moodle_db\analytics_train_samples.ibd' OS error: 203
2026-07-19 17:09:04 0 [ERROR] InnoDB: Operating system error number 203 in a file operation.
2026-07-19 17:09:04 0 [Note] InnoDB: Some operating system error numbers are described at https://mariadb.com/kb/en/library/operating-system-error-codes/
2026-07-19 17:09:04 0 [ERROR] InnoDB: Could not find a valid tablespace file for ``moodle_db`.`analytics_train_samples``. Please refer to https://mariadb.com/kb/en/innodb-data-dictionary-troubleshooting/ for how to resolve the issue.
2026-07-19 17:09:04 0 [Warning] InnoDB: Ignoring tablespace for `moodle_db`.`analytics_train_samples` because it could not be opened.
2026-07-19 17:09:04 0 [ERROR] InnoDB: Operating system error number 3 in a file operation.
2026-07-19 17:09:04 0 [ERROR] InnoDB: The error means the system cannot find the path specified.
2026-07-19 17:09:04 0 [ERROR] InnoDB: If you are installing InnoDB, remember that you must create directories yourself, InnoDB does not create them.
2026-07-19 17:09:04 0 [ERROR] InnoDB: Cannot open datafile for read-only: '.\moodle_db\analytics_used_analysables.ibd' OS error: 203
2026-07-19 17:09:04 0 [ERROR] InnoDB: Operating system error number 203 in a file operation.
2026-07-19 17:09:04 0 [Note] InnoDB: Some operating system error numbers are described at https://mariadb.com/kb/en/library/operating-system-error-codes/
2026-07-19 17:09:04 0 [ERROR] InnoDB: Could not find a valid tablespace file for ``moodle_db`.`analytics_used_analysables``. Please refer to https://mariadb.com/kb/en/innodb-data-dictionary-troubleshooting/ for how to resolve the issue.
2026-07-19 17:09:04 0 [Warning] InnoDB: Ignoring tablespace for `moodle_db`.`analytics_used_analysables` because it could not be opened.
2026-07-19 17:09:04 0 [ERROR] InnoDB: Operating system error number 3 in a file operation.
2026-07-19 17:09:04 0 [ERROR] InnoDB: The error means the system cannot find the path specified.
2026-07-19 17:09:04 0 [ERROR] InnoDB: If you are installing InnoDB, remember that you must create directories yourself, InnoDB does not create them.
2026-07-19 17:09:04 0 [ERROR] InnoDB: Cannot open datafile for read-only: '.\moodle_db\analytics_used_files.ibd' OS error: 203
2026-07-19 17:09:04 0 [ERROR] InnoDB: Operating system error number 203 in a file operation.
2026-07-19 17:09:04 0 [Note] InnoDB: Some operating system error numbers are described at https://mariadb.com/kb/en/library/operating-system-error-codes/
2026-07-19 17:09:04 0 [ERROR] InnoDB: Could not find a valid tablespace file for ``moodle_db`.`analytics_used_files``. Please refer to https://mariadb.com/kb/en/innodb-data-dictionary-troubleshooting/ for how to resolve the issue.
2026-07-19 17:09:04 0 [Warning] InnoDB: Ignoring tablespace for `moodle_db`.`analytics_used_files` because it could not be opened.
2026-07-19 17:09:04 0 [ERROR] InnoDB: Operating system error number 3 in a file operation.
2026-07-19 17:09:04 0 [ERROR] InnoDB: The error means the system cannot find the path specified.
2026-07-19 17:09:04 0 [ERROR] InnoDB: If you are installing InnoDB, remember that you must create directories yourself, InnoDB does not create them.
2026-07-19 17:09:04 0 [ERROR] InnoDB: Cannot open datafile for read-only: '.\moodle_db\assign.ibd' OS error: 203
2026-07-19 17:09:04 0 [ERROR] InnoDB: Operating system error number 203 in a file operation.
2026-07-19 17:09:04 0 [Note] InnoDB: Some operating system error numbers are described at https://mariadb.com/kb/en/library/operating-system-error-codes/
2026-07-19 17:09:04 0 [ERROR] InnoDB: Could not find a valid tablespace file for ``moodle_db`.`assign``. Please refer to https://mariadb.com/kb/en/innodb-data-dictionary-troubleshooting/ for how to resolve the issue.
2026-07-19 17:09:04 0 [Warning] InnoDB: Ignoring tablespace for `moodle_db`.`assign` because it could not be opened.
2026-07-19 17:09:04 0 [ERROR] InnoDB: Operating system error number 3 in a file operation.
2026-07-19 17:09:04 0 [ERROR] InnoDB: The error means the system cannot find the path specified.
2026-07-19 17:09:04 0 [ERROR] InnoDB: If you are installing InnoDB, remember that you must create directories yourself, InnoDB does not create them.
2026-07-19 17:09:04 0 [ERROR] InnoDB: Cannot open datafile for read-only: '.\moodle_db\assign_allocated_marker.ibd' OS error: 203
2026-07-19 17:09:04 0 [ERROR] InnoDB: Operating system error number 203 in a file operation.
2026-07-19 17:09:04 0 [Note] InnoDB: Some operating system error numbers are described at https://mariadb.com/kb/en/library/operating-system-error-codes/
2026-07-19 17:09:04 0 [ERROR] InnoDB: Could not find a valid tablespace file for ``moodle_db`.`assign_allocated_marker``. Please refer to https://mariadb.com/kb/en/innodb-data-dictionary-troubleshooting/ for how to resolve the issue.
2026-07-19 17:09:04 0 [Warning] InnoDB: Ignoring tablespace for `moodle_db`.`assign_allocated_marker` because it could not be opened.
2026-07-19 17:09:04 0 [ERROR] InnoDB: Operating system error number 3 in a file operation.
2026-07-19 17:09:04 0 [ERROR] InnoDB: The error means the system cannot find the path specified.
2026-07-19 17:09:04 0 [ERROR] InnoDB: If you are installing InnoDB, remember that you must create directories yourself, InnoDB does not create them.
2026-07-19 17:09:04 0 [ERROR] InnoDB: Cannot open datafile for read-only: '.\moodle_db\assign_grades.ibd' OS error: 203
2026-07-19 17:09:04 0 [ERROR] InnoDB: Operating system error number 203 in a file operation.
2026-07-19 17:09:04 0 [Note] InnoDB: Some operating system error numbers are described at https://mariadb.com/kb/en/library/operating-system-error-codes/
2026-07-19 17:09:04 0 [ERROR] InnoDB: Could not find a valid tablespace file for ``moodle_db`.`assign_grades``. Please refer to https://mariadb.com/kb/en/innodb-data-dictionary-troubleshooting/ for how to resolve the issue.
2026-07-19 17:09:04 0 [Warning] InnoDB: Ignoring tablespace for `moodle_db`.`assign_grades` because it could not be opened.
2026-07-19 17:09:04 0 [ERROR] InnoDB: Operating system error number 3 in a file operation.
2026-07-19 17:09:04 0 [ERROR] InnoDB: The error means the system cannot find the path specified.
2026-07-19 17:09:04 0 [ERROR] InnoDB: If you are installing InnoDB, remember that you must create directories yourself, InnoDB does not create them.
2026-07-19 17:09:04 0 [ERROR] InnoDB: Cannot open datafile for read-only: '.\moodle_db\assign_mark.ibd' OS error: 203
2026-07-19 17:09:04 0 [ERROR] InnoDB: Operating system error number 203 in a file operation.
2026-07-19 17:09:04 0 [Note] InnoDB: Some operating system error numbers are described at https://mariadb.com/kb/en/library/operating-system-error-codes/
2026-07-19 17:09:04 0 [ERROR] InnoDB: Could not find a valid tablespace file for ``moodle_db`.`assign_mark``. Please refer to https://mariadb.com/kb/en/innodb-data-dictionary-troubleshooting/ for how to resolve the issue.
2026-07-19 17:09:04 0 [Warning] InnoDB: Ignoring tablespace for `moodle_db`.`assign_mark` because it could not be opened.
2026-07-19 17:09:04 0 [ERROR] InnoDB: Operating system error number 3 in a file operation.
2026-07-19 17:09:04 0 [ERROR] InnoDB: The error means the system cannot find the path specified.
2026-07-19 17:09:04 0 [ERROR] InnoDB: If you are installing InnoDB, remember that you must create directories yourself, InnoDB does not create them.
2026-07-19 17:09:04 0 [ERROR] InnoDB: Cannot open datafile for read-only: '.\moodle_db\assign_overrides.ibd' OS error: 203
2026-07-19 17:09:04 0 [ERROR] InnoDB: Operating system error number 203 in a file operation.
2026-07-19 17:09:04 0 [Note] InnoDB: Some operating system error numbers are described at https://mariadb.com/kb/en/library/operating-system-error-codes/
2026-07-19 17:09:04 0 [ERROR] InnoDB: Could not find a valid tablespace file for ``moodle_db`.`assign_overrides``. Please refer to https://mariadb.com/kb/en/innodb-data-dictionary-troubleshooting/ for how to resolve the issue.
2026-07-19 17:09:04 0 [Warning] InnoDB: Ignoring tablespace for `moodle_db`.`assign_overrides` because it could not be opened.
2026-07-19 17:09:04 0 [ERROR] InnoDB: Operating system error number 3 in a file operation.
2026-07-19 17:09:04 0 [ERROR] InnoDB: The error means the system cannot find the path specified.
2026-07-19 17:09:04 0 [ERROR] InnoDB: If you are installing InnoDB, remember that you must create directories yourself, InnoDB does not create them.
2026-07-19 17:09:04 0 [ERROR] InnoDB: Cannot open datafile for read-only: '.\moodle_db\assign_plugin_config.ibd' OS error: 203
2026-07-19 17:09:04 0 [ERROR] InnoDB: Operating system error number 203 in a file operation.
2026-07-19 17:09:04 0 [Note] InnoDB: Some operating system error numbers are described at https://mariadb.com/kb/en/library/operating-system-error-codes/
2026-07-19 17:09:04 0 [ERROR] InnoDB: Could not find a valid tablespace file for ``moodle_db`.`assign_plugin_config``. Please refer to https://mariadb.com/kb/en/innodb-data-dictionary-troubleshooting/ for how to resolve the issue.
2026-07-19 17:09:04 0 [Warning] InnoDB: Ignoring tablespace for `moodle_db`.`assign_plugin_config` because it could not be opened.
2026-07-19 17:09:04 0 [ERROR] InnoDB: Operating system error number 3 in a file operation.
2026-07-19 17:09:04 0 [ERROR] InnoDB: The error means the system cannot find the path specified.
2026-07-19 17:09:04 0 [ERROR] InnoDB: If you are installing InnoDB, remember that you must create directories yourself, InnoDB does not create them.
2026-07-19 17:09:04 0 [ERROR] InnoDB: Cannot open datafile for read-only: '.\moodle_db\assign_submission.ibd' OS error: 203
2026-07-19 17:09:04 0 [ERROR] InnoDB: Operating system error number 203 in a file operation.
2026-07-19 17:09:04 0 [Note] InnoDB: Some operating system error numbers are described at https://mariadb.com/kb/en/library/operating-system-error-codes/
2026-07-19 17:09:04 0 [ERROR] InnoDB: Could not find a valid tablespace file for ``moodle_db`.`assign_submission``. Please refer to https://mariadb.com/kb/en/innodb-data-dictionary-troubleshooting/ for how to resolve the issue.
2026-07-19 17:09:04 0 [Warning] InnoDB: Ignoring tablespace for `moodle_db`.`assign_submission` because it could not be opened.
2026-07-19 17:09:04 0 [ERROR] InnoDB: Operating system error number 3 in a file operation.
2026-07-19 17:09:04 0 [ERROR] InnoDB: The error means the system cannot find the path specified.
2026-07-19 17:09:04 0 [ERROR] InnoDB: If you are installing InnoDB, remember that you must create directories yourself, InnoDB does not create them.
2026-07-19 17:09:04 0 [ERROR] InnoDB: Cannot open datafile for read-only: '.\moodle_db\assign_user_flags.ibd' OS error: 203
2026-07-19 17:09:04 0 [ERROR] InnoDB: Operating system error number 203 in a file operation.
2026-07-19 17:09:04 0 [Note] InnoDB: Some operating system error numbers are described at https://mariadb.com/kb/en/library/operating-system-error-codes/
2026-07-19 17:09:04 0 [ERROR] InnoDB: Could not find a valid tablespace file for ``moodle_db`.`assign_user_flags``. Please refer to https://mariadb.com/kb/en/innodb-data-dictionary-troubleshooting/ for how to resolve the issue.
2026-07-19 17:09:04 0 [Warning] InnoDB: Ignoring tablespace for `moodle_db`.`assign_user_flags` because it could not be opened.
2026-07-19 17:09:04 0 [ERROR] InnoDB: Operating system error number 3 in a file operation.
2026-07-19 17:09:04 0 [ERROR] InnoDB: The error means the system cannot find the path specified.
2026-07-19 17:09:04 0 [ERROR] InnoDB: If you are installing InnoDB, remember that you must create directories yourself, InnoDB does not create them.
2026-07-19 17:09:04 0 [ERROR] InnoDB: Cannot open datafile for read-only: '.\moodle_db\assign_user_mapping.ibd' OS error: 203
2026-07-19 17:09:04 0 [ERROR] InnoDB: Operating system error number 203 in a file operation.
2026-07-19 17:09:04 0 [Note] InnoDB: Some operating system error numbers are described at https://mariadb.com/kb/en/library/operating-system-error-codes/
2026-07-19 17:09:04 0 [ERROR] InnoDB: Could not find a valid tablespace file for ``moodle_db`.`assign_user_mapping``. Please refer to https://mariadb.com/kb/en/innodb-data-dictionary-troubleshooting/ for how to resolve the issue.
2026-07-19 17:09:04 0 [Warning] InnoDB: Ignoring tablespace for `moodle_db`.`assign_user_mapping` because it could not be opened.
2026-07-19 17:09:04 0 [ERROR] InnoDB: Operating system error number 3 in a file operation.
2026-07-19 17:09:04 0 [ERROR] InnoDB: The error means the system cannot find the path specified.
2026-07-19 17:09:04 0 [ERROR] InnoDB: If you are installing InnoDB, remember that you must create directories yourself, InnoDB does not create them.
2026-07-19 17:09:04 0 [ERROR] InnoDB: Cannot open datafile for read-only: '.\moodle_db\assignfeedback_comments.ibd' OS error: 203
2026-07-19 17:09:04 0 [ERROR] InnoDB: Operating system error number 203 in a file operation.
2026-07-19 17:09:04 0 [Note] InnoDB: Some operating system error numbers are described at https://mariadb.com/kb/en/library/operating-system-error-codes/
2026-07-19 17:09:04 0 [ERROR] InnoDB: Could not find a valid tablespace file for ``moodle_db`.`assignfeedback_comments``. Please refer to https://mariadb.com/kb/en/innodb-data-dictionary-troubleshooting/ for how to resolve the issue.
2026-07-19 17:09:04 0 [Warning] InnoDB: Ignoring tablespace for `moodle_db`.`assignfeedback_comments` because it could not be opened.
2026-07-19 17:09:04 0 [ERROR] InnoDB: Operating system error number 3 in a file operation.
2026-07-19 17:09:04 0 [ERROR] InnoDB: The error means the system cannot find the path specified.
2026-07-19 17:09:04 0 [ERROR] InnoDB: If you are installing InnoDB, remember that you must create directories yourself, InnoDB does not create them.
2026-07-19 17:09:04 0 [ERROR] InnoDB: Cannot open datafile for read-only: '.\moodle_db\assignfeedback_editpdf_annot.ibd' OS error: 203
2026-07-19 17:09:04 0 [ERROR] InnoDB: Operating system error number 203 in a file operation.
2026-07-19 17:09:04 0 [Note] InnoDB: Some operating system error numbers are described at https://mariadb.com/kb/en/library/operating-system-error-codes/
2026-07-19 17:09:04 0 [ERROR] InnoDB: Could not find a valid tablespace file for ``moodle_db`.`assignfeedback_editpdf_annot``. Please refer to https://mariadb.com/kb/en/innodb-data-dictionary-troubleshooting/ for how to resolve the issue.
2026-07-19 17:09:04 0 [Warning] InnoDB: Ignoring tablespace for `moodle_db`.`assignfeedback_editpdf_annot` because it could not be opened.
2026-07-19 17:09:04 0 [ERROR] InnoDB: Operating system error number 3 in a file operation.
2026-07-19 17:09:04 0 [ERROR] InnoDB: The error means the system cannot find the path specified.
2026-07-19 17:09:04 0 [ERROR] InnoDB: If you are installing InnoDB, remember that you must create directories yourself, InnoDB does not create them.
2026-07-19 17:09:04 0 [ERROR] InnoDB: Cannot open datafile for read-only: '.\moodle_db\assignfeedback_editpdf_cmnt.ibd' OS error: 203
2026-07-19 17:09:04 0 [ERROR] InnoDB: Operating system error number 203 in a file operation.
2026-07-19 17:09:04 0 [Note] InnoDB: Some operating system error numbers are described at https://mariadb.com/kb/en/library/operating-system-error-codes/
2026-07-19 17:09:04 0 [ERROR] InnoDB: Could not find a valid tablespace file for ``moodle_db`.`assignfeedback_editpdf_cmnt``. Please refer to https://mariadb.com/kb/en/innodb-data-dictionary-troubleshooting/ for how to resolve the issue.
2026-07-19 17:09:04 0 [Warning] InnoDB: Ignoring tablespace for `moodle_db`.`assignfeedback_editpdf_cmnt` because it could not be opened.
2026-07-19 17:09:04 0 [ERROR] InnoDB: Operating system error number 3 in a file operation.
2026-07-19 17:09:04 0 [ERROR] InnoDB: The error means the system cannot find the path specified.
2026-07-19 17:09:04 0 [ERROR] InnoDB: If you are installing InnoDB, remember that you must create directories yourself, InnoDB does not create them.
2026-07-19 17:09:04 0 [ERROR] InnoDB: Cannot open datafile for read-only: '.\moodle_db\assignfeedback_editpdf_quick.ibd' OS error: 203
2026-07-19 17:09:04 0 [ERROR] InnoDB: Operating system error number 203 in a file operation.
2026-07-19 17:09:04 0 [Note] InnoDB: Some operating system error numbers are described at https://mariadb.com/kb/en/library/operating-system-error-codes/
2026-07-19 17:09:04 0 [ERROR] InnoDB: Could not find a valid tablespace file for ``moodle_db`.`assignfeedback_editpdf_quick``. Please refer to https://mariadb.com/kb/en/innodb-data-dictionary-troubleshooting/ for how to resolve the issue.
2026-07-19 17:09:04 0 [Warning] InnoDB: Ignoring tablespace for `moodle_db`.`assignfeedback_editpdf_quick` because it could not be opened.
2026-07-19 17:09:04 0 [ERROR] InnoDB: Operating system error number 3 in a file operation.
2026-07-19 17:09:04 0 [ERROR] InnoDB: The error means the system cannot find the path specified.
2026-07-19 17:09:04 0 [ERROR] InnoDB: If you are installing InnoDB, remember that you must create directories yourself, InnoDB does not create them.
2026-07-19 17:09:04 0 [ERROR] InnoDB: Cannot open datafile for read-only: '.\moodle_db\assignfeedback_editpdf_rot.ibd' OS error: 203
2026-07-19 17:09:04 0 [ERROR] InnoDB: Operating system error number 203 in a file operation.
2026-07-19 17:09:04 0 [Note] InnoDB: Some operating system error numbers are described at https://mariadb.com/kb/en/library/operating-system-error-codes/
2026-07-19 17:09:04 0 [ERROR] InnoDB: Could not find a valid tablespace file for ``moodle_db`.`assignfeedback_editpdf_rot``. Please refer to https://mariadb.com/kb/en/innodb-data-dictionary-troubleshooting/ for how to resolve the issue.
2026-07-19 17:09:04 0 [Warning] InnoDB: Ignoring tablespace for `moodle_db`.`assignfeedback_editpdf_rot` because it could not be opened.
2026-07-19 17:09:04 0 [ERROR] InnoDB: Operating system error number 3 in a file operation.
2026-07-19 17:09:04 0 [ERROR] InnoDB: The error means the system cannot find the path specified.
2026-07-19 17:09:04 0 [ERROR] InnoDB: If you are installing InnoDB, remember that you must create directories yourself, InnoDB does not create them.
2026-07-19 17:09:04 0 [ERROR] InnoDB: Cannot open datafile for read-only: '.\moodle_db\assignfeedback_file.ibd' OS error: 203
2026-07-19 17:09:04 0 [ERROR] InnoDB: Operating system error number 203 in a file operation.
2026-07-19 17:09:04 0 [Note] InnoDB: Some operating system error numbers are described at https://mariadb.com/kb/en/library/operating-system-error-codes/
2026-07-19 17:09:04 0 [ERROR] InnoDB: Could not find a valid tablespace file for ``moodle_db`.`assignfeedback_file``. Please refer to https://mariadb.com/kb/en/innodb-data-dictionary-troubleshooting/ for how to resolve the issue.
2026-07-19 17:09:04 0 [Warning] InnoDB: Ignoring tablespace for `moodle_db`.`assignfeedback_file` because it could not be opened.
2026-07-19 17:09:04 0 [ERROR] InnoDB: Operating system error number 3 in a file operation.
2026-07-19 17:09:04 0 [ERROR] InnoDB: The error means the system cannot find the path specified.
2026-07-19 17:09:04 0 [ERROR] InnoDB: If you are installing InnoDB, remember that you must create directories yourself, InnoDB does not create them.
2026-07-19 17:09:04 0 [ERROR] InnoDB: Cannot open datafile for read-only: '.\moodle_db\assignsubmission_file.ibd' OS error: 203
2026-07-19 17:09:04 0 [ERROR] InnoDB: Operating system error number 203 in a file operation.
2026-07-19 17:09:04 0 [Note] InnoDB: Some operating system error numbers are described at https://mariadb.com/kb/en/library/operating-system-error-codes/
2026-07-19 17:09:04 0 [ERROR] InnoDB: Could not find a valid tablespace file for ``moodle_db`.`assignsubmission_file``. Please refer to https://mariadb.com/kb/en/innodb-data-dictionary-troubleshooting/ for how to resolve the issue.
2026-07-19 17:09:04 0 [Warning] InnoDB: Ignoring tablespace for `moodle_db`.`assignsubmission_file` because it could not be opened.
2026-07-19 17:09:04 0 [ERROR] InnoDB: Operating system error number 3 in a file operation.
2026-07-19 17:09:04 0 [ERROR] InnoDB: The error means the system cannot find the path specified.
2026-07-19 17:09:04 0 [ERROR] InnoDB: If you are installing InnoDB, remember that you must create directories yourself, InnoDB does not create them.
2026-07-19 17:09:04 0 [ERROR] InnoDB: Cannot open datafile for read-only: '.\moodle_db\assignsubmission_onlinetext.ibd' OS error: 203
2026-07-19 17:09:04 0 [ERROR] InnoDB: Operating system error number 203 in a file operation.
2026-07-19 17:09:04 0 [Note] InnoDB: Some operating system error numbers are described at https://mariadb.com/kb/en/library/operating-system-error-codes/
2026-07-19 17:09:04 0 [ERROR] InnoDB: Could not find a valid tablespace file for ``moodle_db`.`assignsubmission_onlinetext``. Please refer to https://mariadb.com/kb/en/innodb-data-dictionary-troubleshooting/ for how to resolve the issue.
2026-07-19 17:09:04 0 [Warning] InnoDB: Ignoring tablespace for `moodle_db`.`assignsubmission_onlinetext` because it could not be opened.
2026-07-19 17:09:04 0 [ERROR] InnoDB: Operating system error number 3 in a file operation.
2026-07-19 17:09:04 0 [ERROR] InnoDB: The error means the system cannot find the path specified.
2026-07-19 17:09:04 0 [ERROR] InnoDB: If you are installing InnoDB, remember that you must create directories yourself, InnoDB does not create them.
2026-07-19 17:09:04 0 [ERROR] InnoDB: Cannot open datafile for read-only: '.\moodle_db\auth_lti_linked_login.ibd' OS error: 203
2026-07-19 17:09:04 0 [ERROR] InnoDB: Operating system error number 203 in a file operation.
2026-07-19 17:09:04 0 [Note] InnoDB: Some operating system error numbers are described at https://mariadb.com/kb/en/library/operating-system-error-codes/
2026-07-19 17:09:04 0 [ERROR] InnoDB: Could not find a valid tablespace file for ``moodle_db`.`auth_lti_linked_login``. Please refer to https://mariadb.com/kb/en/innodb-data-dictionary-troubleshooting/ for how to resolve the issue.
2026-07-19 17:09:04 0 [Warning] InnoDB: Ignoring tablespace for `moodle_db`.`auth_lti_linked_login` because it could not be opened.
2026-07-19 17:09:04 0 [ERROR] InnoDB: Operating system error number 3 in a file operation.
2026-07-19 17:09:04 0 [ERROR] InnoDB: The error means the system cannot find the path specified.
2026-07-19 17:09:04 0 [ERROR] InnoDB: If you are installing InnoDB, remember that you must create directories yourself, InnoDB does not create them.
2026-07-19 17:09:04 0 [ERROR] InnoDB: Cannot open datafile for read-only: '.\moodle_db\auth_oauth2_linked_login.ibd' OS error: 203
2026-07-19 17:09:04 0 [ERROR] InnoDB: Operating system error number 203 in a file operation.
2026-07-19 17:09:04 0 [Note] InnoDB: Some operating system error numbers are described at https://mariadb.com/kb/en/library/operating-system-error-codes/
2026-07-19 17:09:04 0 [ERROR] InnoDB: Could not find a valid tablespace file for ``moodle_db`.`auth_oauth2_linked_login``. Please refer to https://mariadb.com/kb/en/innodb-data-dictionary-troubleshooting/ for how to resolve the issue.
2026-07-19 17:09:04 0 [Warning] InnoDB: Ignoring tablespace for `moodle_db`.`auth_oauth2_linked_login` because it could not be opened.
2026-07-19 17:09:04 0 [ERROR] InnoDB: Operating system error number 3 in a file operation.
2026-07-19 17:09:04 0 [ERROR] InnoDB: The error means the system cannot find the path specified.
2026-07-19 17:09:04 0 [ERROR] InnoDB: If you are installing InnoDB, remember that you must create directories yourself, InnoDB does not create them.
2026-07-19 17:09:04 0 [ERROR] InnoDB: Cannot open datafile for read-only: '.\moodle_db\backup_controllers.ibd' OS error: 203
2026-07-19 17:09:04 0 [ERROR] InnoDB: Operating system error number 203 in a file operation.
2026-07-19 17:09:04 0 [Note] InnoDB: Some operating system error numbers are described at https://mariadb.com/kb/en/library/operating-system-error-codes/
2026-07-19 17:09:04 0 [ERROR] InnoDB: Could not find a valid tablespace file for ``moodle_db`.`backup_controllers``. Please refer to https://mariadb.com/kb/en/innodb-data-dictionary-troubleshooting/ for how to resolve the issue.
2026-07-19 17:09:04 0 [Warning] InnoDB: Ignoring tablespace for `moodle_db`.`backup_controllers` because it could not be opened.
2026-07-19 17:09:04 0 [ERROR] InnoDB: Operating system error number 3 in a file operation.
2026-07-19 17:09:04 0 [ERROR] InnoDB: The error means the system cannot find the path specified.
2026-07-19 17:09:04 0 [ERROR] InnoDB: If you are installing InnoDB, remember that you must create directories yourself, InnoDB does not create them.
2026-07-19 17:09:04 0 [ERROR] InnoDB: Cannot open datafile for read-only: '.\moodle_db\backup_courses.ibd' OS error: 203
2026-07-19 17:09:04 0 [ERROR] InnoDB: Operating system error number 203 in a file operation.
2026-07-19 17:09:04 0 [Note] InnoDB: Some operating system error numbers are described at https://mariadb.com/kb/en/library/operating-system-error-codes/
2026-07-19 17:09:04 0 [ERROR] InnoDB: Could not find a valid tablespace file for ``moodle_db`.`backup_courses``. Please refer to https://mariadb.com/kb/en/innodb-data-dictionary-troubleshooting/ for how to resolve the issue.
2026-07-19 17:09:04 0 [Warning] InnoDB: Ignoring tablespace for `moodle_db`.`backup_courses` because it could not be opened.
2026-07-19 17:09:04 0 [ERROR] InnoDB: Operating system error number 3 in a file operation.
2026-07-19 17:09:04 0 [ERROR] InnoDB: The error means the system cannot find the path specified.
2026-07-19 17:09:04 0 [ERROR] InnoDB: If you are installing InnoDB, remember that you must create directories yourself, InnoDB does not create them.
2026-07-19 17:09:04 0 [ERROR] InnoDB: Cannot open datafile for read-only: '.\moodle_db\backup_logs.ibd' OS error: 203
2026-07-19 17:09:04 0 [ERROR] InnoDB: Operating system error number 203 in a file operation.
2026-07-19 17:09:04 0 [Note] InnoDB: Some operating system error numbers are described at https://mariadb.com/kb/en/library/operating-system-error-codes/
2026-07-19 17:09:04 0 [ERROR] InnoDB: Could not find a valid tablespace file for ``moodle_db`.`backup_logs``. Please refer to https://mariadb.com/kb/en/innodb-data-dictionary-troubleshooting/ for how to resolve the issue.
2026-07-19 17:09:04 0 [Warning] InnoDB: Ignoring tablespace for `moodle_db`.`backup_logs` because it could not be opened.
2026-07-19 17:09:04 0 [ERROR] InnoDB: Operating system error number 3 in a file operation.
2026-07-19 17:09:04 0 [ERROR] InnoDB: The error means the system cannot find the path specified.
2026-07-19 17:09:04 0 [ERROR] InnoDB: If you are installing InnoDB, remember that you must create directories yourself, InnoDB does not create them.
2026-07-19 17:09:04 0 [ERROR] InnoDB: Cannot open datafile for read-only: '.\moodle_db\badge.ibd' OS error: 203
2026-07-19 17:09:04 0 [ERROR] InnoDB: Operating system error number 203 in a file operation.
2026-07-19 17:09:04 0 [Note] InnoDB: Some operating system error numbers are described at https://mariadb.com/kb/en/library/operating-system-error-codes/
2026-07-19 17:09:04 0 [ERROR] InnoDB: Could not find a valid tablespace file for ``moodle_db`.`badge``. Please refer to https://mariadb.com/kb/en/innodb-data-dictionary-troubleshooting/ for how to resolve the issue.
2026-07-19 17:09:04 0 [Warning] InnoDB: Ignoring tablespace for `moodle_db`.`badge` because it could not be opened.
2026-07-19 17:09:04 0 [ERROR] InnoDB: Operating system error number 3 in a file operation.
2026-07-19 17:09:04 0 [ERROR] InnoDB: The error means the system cannot find the path specified.
2026-07-19 17:09:04 0 [ERROR] InnoDB: If you are installing InnoDB, remember that you must create directories yourself, InnoDB does not create them.
2026-07-19 17:09:04 0 [ERROR] InnoDB: Cannot open datafile for read-only: '.\moodle_db\badge_alignment.ibd' OS error: 203
2026-07-19 17:09:04 0 [ERROR] InnoDB: Operating system error number 203 in a file operation.
2026-07-19 17:09:04 0 [Note] InnoDB: Some operating system error numbers are described at https://mariadb.com/kb/en/library/operating-system-error-codes/
2026-07-19 17:09:04 0 [ERROR] InnoDB: Could not find a valid tablespace file for ``moodle_db`.`badge_alignment``. Please refer to https://mariadb.com/kb/en/innodb-data-dictionary-troubleshooting/ for how to resolve the issue.
2026-07-19 17:09:04 0 [Warning] InnoDB: Ignoring tablespace for `moodle_db`.`badge_alignment` because it could not be opened.
2026-07-19 17:09:04 0 [ERROR] InnoDB: Operating system error number 3 in a file operation.
2026-07-19 17:09:04 0 [ERROR] InnoDB: The error means the system cannot find the path specified.
2026-07-19 17:09:04 0 [ERROR] InnoDB: If you are installing InnoDB, remember that you must create directories yourself, InnoDB does not create them.
2026-07-19 17:09:04 0 [ERROR] InnoDB: Cannot open datafile for read-only: '.\moodle_db\badge_backpack.ibd' OS error: 203
2026-07-19 17:09:04 0 [ERROR] InnoDB: Operating system error number 203 in a file operation.
2026-07-19 17:09:04 0 [Note] InnoDB: Some operating system error numbers are described at https://mariadb.com/kb/en/library/operating-system-error-codes/
2026-07-19 17:09:04 0 [ERROR] InnoDB: Could not find a valid tablespace file for ``moodle_db`.`badge_backpack``. Please refer to https://mariadb.com/kb/en/innodb-data-dictionary-troubleshooting/ for how to resolve the issue.
2026-07-19 17:09:04 0 [Warning] InnoDB: Ignoring tablespace for `moodle_db`.`badge_backpack` because it could not be opened.
2026-07-19 17:09:04 0 [ERROR] InnoDB: Operating system error number 3 in a file operation.
2026-07-19 17:09:04 0 [ERROR] InnoDB: The error means the system cannot find the path specified.
2026-07-19 17:09:04 0 [ERROR] InnoDB: If you are installing InnoDB, remember that you must create directories yourself, InnoDB does not create them.
2026-07-19 17:09:04 0 [ERROR] InnoDB: Cannot open datafile for read-only: '.\moodle_db\badge_backpack_oauth2.ibd' OS error: 203
2026-07-19 17:09:04 0 [ERROR] InnoDB: Operating system error number 203 in a file operation.
2026-07-19 17:09:04 0 [Note] InnoDB: Some operating system error numbers are described at https://mariadb.com/kb/en/library/operating-system-error-codes/
2026-07-19 17:09:04 0 [ERROR] InnoDB: Could not find a valid tablespace file for ``moodle_db`.`badge_backpack_oauth2``. Please refer to https://mariadb.com/kb/en/innodb-data-dictionary-troubleshooting/ for how to resolve the issue.
2026-07-19 17:09:04 0 [Warning] InnoDB: Ignoring tablespace for `moodle_db`.`badge_backpack_oauth2` because it could not be opened.
2026-07-19 17:09:04 0 [ERROR] InnoDB: Operating system error number 3 in a file operation.
2026-07-19 17:09:04 0 [ERROR] InnoDB: The error means the system cannot find the path specified.
2026-07-19 17:09:04 0 [ERROR] InnoDB: If you are installing InnoDB, remember that you must create directories yourself, InnoDB does not create them.
2026-07-19 17:09:04 0 [ERROR] InnoDB: Cannot open datafile for read-only: '.\moodle_db\badge_criteria.ibd' OS error: 203
2026-07-19 17:09:04 0 [ERROR] InnoDB: Operating system error number 203 in a file operation.
2026-07-19 17:09:04 0 [Note] InnoDB: Some operating system error numbers are described at https://mariadb.com/kb/en/library/operating-system-error-codes/
2026-07-19 17:09:04 0 [ERROR] InnoDB: Could not find a valid tablespace file for ``moodle_db`.`badge_criteria``. Please refer to https://mariadb.com/kb/en/innodb-data-dictionary-troubleshooting/ for how to resolve the issue.
2026-07-19 17:09:04 0 [Warning] InnoDB: Ignoring tablespace for `moodle_db`.`badge_criteria` because it could not be opened.
2026-07-19 17:09:04 0 [ERROR] InnoDB: Operating system error number 3 in a file operation.
2026-07-19 17:09:04 0 [ERROR] InnoDB: The error means the system cannot find the path specified.
2026-07-19 17:09:04 0 [ERROR] InnoDB: If you are installing InnoDB, remember that you must create directories yourself, InnoDB does not create them.
2026-07-19 17:09:04 0 [ERROR] InnoDB: Cannot open datafile for read-only: '.\moodle_db\badge_criteria_met.ibd' OS error: 203
2026-07-19 17:09:04 0 [ERROR] InnoDB: Operating system error number 203 in a file operation.
2026-07-19 17:09:04 0 [Note] InnoDB: Some operating system error numbers are described at https://mariadb.com/kb/en/library/operating-system-error-codes/
2026-07-19 17:09:04 0 [ERROR] InnoDB: Could not find a valid tablespace file for ``moodle_db`.`badge_criteria_met``. Please refer to https://mariadb.com/kb/en/innodb-data-dictionary-troubleshooting/ for how to resolve the issue.
2026-07-19 17:09:04 0 [Warning] InnoDB: Ignoring tablespace for `moodle_db`.`badge_criteria_met` because it could not be opened.
2026-07-19 17:09:04 0 [ERROR] InnoDB: Operating system error number 3 in a file operation.
2026-07-19 17:09:04 0 [ERROR] InnoDB: The error means the system cannot find the path specified.
2026-07-19 17:09:04 0 [ERROR] InnoDB: If you are installing InnoDB, remember that you must create directories yourself, InnoDB does not create them.
2026-07-19 17:09:04 0 [ERROR] InnoDB: Cannot open datafile for read-only: '.\moodle_db\badge_criteria_param.ibd' OS error: 203
2026-07-19 17:09:04 0 [ERROR] InnoDB: Operating system error number 203 in a file operation.
2026-07-19 17:09:04 0 [Note] InnoDB: Some operating system error numbers are described at https://mariadb.com/kb/en/library/operating-system-error-codes/
2026-07-19 17:09:04 0 [ERROR] InnoDB: Could not find a valid tablespace file for ``moodle_db`.`badge_criteria_param``. Please refer to https://mariadb.com/kb/en/innodb-data-dictionary-troubleshooting/ for how to resolve the issue.
2026-07-19 17:09:04 0 [Warning] InnoDB: Ignoring tablespace for `moodle_db`.`badge_criteria_param` because it could not be opened.
2026-07-19 17:09:04 0 [ERROR] InnoDB: Operating system error number 3 in a file operation.
2026-07-19 17:09:04 0 [ERROR] InnoDB: The error means the system cannot find the path specified.
2026-07-19 17:09:04 0 [ERROR] InnoDB: If you are installing InnoDB, remember that you must create directories yourself, InnoDB does not create them.
2026-07-19 17:09:04 0 [ERROR] InnoDB: Cannot open datafile for read-only: '.\moodle_db\badge_endorsement.ibd' OS error: 203
2026-07-19 17:09:04 0 [ERROR] InnoDB: Operating system error number 203 in a file operation.
2026-07-19 17:09:04 0 [Note] InnoDB: Some operating system error numbers are described at https://mariadb.com/kb/en/library/operating-system-error-codes/
2026-07-19 17:09:04 0 [ERROR] InnoDB: Could not find a valid tablespace file for ``moodle_db`.`badge_endorsement``. Please refer to https://mariadb.com/kb/en/innodb-data-dictionary-troubleshooting/ for how to resolve the issue.
2026-07-19 17:09:04 0 [Warning] InnoDB: Ignoring tablespace for `moodle_db`.`badge_endorsement` because it could not be opened.
2026-07-19 17:09:04 0 [ERROR] InnoDB: Operating system error number 3 in a file operation.
2026-07-19 17:09:04 0 [ERROR] InnoDB: The error means the system cannot find the path specified.
2026-07-19 17:09:04 0 [ERROR] InnoDB: If you are installing InnoDB, remember that you must create directories yourself, InnoDB does not create them.
2026-07-19 17:09:04 0 [ERROR] InnoDB: Cannot open datafile for read-only: '.\moodle_db\badge_external.ibd' OS error: 203
2026-07-19 17:09:04 0 [ERROR] InnoDB: Operating system error number 203 in a file operation.
2026-07-19 17:09:04 0 [Note] InnoDB: Some operating system error numbers are described at https://mariadb.com/kb/en/library/operating-system-error-codes/
2026-07-19 17:09:04 0 [ERROR] InnoDB: Could not find a valid tablespace file for ``moodle_db`.`badge_external``. Please refer to https://mariadb.com/kb/en/innodb-data-dictionary-troubleshooting/ for how to resolve the issue.
2026-07-19 17:09:04 0 [Warning] InnoDB: Ignoring tablespace for `moodle_db`.`badge_external` because it could not be opened.
2026-07-19 17:09:04 0 [ERROR] InnoDB: Operating system error number 3 in a file operation.
2026-07-19 17:09:04 0 [ERROR] InnoDB: The error means the system cannot find the path specified.
2026-07-19 17:09:04 0 [ERROR] InnoDB: If you are installing InnoDB, remember that you must create directories yourself, InnoDB does not create them.
2026-07-19 17:09:04 0 [ERROR] InnoDB: Cannot open datafile for read-only: '.\moodle_db\badge_external_backpack.ibd' OS error: 203
2026-07-19 17:09:04 0 [ERROR] InnoDB: Operating system error number 203 in a file operation.
2026-07-19 17:09:04 0 [Note] InnoDB: Some operating system error numbers are described at https://mariadb.com/kb/en/library/operating-system-error-codes/
2026-07-19 17:09:04 0 [ERROR] InnoDB: Could not find a valid tablespace file for ``moodle_db`.`badge_external_backpack``. Please refer to https://mariadb.com/kb/en/innodb-data-dictionary-troubleshooting/ for how to resolve the issue.
2026-07-19 17:09:04 0 [Warning] InnoDB: Ignoring tablespace for `moodle_db`.`badge_external_backpack` because it could not be opened.
2026-07-19 17:09:04 0 [ERROR] InnoDB: Operating system error number 3 in a file operation.
2026-07-19 17:09:04 0 [ERROR] InnoDB: The error means the system cannot find the path specified.
2026-07-19 17:09:04 0 [ERROR] InnoDB: If you are installing InnoDB, remember that you must create directories yourself, InnoDB does not create them.
2026-07-19 17:09:04 0 [ERROR] InnoDB: Cannot open datafile for read-only: '.\moodle_db\badge_external_identifier.ibd' OS error: 203
2026-07-19 17:09:04 0 [ERROR] InnoDB: Operating system error number 203 in a file operation.
2026-07-19 17:09:04 0 [Note] InnoDB: Some operating system error numbers are described at https://mariadb.com/kb/en/library/operating-system-error-codes/
2026-07-19 17:09:04 0 [ERROR] InnoDB: Could not find a valid tablespace file for ``moodle_db`.`badge_external_identifier``. Please refer to https://mariadb.com/kb/en/innodb-data-dictionary-troubleshooting/ for how to resolve the issue.
2026-07-19 17:09:04 0 [Warning] InnoDB: Ignoring tablespace for `moodle_db`.`badge_external_identifier` because it could not be opened.
2026-07-19 17:09:04 0 [ERROR] InnoDB: Operating system error number 3 in a file operation.
2026-07-19 17:09:04 0 [ERROR] InnoDB: The error means the system cannot find the path specified.
2026-07-19 17:09:04 0 [ERROR] InnoDB: If you are installing InnoDB, remember that you must create directories yourself, InnoDB does not create them.
2026-07-19 17:09:04 0 [ERROR] InnoDB: Cannot open datafile for read-only: '.\moodle_db\badge_issued.ibd' OS error: 203
2026-07-19 17:09:04 0 [ERROR] InnoDB: Operating system error number 203 in a file operation.
2026-07-19 17:09:04 0 [Note] InnoDB: Some operating system error numbers are described at https://mariadb.com/kb/en/library/operating-system-error-codes/
2026-07-19 17:09:04 0 [ERROR] InnoDB: Could not find a valid tablespace file for ``moodle_db`.`badge_issued``. Please refer to https://mariadb.com/kb/en/innodb-data-dictionary-troubleshooting/ for how to resolve the issue.
2026-07-19 17:09:04 0 [Warning] InnoDB: Ignoring tablespace for `moodle_db`.`badge_issued` because it could not be opened.
2026-07-19 17:09:04 0 [ERROR] InnoDB: Operating system error number 3 in a file operation.
2026-07-19 17:09:04 0 [ERROR] InnoDB: The error means the system cannot find the path specified.
2026-07-19 17:09:04 0 [ERROR] InnoDB: If you are installing InnoDB, remember that you must create directories yourself, InnoDB does not create them.
2026-07-19 17:09:04 0 [ERROR] InnoDB: Cannot open datafile for read-only: '.\moodle_db\badge_manual_award.ibd' OS error: 203
2026-07-19 17:09:04 0 [ERROR] InnoDB: Operating system error number 203 in a file operation.
2026-07-19 17:09:04 0 [Note] InnoDB: Some operating system error numbers are described at https://mariadb.com/kb/en/library/operating-system-error-codes/
2026-07-19 17:09:04 0 [ERROR] InnoDB: Could not find a valid tablespace file for ``moodle_db`.`badge_manual_award``. Please refer to https://mariadb.com/kb/en/innodb-data-dictionary-troubleshooting/ for how to resolve the issue.
2026-07-19 17:09:04 0 [Warning] InnoDB: Ignoring tablespace for `moodle_db`.`badge_manual_award` because it could not be opened.
2026-07-19 17:09:04 0 [ERROR] InnoDB: Operating system error number 3 in a file operation.
2026-07-19 17:09:04 0 [ERROR] InnoDB: The error means the system cannot find the path specified.
2026-07-19 17:09:04 0 [ERROR] InnoDB: If you are installing InnoDB, remember that you must create directories yourself, InnoDB does not create them.
2026-07-19 17:09:04 0 [ERROR] InnoDB: Cannot open datafile for read-only: '.\moodle_db\badge_related.ibd' OS error: 203
2026-07-19 17:09:04 0 [ERROR] InnoDB: Operating system error number 203 in a file operation.
2026-07-19 17:09:04 0 [Note] InnoDB: Some operating system error numbers are described at https://mariadb.com/kb/en/library/operating-system-error-codes/
2026-07-19 17:09:04 0 [ERROR] InnoDB: Could not find a valid tablespace file for ``moodle_db`.`badge_related``. Please refer to https://mariadb.com/kb/en/innodb-data-dictionary-troubleshooting/ for how to resolve the issue.
2026-07-19 17:09:04 0 [Warning] InnoDB: Ignoring tablespace for `moodle_db`.`badge_related` because it could not be opened.
2026-07-19 17:09:04 0 [ERROR] InnoDB: Operating system error number 3 in a file operation.
2026-07-19 17:09:04 0 [ERROR] InnoDB: The error means the system cannot find the path specified.
2026-07-19 17:09:04 0 [ERROR] InnoDB: If you are installing InnoDB, remember that you must create directories yourself, InnoDB does not create them.
2026-07-19 17:09:04 0 [ERROR] InnoDB: Cannot open datafile for read-only: '.\moodle_db\bigbluebuttonbn.ibd' OS error: 203
2026-07-19 17:09:04 0 [ERROR] InnoDB: Operating system error number 203 in a file operation.
2026-07-19 17:09:04 0 [Note] InnoDB: Some operating system error numbers are described at https://mariadb.com/kb/en/library/operating-system-error-codes/
2026-07-19 17:09:04 0 [ERROR] InnoDB: Could not find a valid tablespace file for ``moodle_db`.`bigbluebuttonbn``. Please refer to https://mariadb.com/kb/en/innodb-data-dictionary-troubleshooting/ for how to resolve the issue.
2026-07-19 17:09:04 0 [Warning] InnoDB: Ignoring tablespace for `moodle_db`.`bigbluebuttonbn` because it could not be opened.
2026-07-19 17:09:04 0 [ERROR] InnoDB: Operating system error number 3 in a file operation.
2026-07-19 17:09:04 0 [ERROR] InnoDB: The error means the system cannot find the path specified.
2026-07-19 17:09:04 0 [ERROR] InnoDB: If you are installing InnoDB, remember that you must create directories yourself, InnoDB does not create them.
2026-07-19 17:09:04 0 [ERROR] InnoDB: Cannot open datafile for read-only: '.\moodle_db\bigbluebuttonbn_logs.ibd' OS error: 203
2026-07-19 17:09:04 0 [ERROR] InnoDB: Operating system error number 203 in a file operation.
2026-07-19 17:09:04 0 [Note] InnoDB: Some operating system error numbers are described at https://mariadb.com/kb/en/library/operating-system-error-codes/
2026-07-19 17:09:04 0 [ERROR] InnoDB: Could not find a valid tablespace file for ``moodle_db`.`bigbluebuttonbn_logs``. Please refer to https://mariadb.com/kb/en/innodb-data-dictionary-troubleshooting/ for how to resolve the issue.
2026-07-19 17:09:04 0 [Warning] InnoDB: Ignoring tablespace for `moodle_db`.`bigbluebuttonbn_logs` because it could not be opened.
2026-07-19 17:09:04 0 [ERROR] InnoDB: Operating system error number 3 in a file operation.
2026-07-19 17:09:04 0 [ERROR] InnoDB: The error means the system cannot find the path specified.
2026-07-19 17:09:04 0 [ERROR] InnoDB: If you are installing InnoDB, remember that you must create directories yourself, InnoDB does not create them.
2026-07-19 17:09:04 0 [ERROR] InnoDB: Cannot open datafile for read-only: '.\moodle_db\bigbluebuttonbn_recordings.ibd' OS error: 203
2026-07-19 17:09:04 0 [ERROR] InnoDB: Operating system error number 203 in a file operation.
2026-07-19 17:09:04 0 [Note] InnoDB: Some operating system error numbers are described at https://mariadb.com/kb/en/library/operating-system-error-codes/
2026-07-19 17:09:04 0 [ERROR] InnoDB: Could not find a valid tablespace file for ``moodle_db`.`bigbluebuttonbn_recordings``. Please refer to https://mariadb.com/kb/en/innodb-data-dictionary-troubleshooting/ for how to resolve the issue.
2026-07-19 17:09:04 0 [Warning] InnoDB: Ignoring tablespace for `moodle_db`.`bigbluebuttonbn_recordings` because it could not be opened.
2026-07-19 17:09:04 0 [ERROR] InnoDB: Operating system error number 3 in a file operation.
2026-07-19 17:09:04 0 [ERROR] InnoDB: The error means the system cannot find the path specified.
2026-07-19 17:09:04 0 [ERROR] InnoDB: If you are installing InnoDB, remember that you must create directories yourself, InnoDB does not create them.
2026-07-19 17:09:04 0 [ERROR] InnoDB: Cannot open datafile for read-only: '.\moodle_db\block.ibd' OS error: 203
2026-07-19 17:09:04 0 [ERROR] InnoDB: Operating system error number 203 in a file operation.
2026-07-19 17:09:04 0 [Note] InnoDB: Some operating system error numbers are described at https://mariadb.com/kb/en/library/operating-system-error-codes/
2026-07-19 17:09:04 0 [ERROR] InnoDB: Could not find a valid tablespace file for ``moodle_db`.`block``. Please refer to https://mariadb.com/kb/en/innodb-data-dictionary-troubleshooting/ for how to resolve the issue.
2026-07-19 17:09:04 0 [Warning] InnoDB: Ignoring tablespace for `moodle_db`.`block` because it could not be opened.
2026-07-19 17:09:04 0 [ERROR] InnoDB: Operating system error number 3 in a file operation.
2026-07-19 17:09:04 0 [ERROR] InnoDB: The error means the system cannot find the path specified.
2026-07-19 17:09:04 0 [ERROR] InnoDB: If you are installing InnoDB, remember that you must create directories yourself, InnoDB does not create them.
2026-07-19 17:09:04 0 [ERROR] InnoDB: Cannot open datafile for read-only: '.\moodle_db\block_instances.ibd' OS error: 203
2026-07-19 17:09:04 0 [ERROR] InnoDB: Operating system error number 203 in a file operation.
2026-07-19 17:09:04 0 [Note] InnoDB: Some operating system error numbers are described at https://mariadb.com/kb/en/library/operating-system-error-codes/
2026-07-19 17:09:04 0 [ERROR] InnoDB: Could not find a valid tablespace file for ``moodle_db`.`block_instances``. Please refer to https://mariadb.com/kb/en/innodb-data-dictionary-troubleshooting/ for how to resolve the issue.
2026-07-19 17:09:04 0 [Warning] InnoDB: Ignoring tablespace for `moodle_db`.`block_instances` because it could not be opened.
2026-07-19 17:09:04 0 [ERROR] InnoDB: Operating system error number 3 in a file operation.
2026-07-19 17:09:04 0 [ERROR] InnoDB: The error means the system cannot find the path specified.
2026-07-19 17:09:04 0 [ERROR] InnoDB: If you are installing InnoDB, remember that you must create directories yourself, InnoDB does not create them.
2026-07-19 17:09:04 0 [ERROR] InnoDB: Cannot open datafile for read-only: '.\moodle_db\block_positions.ibd' OS error: 203
2026-07-19 17:09:04 0 [ERROR] InnoDB: Operating system error number 203 in a file operation.
2026-07-19 17:09:04 0 [Note] InnoDB: Some operating system error numbers are described at https://mariadb.com/kb/en/library/operating-system-error-codes/
2026-07-19 17:09:04 0 [ERROR] InnoDB: Could not find a valid tablespace file for ``moodle_db`.`block_positions``. Please refer to https://mariadb.com/kb/en/innodb-data-dictionary-troubleshooting/ for how to resolve the issue.
2026-07-19 17:09:04 0 [Warning] InnoDB: Ignoring tablespace for `moodle_db`.`block_positions` because it could not be opened.
2026-07-19 17:09:04 0 [ERROR] InnoDB: Operating system error number 3 in a file operation.
2026-07-19 17:09:04 0 [ERROR] InnoDB: The error means the system cannot find the path specified.
2026-07-19 17:09:04 0 [ERROR] InnoDB: If you are installing InnoDB, remember that you must create directories yourself, InnoDB does not create them.
2026-07-19 17:09:04 0 [ERROR] InnoDB: Cannot open datafile for read-only: '.\moodle_db\block_recent_activity.ibd' OS error: 203
2026-07-19 17:09:04 0 [ERROR] InnoDB: Operating system error number 203 in a file operation.
2026-07-19 17:09:04 0 [Note] InnoDB: Some operating system error numbers are described at https://mariadb.com/kb/en/library/operating-system-error-codes/
2026-07-19 17:09:04 0 [ERROR] InnoDB: Could not find a valid tablespace file for ``moodle_db`.`block_recent_activity``. Please refer to https://mariadb.com/kb/en/innodb-data-dictionary-troubleshooting/ for how to resolve the issue.
2026-07-19 17:09:04 0 [Warning] InnoDB: Ignoring tablespace for `moodle_db`.`block_recent_activity` because it could not be opened.
2026-07-19 17:09:04 0 [ERROR] InnoDB: Operating system error number 3 in a file operation.
2026-07-19 17:09:04 0 [ERROR] InnoDB: The error means the system cannot find the path specified.
2026-07-19 17:09:04 0 [ERROR] InnoDB: If you are installing InnoDB, remember that you must create directories yourself, InnoDB does not create them.
2026-07-19 17:09:04 0 [ERROR] InnoDB: Cannot open datafile for read-only: '.\moodle_db\block_recentlyaccesseditems.ibd' OS error: 203
2026-07-19 17:09:04 0 [ERROR] InnoDB: Operating system error number 203 in a file operation.
2026-07-19 17:09:04 0 [Note] InnoDB: Some operating system error numbers are described at https://mariadb.com/kb/en/library/operating-system-error-codes/
2026-07-19 17:09:04 0 [ERROR] InnoDB: Could not find a valid tablespace file for ``moodle_db`.`block_recentlyaccesseditems``. Please refer to https://mariadb.com/kb/en/innodb-data-dictionary-troubleshooting/ for how to resolve the issue.
2026-07-19 17:09:04 0 [Warning] InnoDB: Ignoring tablespace for `moodle_db`.`block_recentlyaccesseditems` because it could not be opened.
2026-07-19 17:09:04 0 [ERROR] InnoDB: Operating system error number 3 in a file operation.
2026-07-19 17:09:04 0 [ERROR] InnoDB: The error means the system cannot find the path specified.
2026-07-19 17:09:04 0 [ERROR] InnoDB: If you are installing InnoDB, remember that you must create directories yourself, InnoDB does not create them.
2026-07-19 17:09:04 0 [ERROR] InnoDB: Cannot open datafile for read-only: '.\moodle_db\block_rss_client.ibd' OS error: 203
2026-07-19 17:09:04 0 [ERROR] InnoDB: Operating system error number 203 in a file operation.
2026-07-19 17:09:04 0 [Note] InnoDB: Some operating system error numbers are described at https://mariadb.com/kb/en/library/operating-system-error-codes/
2026-07-19 17:09:04 0 [ERROR] InnoDB: Could not find a valid tablespace file for ``moodle_db`.`block_rss_client``. Please refer to https://mariadb.com/kb/en/innodb-data-dictionary-troubleshooting/ for how to resolve the issue.
2026-07-19 17:09:04 0 [Warning] InnoDB: Ignoring tablespace for `moodle_db`.`block_rss_client` because it could not be opened.
2026-07-19 17:09:04 0 [ERROR] InnoDB: Operating system error number 3 in a file operation.
2026-07-19 17:09:04 0 [ERROR] InnoDB: The error means the system cannot find the path specified.
2026-07-19 17:09:04 0 [ERROR] InnoDB: If you are installing InnoDB, remember that you must create directories yourself, InnoDB does not create them.
2026-07-19 17:09:04 0 [ERROR] InnoDB: Cannot open datafile for read-only: '.\moodle_db\blog_association.ibd' OS error: 203
2026-07-19 17:09:04 0 [ERROR] InnoDB: Operating system error number 203 in a file operation.
2026-07-19 17:09:04 0 [Note] InnoDB: Some operating system error numbers are described at https://mariadb.com/kb/en/library/operating-system-error-codes/
2026-07-19 17:09:04 0 [ERROR] InnoDB: Could not find a valid tablespace file for ``moodle_db`.`blog_association``. Please refer to https://mariadb.com/kb/en/innodb-data-dictionary-troubleshooting/ for how to resolve the issue.
2026-07-19 17:09:04 0 [Warning] InnoDB: Ignoring tablespace for `moodle_db`.`blog_association` because it could not be opened.
2026-07-19 17:09:04 0 [ERROR] InnoDB: Operating system error number 3 in a file operation.
2026-07-19 17:09:04 0 [ERROR] InnoDB: The error means the system cannot find the path specified.
2026-07-19 17:09:04 0 [ERROR] InnoDB: If you are installing InnoDB, remember that you must create directories yourself, InnoDB does not create them.
2026-07-19 17:09:04 0 [ERROR] InnoDB: Cannot open datafile for read-only: '.\moodle_db\blog_external.ibd' OS error: 203
2026-07-19 17:09:04 0 [ERROR] InnoDB: Operating system error number 203 in a file operation.
2026-07-19 17:09:04 0 [Note] InnoDB: Some operating system error numbers are described at https://mariadb.com/kb/en/library/operating-system-error-codes/
2026-07-19 17:09:04 0 [ERROR] InnoDB: Could not find a valid tablespace file for ``moodle_db`.`blog_external``. Please refer to https://mariadb.com/kb/en/innodb-data-dictionary-troubleshooting/ for how to resolve the issue.
2026-07-19 17:09:04 0 [Warning] InnoDB: Ignoring tablespace for `moodle_db`.`blog_external` because it could not be opened.
2026-07-19 17:09:04 0 [ERROR] InnoDB: Operating system error number 3 in a file operation.
2026-07-19 17:09:04 0 [ERROR] InnoDB: The error means the system cannot find the path specified.
2026-07-19 17:09:04 0 [ERROR] InnoDB: If you are installing InnoDB, remember that you must create directories yourself, InnoDB does not create them.
2026-07-19 17:09:04 0 [ERROR] InnoDB: Cannot open datafile for read-only: '.\moodle_db\book.ibd' OS error: 203
2026-07-19 17:09:04 0 [ERROR] InnoDB: Operating system error number 203 in a file operation.
2026-07-19 17:09:04 0 [Note] InnoDB: Some operating system error numbers are described at https://mariadb.com/kb/en/library/operating-system-error-codes/
2026-07-19 17:09:04 0 [ERROR] InnoDB: Could not find a valid tablespace file for ``moodle_db`.`book``. Please refer to https://mariadb.com/kb/en/innodb-data-dictionary-troubleshooting/ for how to resolve the issue.
2026-07-19 17:09:04 0 [Warning] InnoDB: Ignoring tablespace for `moodle_db`.`book` because it could not be opened.
2026-07-19 17:09:04 0 [ERROR] InnoDB: Operating system error number 3 in a file operation.
2026-07-19 17:09:04 0 [ERROR] InnoDB: The error means the system cannot find the path specified.
2026-07-19 17:09:04 0 [ERROR] InnoDB: If you are installing InnoDB, remember that you must create directories yourself, InnoDB does not create them.
2026-07-19 17:09:04 0 [ERROR] InnoDB: Cannot open datafile for read-only: '.\moodle_db\book_chapters.ibd' OS error: 203
2026-07-19 17:09:04 0 [ERROR] InnoDB: Operating system error number 203 in a file operation.
2026-07-19 17:09:04 0 [Note] InnoDB: Some operating system error numbers are described at https://mariadb.com/kb/en/library/operating-system-error-codes/
2026-07-19 17:09:04 0 [ERROR] InnoDB: Could not find a valid tablespace file for ``moodle_db`.`book_chapters``. Please refer to https://mariadb.com/kb/en/innodb-data-dictionary-troubleshooting/ for how to resolve the issue.
2026-07-19 17:09:04 0 [Warning] InnoDB: Ignoring tablespace for `moodle_db`.`book_chapters` because it could not be opened.
2026-07-19 17:09:04 0 [ERROR] InnoDB: Operating system error number 3 in a file operation.
2026-07-19 17:09:04 0 [ERROR] InnoDB: The error means the system cannot find the path specified.
2026-07-19 17:09:04 0 [ERROR] InnoDB: If you are installing InnoDB, remember that you must create directories yourself, InnoDB does not create them.
2026-07-19 17:09:04 0 [ERROR] InnoDB: Cannot open datafile for read-only: '.\moodle_db\cache_filters.ibd' OS error: 203
2026-07-19 17:09:04 0 [ERROR] InnoDB: Operating system error number 203 in a file operation.
2026-07-19 17:09:04 0 [Note] InnoDB: Some operating system error numbers are described at https://mariadb.com/kb/en/library/operating-system-error-codes/
2026-07-19 17:09:04 0 [ERROR] InnoDB: Could not find a valid tablespace file for ``moodle_db`.`cache_filters``. Please refer to https://mariadb.com/kb/en/innodb-data-dictionary-troubleshooting/ for how to resolve the issue.
2026-07-19 17:09:04 0 [Warning] InnoDB: Ignoring tablespace for `moodle_db`.`cache_filters` because it could not be opened.
2026-07-19 17:09:04 0 [ERROR] InnoDB: Operating system error number 3 in a file operation.
2026-07-19 17:09:04 0 [ERROR] InnoDB: The error means the system cannot find the path specified.
2026-07-19 17:09:04 0 [ERROR] InnoDB: If you are installing InnoDB, remember that you must create directories yourself, InnoDB does not create them.
2026-07-19 17:09:04 0 [ERROR] InnoDB: Cannot open datafile for read-only: '.\moodle_db\cache_flags.ibd' OS error: 203
2026-07-19 17:09:04 0 [ERROR] InnoDB: Operating system error number 203 in a file operation.
2026-07-19 17:09:04 0 [Note] InnoDB: Some operating system error numbers are described at https://mariadb.com/kb/en/library/operating-system-error-codes/
2026-07-19 17:09:04 0 [ERROR] InnoDB: Could not find a valid tablespace file for ``moodle_db`.`cache_flags``. Please refer to https://mariadb.com/kb/en/innodb-data-dictionary-troubleshooting/ for how to resolve the issue.
2026-07-19 17:09:04 0 [Warning] InnoDB: Ignoring tablespace for `moodle_db`.`cache_flags` because it could not be opened.
2026-07-19 17:09:04 0 [ERROR] InnoDB: Operating system error number 3 in a file operation.
2026-07-19 17:09:04 0 [ERROR] InnoDB: The error means the system cannot find the path specified.
2026-07-19 17:09:04 0 [ERROR] InnoDB: If you are installing InnoDB, remember that you must create directories yourself, InnoDB does not create them.
2026-07-19 17:09:04 0 [ERROR] InnoDB: Cannot open datafile for read-only: '.\moodle_db\capabilities.ibd' OS error: 203
2026-07-19 17:09:04 0 [ERROR] InnoDB: Operating system error number 203 in a file operation.
2026-07-19 17:09:04 0 [Note] InnoDB: Some operating system error numbers are described at https://mariadb.com/kb/en/library/operating-system-error-codes/
2026-07-19 17:09:04 0 [ERROR] InnoDB: Could not find a valid tablespace file for ``moodle_db`.`capabilities``. Please refer to https://mariadb.com/kb/en/innodb-data-dictionary-troubleshooting/ for how to resolve the issue.
2026-07-19 17:09:04 0 [Warning] InnoDB: Ignoring tablespace for `moodle_db`.`capabilities` because it could not be opened.
2026-07-19 17:09:04 0 [ERROR] InnoDB: Operating system error number 3 in a file operation.
2026-07-19 17:09:04 0 [ERROR] InnoDB: The error means the system cannot find the path specified.
2026-07-19 17:09:04 0 [ERROR] InnoDB: If you are installing InnoDB, remember that you must create directories yourself, InnoDB does not create them.
2026-07-19 17:09:04 0 [ERROR] InnoDB: Cannot open datafile for read-only: '.\moodle_db\choice.ibd' OS error: 203
2026-07-19 17:09:04 0 [ERROR] InnoDB: Operating system error number 203 in a file operation.
2026-07-19 17:09:04 0 [Note] InnoDB: Some operating system error numbers are described at https://mariadb.com/kb/en/library/operating-system-error-codes/
2026-07-19 17:09:04 0 [ERROR] InnoDB: Could not find a valid tablespace file for ``moodle_db`.`choice``. Please refer to https://mariadb.com/kb/en/innodb-data-dictionary-troubleshooting/ for how to resolve the issue.
2026-07-19 17:09:04 0 [Warning] InnoDB: Ignoring tablespace for `moodle_db`.`choice` because it could not be opened.
2026-07-19 17:09:04 0 [ERROR] InnoDB: Operating system error number 3 in a file operation.
2026-07-19 17:09:04 0 [ERROR] InnoDB: The error means the system cannot find the path specified.
2026-07-19 17:09:04 0 [ERROR] InnoDB: If you are installing InnoDB, remember that you must create directories yourself, InnoDB does not create them.
2026-07-19 17:09:04 0 [ERROR] InnoDB: Cannot open datafile for read-only: '.\moodle_db\choice_answers.ibd' OS error: 203
2026-07-19 17:09:04 0 [ERROR] InnoDB: Operating system error number 203 in a file operation.
2026-07-19 17:09:04 0 [Note] InnoDB: Some operating system error numbers are described at https://mariadb.com/kb/en/library/operating-system-error-codes/
2026-07-19 17:09:04 0 [ERROR] InnoDB: Could not find a valid tablespace file for ``moodle_db`.`choice_answers``. Please refer to https://mariadb.com/kb/en/innodb-data-dictionary-troubleshooting/ for how to resolve the issue.
2026-07-19 17:09:04 0 [Warning] InnoDB: Ignoring tablespace for `moodle_db`.`choice_answers` because it could not be opened.
2026-07-19 17:09:04 0 [ERROR] InnoDB: Operating system error number 3 in a file operation.
2026-07-19 17:09:04 0 [ERROR] InnoDB: The error means the system cannot find the path specified.
2026-07-19 17:09:04 0 [ERROR] InnoDB: If you are installing InnoDB, remember that you must create directories yourself, InnoDB does not create them.
2026-07-19 17:09:04 0 [ERROR] InnoDB: Cannot open datafile for read-only: '.\moodle_db\choice_options.ibd' OS error: 203
2026-07-19 17:09:04 0 [ERROR] InnoDB: Operating system error number 203 in a file operation.
2026-07-19 17:09:04 0 [Note] InnoDB: Some operating system error numbers are described at https://mariadb.com/kb/en/library/operating-system-error-codes/
2026-07-19 17:09:04 0 [ERROR] InnoDB: Could not find a valid tablespace file for ``moodle_db`.`choice_options``. Please refer to https://mariadb.com/kb/en/innodb-data-dictionary-troubleshooting/ for how to resolve the issue.
2026-07-19 17:09:04 0 [Warning] InnoDB: Ignoring tablespace for `moodle_db`.`choice_options` because it could not be opened.
2026-07-19 17:09:04 0 [ERROR] InnoDB: Operating system error number 3 in a file operation.
2026-07-19 17:09:04 0 [ERROR] InnoDB: The error means the system cannot find the path specified.
2026-07-19 17:09:04 0 [ERROR] InnoDB: If you are installing InnoDB, remember that you must create directories yourself, InnoDB does not create them.
2026-07-19 17:09:04 0 [ERROR] InnoDB: Cannot open datafile for read-only: '.\moodle_db\cities.ibd' OS error: 203
2026-07-19 17:09:04 0 [ERROR] InnoDB: Operating system error number 203 in a file operation.
2026-07-19 17:09:04 0 [Note] InnoDB: Some operating system error numbers are described at https://mariadb.com/kb/en/library/operating-system-error-codes/
2026-07-19 17:09:04 0 [ERROR] InnoDB: Could not find a valid tablespace file for ``moodle_db`.`cities``. Please refer to https://mariadb.com/kb/en/innodb-data-dictionary-troubleshooting/ for how to resolve the issue.
2026-07-19 17:09:04 0 [Warning] InnoDB: Ignoring tablespace for `moodle_db`.`cities` because it could not be opened.
2026-07-19 17:09:04 0 [ERROR] InnoDB: Operating system error number 3 in a file operation.
2026-07-19 17:09:04 0 [ERROR] InnoDB: The error means the system cannot find the path specified.
2026-07-19 17:09:04 0 [ERROR] InnoDB: If you are installing InnoDB, remember that you must create directories yourself, InnoDB does not create them.
2026-07-19 17:09:04 0 [ERROR] InnoDB: Cannot open datafile for read-only: '.\moodle_db\cohort.ibd' OS error: 203
2026-07-19 17:09:04 0 [ERROR] InnoDB: Operating system error number 203 in a file operation.
2026-07-19 17:09:04 0 [Note] InnoDB: Some operating system error numbers are described at https://mariadb.com/kb/en/library/operating-system-error-codes/
2026-07-19 17:09:04 0 [ERROR] InnoDB: Could not find a valid tablespace file for ``moodle_db`.`cohort``. Please refer to https://mariadb.com/kb/en/innodb-data-dictionary-troubleshooting/ for how to resolve the issue.
2026-07-19 17:09:04 0 [Warning] InnoDB: Ignoring tablespace for `moodle_db`.`cohort` because it could not be opened.
2026-07-19 17:09:04 0 [ERROR] InnoDB: Operating system error number 3 in a file operation.
2026-07-19 17:09:04 0 [ERROR] InnoDB: The error means the system cannot find the path specified.
2026-07-19 17:09:04 0 [ERROR] InnoDB: If you are installing InnoDB, remember that you must create directories yourself, InnoDB does not create them.
2026-07-19 17:09:04 0 [ERROR] InnoDB: Cannot open datafile for read-only: '.\moodle_db\cohort_members.ibd' OS error: 203
2026-07-19 17:09:04 0 [ERROR] InnoDB: Operating system error number 203 in a file operation.
2026-07-19 17:09:04 0 [Note] InnoDB: Some operating system error numbers are described at https://mariadb.com/kb/en/library/operating-system-error-codes/
2026-07-19 17:09:04 0 [ERROR] InnoDB: Could not find a valid tablespace file for ``moodle_db`.`cohort_members``. Please refer to https://mariadb.com/kb/en/innodb-data-dictionary-troubleshooting/ for how to resolve the issue.
2026-07-19 17:09:04 0 [Warning] InnoDB: Ignoring tablespace for `moodle_db`.`cohort_members` because it could not be opened.
2026-07-19 17:09:04 0 [ERROR] InnoDB: Operating system error number 3 in a file operation.
2026-07-19 17:09:04 0 [ERROR] InnoDB: The error means the system cannot find the path specified.
2026-07-19 17:09:04 0 [ERROR] InnoDB: If you are installing InnoDB, remember that you must create directories yourself, InnoDB does not create them.
2026-07-19 17:09:04 0 [ERROR] InnoDB: Cannot open datafile for read-only: '.\moodle_db\comments.ibd' OS error: 203
2026-07-19 17:09:04 0 [ERROR] InnoDB: Operating system error number 203 in a file operation.
2026-07-19 17:09:04 0 [Note] InnoDB: Some operating system error numbers are described at https://mariadb.com/kb/en/library/operating-system-error-codes/
2026-07-19 17:09:04 0 [ERROR] InnoDB: Could not find a valid tablespace file for ``moodle_db`.`comments``. Please refer to https://mariadb.com/kb/en/innodb-data-dictionary-troubleshooting/ for how to resolve the issue.
2026-07-19 17:09:04 0 [Warning] InnoDB: Ignoring tablespace for `moodle_db`.`comments` because it could not be opened.
2026-07-19 17:09:04 0 [ERROR] InnoDB: Operating system error number 3 in a file operation.
2026-07-19 17:09:04 0 [ERROR] InnoDB: The error means the system cannot find the path specified.
2026-07-19 17:09:04 0 [ERROR] InnoDB: If you are installing InnoDB, remember that you must create directories yourself, InnoDB does not create them.
2026-07-19 17:09:04 0 [ERROR] InnoDB: Cannot open datafile for read-only: '.\moodle_db\communication.ibd' OS error: 203
2026-07-19 17:09:04 0 [ERROR] InnoDB: Operating system error number 203 in a file operation.
2026-07-19 17:09:04 0 [Note] InnoDB: Some operating system error numbers are described at https://mariadb.com/kb/en/library/operating-system-error-codes/
2026-07-19 17:09:04 0 [ERROR] InnoDB: Could not find a valid tablespace file for ``moodle_db`.`communication``. Please refer to https://mariadb.com/kb/en/innodb-data-dictionary-troubleshooting/ for how to resolve the issue.
2026-07-19 17:09:04 0 [Warning] InnoDB: Ignoring tablespace for `moodle_db`.`communication` because it could not be opened.
2026-07-19 17:09:04 0 [ERROR] InnoDB: Operating system error number 3 in a file operation.
2026-07-19 17:09:04 0 [ERROR] InnoDB: The error means the system cannot find the path specified.
2026-07-19 17:09:04 0 [ERROR] InnoDB: If you are installing InnoDB, remember that you must create directories yourself, InnoDB does not create them.
2026-07-19 17:09:04 0 [ERROR] InnoDB: Cannot open datafile for read-only: '.\moodle_db\communication_customlink.ibd' OS error: 203
2026-07-19 17:09:04 0 [ERROR] InnoDB: Operating system error number 203 in a file operation.
2026-07-19 17:09:04 0 [Note] InnoDB: Some operating system error numbers are described at https://mariadb.com/kb/en/library/operating-system-error-codes/
2026-07-19 17:09:04 0 [ERROR] InnoDB: Could not find a valid tablespace file for ``moodle_db`.`communication_customlink``. Please refer to https://mariadb.com/kb/en/innodb-data-dictionary-troubleshooting/ for how to resolve the issue.
2026-07-19 17:09:04 0 [Warning] InnoDB: Ignoring tablespace for `moodle_db`.`communication_customlink` because it could not be opened.
2026-07-19 17:09:04 0 [ERROR] InnoDB: Operating system error number 3 in a file operation.
2026-07-19 17:09:04 0 [ERROR] InnoDB: The error means the system cannot find the path specified.
2026-07-19 17:09:04 0 [ERROR] InnoDB: If you are installing InnoDB, remember that you must create directories yourself, InnoDB does not create them.
2026-07-19 17:09:04 0 [ERROR] InnoDB: Cannot open datafile for read-only: '.\moodle_db\communication_user.ibd' OS error: 203
2026-07-19 17:09:04 0 [ERROR] InnoDB: Operating system error number 203 in a file operation.
2026-07-19 17:09:04 0 [Note] InnoDB: Some operating system error numbers are described at https://mariadb.com/kb/en/library/operating-system-error-codes/
2026-07-19 17:09:04 0 [ERROR] InnoDB: Could not find a valid tablespace file for ``moodle_db`.`communication_user``. Please refer to https://mariadb.com/kb/en/innodb-data-dictionary-troubleshooting/ for how to resolve the issue.
2026-07-19 17:09:04 0 [Warning] InnoDB: Ignoring tablespace for `moodle_db`.`communication_user` because it could not be opened.
2026-07-19 17:09:04 0 [ERROR] InnoDB: Operating system error number 3 in a file operation.
2026-07-19 17:09:04 0 [ERROR] InnoDB: The error means the system cannot find the path specified.
2026-07-19 17:09:04 0 [ERROR] InnoDB: If you are installing InnoDB, remember that you must create directories yourself, InnoDB does not create them.
2026-07-19 17:09:04 0 [ERROR] InnoDB: Cannot open datafile for read-only: '.\moodle_db\competency.ibd' OS error: 203
2026-07-19 17:09:04 0 [ERROR] InnoDB: Operating system error number 203 in a file operation.
2026-07-19 17:09:04 0 [Note] InnoDB: Some operating system error numbers are described at https://mariadb.com/kb/en/library/operating-system-error-codes/
2026-07-19 17:09:04 0 [ERROR] InnoDB: Could not find a valid tablespace file for ``moodle_db`.`competency``. Please refer to https://mariadb.com/kb/en/innodb-data-dictionary-troubleshooting/ for how to resolve the issue.
2026-07-19 17:09:04 0 [Warning] InnoDB: Ignoring tablespace for `moodle_db`.`competency` because it could not be opened.
2026-07-19 17:09:04 0 [ERROR] InnoDB: Operating system error number 3 in a file operation.
2026-07-19 17:09:04 0 [ERROR] InnoDB: The error means the system cannot find the path specified.
2026-07-19 17:09:04 0 [ERROR] InnoDB: If you are installing InnoDB, remember that you must create directories yourself, InnoDB does not create them.
2026-07-19 17:09:04 0 [ERROR] InnoDB: Cannot open datafile for read-only: '.\moodle_db\competency_coursecomp.ibd' OS error: 203
2026-07-19 17:09:04 0 [ERROR] InnoDB: Operating system error number 203 in a file operation.
2026-07-19 17:09:04 0 [Note] InnoDB: Some operating system error numbers are described at https://mariadb.com/kb/en/library/operating-system-error-codes/
2026-07-19 17:09:04 0 [ERROR] InnoDB: Could not find a valid tablespace file for ``moodle_db`.`competency_coursecomp``. Please refer to https://mariadb.com/kb/en/innodb-data-dictionary-troubleshooting/ for how to resolve the issue.
2026-07-19 17:09:04 0 [Warning] InnoDB: Ignoring tablespace for `moodle_db`.`competency_coursecomp` because it could not be opened.
2026-07-19 17:09:04 0 [ERROR] InnoDB: Operating system error number 3 in a file operation.
2026-07-19 17:09:04 0 [ERROR] InnoDB: The error means the system cannot find the path specified.
2026-07-19 17:09:04 0 [ERROR] InnoDB: If you are installing InnoDB, remember that you must create directories yourself, InnoDB does not create them.
2026-07-19 17:09:04 0 [ERROR] InnoDB: Cannot open datafile for read-only: '.\moodle_db\competency_coursecompsetting.ibd' OS error: 203
2026-07-19 17:09:04 0 [ERROR] InnoDB: Operating system error number 203 in a file operation.
2026-07-19 17:09:04 0 [Note] InnoDB: Some operating system error numbers are described at https://mariadb.com/kb/en/library/operating-system-error-codes/
2026-07-19 17:09:04 0 [ERROR] InnoDB: Could not find a valid tablespace file for ``moodle_db`.`competency_coursecompsetting``. Please refer to https://mariadb.com/kb/en/innodb-data-dictionary-troubleshooting/ for how to resolve the issue.
2026-07-19 17:09:04 0 [Warning] InnoDB: Ignoring tablespace for `moodle_db`.`competency_coursecompsetting` because it could not be opened.
2026-07-19 17:09:04 0 [ERROR] InnoDB: Operating system error number 3 in a file operation.
2026-07-19 17:09:04 0 [ERROR] InnoDB: The error means the system cannot find the path specified.
2026-07-19 17:09:04 0 [ERROR] InnoDB: If you are installing InnoDB, remember that you must create directories yourself, InnoDB does not create them.
2026-07-19 17:09:04 0 [ERROR] InnoDB: Cannot open datafile for read-only: '.\moodle_db\competency_evidence.ibd' OS error: 203
2026-07-19 17:09:04 0 [ERROR] InnoDB: Operating system error number 203 in a file operation.
2026-07-19 17:09:04 0 [Note] InnoDB: Some operating system error numbers are described at https://mariadb.com/kb/en/library/operating-system-error-codes/
2026-07-19 17:09:04 0 [ERROR] InnoDB: Could not find a valid tablespace file for ``moodle_db`.`competency_evidence``. Please refer to https://mariadb.com/kb/en/innodb-data-dictionary-troubleshooting/ for how to resolve the issue.
2026-07-19 17:09:04 0 [Warning] InnoDB: Ignoring tablespace for `moodle_db`.`competency_evidence` because it could not be opened.
2026-07-19 17:09:04 0 [ERROR] InnoDB: Operating system error number 3 in a file operation.
2026-07-19 17:09:04 0 [ERROR] InnoDB: The error means the system cannot find the path specified.
2026-07-19 17:09:04 0 [ERROR] InnoDB: If you are installing InnoDB, remember that you must create directories yourself, InnoDB does not create them.
2026-07-19 17:09:04 0 [ERROR] InnoDB: Cannot open datafile for read-only: '.\moodle_db\competency_framework.ibd' OS error: 203
2026-07-19 17:09:04 0 [ERROR] InnoDB: Operating system error number 203 in a file operation.
2026-07-19 17:09:04 0 [Note] InnoDB: Some operating system error numbers are described at https://mariadb.com/kb/en/library/operating-system-error-codes/
2026-07-19 17:09:04 0 [ERROR] InnoDB: Could not find a valid tablespace file for ``moodle_db`.`competency_framework``. Please refer to https://mariadb.com/kb/en/innodb-data-dictionary-troubleshooting/ for how to resolve the issue.
2026-07-19 17:09:04 0 [Warning] InnoDB: Ignoring tablespace for `moodle_db`.`competency_framework` because it could not be opened.
2026-07-19 17:09:04 0 [ERROR] InnoDB: Operating system error number 3 in a file operation.
2026-07-19 17:09:04 0 [ERROR] InnoDB: The error means the system cannot find the path specified.
2026-07-19 17:09:04 0 [ERROR] InnoDB: If you are installing InnoDB, remember that you must create directories yourself, InnoDB does not create them.
2026-07-19 17:09:04 0 [ERROR] InnoDB: Cannot open datafile for read-only: '.\moodle_db\competency_modulecomp.ibd' OS error: 203
2026-07-19 17:09:04 0 [ERROR] InnoDB: Operating system error number 203 in a file operation.
2026-07-19 17:09:04 0 [Note] InnoDB: Some operating system error numbers are described at https://mariadb.com/kb/en/library/operating-system-error-codes/
2026-07-19 17:09:04 0 [ERROR] InnoDB: Could not find a valid tablespace file for ``moodle_db`.`competency_modulecomp``. Please refer to https://mariadb.com/kb/en/innodb-data-dictionary-troubleshooting/ for how to resolve the issue.
2026-07-19 17:09:04 0 [Warning] InnoDB: Ignoring tablespace for `moodle_db`.`competency_modulecomp` because it could not be opened.
2026-07-19 17:09:04 0 [ERROR] InnoDB: Operating system error number 3 in a file operation.
2026-07-19 17:09:04 0 [ERROR] InnoDB: The error means the system cannot find the path specified.
2026-07-19 17:09:04 0 [ERROR] InnoDB: If you are installing InnoDB, remember that you must create directories yourself, InnoDB does not create them.
2026-07-19 17:09:04 0 [ERROR] InnoDB: Cannot open datafile for read-only: '.\moodle_db\competency_plan.ibd' OS error: 203
2026-07-19 17:09:04 0 [ERROR] InnoDB: Operating system error number 203 in a file operation.
2026-07-19 17:09:04 0 [Note] InnoDB: Some operating system error numbers are described at https://mariadb.com/kb/en/library/operating-system-error-codes/
2026-07-19 17:09:04 0 [ERROR] InnoDB: Could not find a valid tablespace file for ``moodle_db`.`competency_plan``. Please refer to https://mariadb.com/kb/en/innodb-data-dictionary-troubleshooting/ for how to resolve the issue.
2026-07-19 17:09:04 0 [Warning] InnoDB: Ignoring tablespace for `moodle_db`.`competency_plan` because it could not be opened.
2026-07-19 17:09:04 0 [ERROR] InnoDB: Operating system error number 3 in a file operation.
2026-07-19 17:09:04 0 [ERROR] InnoDB: The error means the system cannot find the path specified.
2026-07-19 17:09:04 0 [ERROR] InnoDB: If you are installing InnoDB, remember that you must create directories yourself, InnoDB does not create them.
2026-07-19 17:09:04 0 [ERROR] InnoDB: Cannot open datafile for read-only: '.\moodle_db\competency_plancomp.ibd' OS error: 203
2026-07-19 17:09:04 0 [ERROR] InnoDB: Operating system error number 203 in a file operation.
2026-07-19 17:09:04 0 [Note] InnoDB: Some operating system error numbers are described at https://mariadb.com/kb/en/library/operating-system-error-codes/
2026-07-19 17:09:04 0 [ERROR] InnoDB: Could not find a valid tablespace file for ``moodle_db`.`competency_plancomp``. Please refer to https://mariadb.com/kb/en/innodb-data-dictionary-troubleshooting/ for how to resolve the issue.
2026-07-19 17:09:04 0 [Warning] InnoDB: Ignoring tablespace for `moodle_db`.`competency_plancomp` because it could not be opened.
2026-07-19 17:09:04 0 [ERROR] InnoDB: Operating system error number 3 in a file operation.
2026-07-19 17:09:04 0 [ERROR] InnoDB: The error means the system cannot find the path specified.
2026-07-19 17:09:04 0 [ERROR] InnoDB: If you are installing InnoDB, remember that you must create directories yourself, InnoDB does not create them.
2026-07-19 17:09:04 0 [ERROR] InnoDB: Cannot open datafile for read-only: '.\moodle_db\competency_relatedcomp.ibd' OS error: 203
2026-07-19 17:09:04 0 [ERROR] InnoDB: Operating system error number 203 in a file operation.
2026-07-19 17:09:04 0 [Note] InnoDB: Some operating system error numbers are described at https://mariadb.com/kb/en/library/operating-system-error-codes/
2026-07-19 17:09:04 0 [ERROR] InnoDB: Could not find a valid tablespace file for ``moodle_db`.`competency_relatedcomp``. Please refer to https://mariadb.com/kb/en/innodb-data-dictionary-troubleshooting/ for how to resolve the issue.
2026-07-19 17:09:04 0 [Warning] InnoDB: Ignoring tablespace for `moodle_db`.`competency_relatedcomp` because it could not be opened.
2026-07-19 17:09:04 0 [ERROR] InnoDB: Operating system error number 3 in a file operation.
2026-07-19 17:09:04 0 [ERROR] InnoDB: The error means the system cannot find the path specified.
2026-07-19 17:09:04 0 [ERROR] InnoDB: If you are installing InnoDB, remember that you must create directories yourself, InnoDB does not create them.
2026-07-19 17:09:04 0 [ERROR] InnoDB: Cannot open datafile for read-only: '.\moodle_db\competency_template.ibd' OS error: 203
2026-07-19 17:09:04 0 [ERROR] InnoDB: Operating system error number 203 in a file operation.
2026-07-19 17:09:04 0 [Note] InnoDB: Some operating system error numbers are described at https://mariadb.com/kb/en/library/operating-system-error-codes/
2026-07-19 17:09:04 0 [ERROR] InnoDB: Could not find a valid tablespace file for ``moodle_db`.`competency_template``. Please refer to https://mariadb.com/kb/en/innodb-data-dictionary-troubleshooting/ for how to resolve the issue.
2026-07-19 17:09:04 0 [Warning] InnoDB: Ignoring tablespace for `moodle_db`.`competency_template` because it could not be opened.
2026-07-19 17:09:04 0 [ERROR] InnoDB: Operating system error number 3 in a file operation.
2026-07-19 17:09:04 0 [ERROR] InnoDB: The error means the system cannot find the path specified.
2026-07-19 17:09:04 0 [ERROR] InnoDB: If you are installing InnoDB, remember that you must create directories yourself, InnoDB does not create them.
2026-07-19 17:09:04 0 [ERROR] InnoDB: Cannot open datafile for read-only: '.\moodle_db\competency_templatecohort.ibd' OS error: 203
2026-07-19 17:09:04 0 [ERROR] InnoDB: Operating system error number 203 in a file operation.
2026-07-19 17:09:04 0 [Note] InnoDB: Some operating system error numbers are described at https://mariadb.com/kb/en/library/operating-system-error-codes/
2026-07-19 17:09:04 0 [ERROR] InnoDB: Could not find a valid tablespace file for ``moodle_db`.`competency_templatecohort``. Please refer to https://mariadb.com/kb/en/innodb-data-dictionary-troubleshooting/ for how to resolve the issue.
2026-07-19 17:09:04 0 [Warning] InnoDB: Ignoring tablespace for `moodle_db`.`competency_templatecohort` because it could not be opened.
2026-07-19 17:09:04 0 [ERROR] InnoDB: Operating system error number 3 in a file operation.
2026-07-19 17:09:04 0 [ERROR] InnoDB: The error means the system cannot find the path specified.
2026-07-19 17:09:04 0 [ERROR] InnoDB: If you are installing InnoDB, remember that you must create directories yourself, InnoDB does not create them.
2026-07-19 17:09:04 0 [ERROR] InnoDB: Cannot open datafile for read-only: '.\moodle_db\competency_templatecomp.ibd' OS error: 203
2026-07-19 17:09:04 0 [ERROR] InnoDB: Operating system error number 203 in a file operation.
2026-07-19 17:09:04 0 [Note] InnoDB: Some operating system error numbers are described at https://mariadb.com/kb/en/library/operating-system-error-codes/
2026-07-19 17:09:04 0 [ERROR] InnoDB: Could not find a valid tablespace file for ``moodle_db`.`competency_templatecomp``. Please refer to https://mariadb.com/kb/en/innodb-data-dictionary-troubleshooting/ for how to resolve the issue.
2026-07-19 17:09:04 0 [Warning] InnoDB: Ignoring tablespace for `moodle_db`.`competency_templatecomp` because it could not be opened.
2026-07-19 17:09:04 0 [ERROR] InnoDB: Operating system error number 3 in a file operation.
2026-07-19 17:09:04 0 [ERROR] InnoDB: The error means the system cannot find the path specified.
2026-07-19 17:09:04 0 [ERROR] InnoDB: If you are installing InnoDB, remember that you must create directories yourself, InnoDB does not create them.
2026-07-19 17:09:04 0 [ERROR] InnoDB: Cannot open datafile for read-only: '.\moodle_db\competency_usercomp.ibd' OS error: 203
2026-07-19 17:09:04 0 [ERROR] InnoDB: Operating system error number 203 in a file operation.
2026-07-19 17:09:04 0 [Note] InnoDB: Some operating system error numbers are described at https://mariadb.com/kb/en/library/operating-system-error-codes/
2026-07-19 17:09:04 0 [ERROR] InnoDB: Could not find a valid tablespace file for ``moodle_db`.`competency_usercomp``. Please refer to https://mariadb.com/kb/en/innodb-data-dictionary-troubleshooting/ for how to resolve the issue.
2026-07-19 17:09:04 0 [Warning] InnoDB: Ignoring tablespace for `moodle_db`.`competency_usercomp` because it could not be opened.
2026-07-19 17:09:04 0 [ERROR] InnoDB: Operating system error number 3 in a file operation.
2026-07-19 17:09:04 0 [ERROR] InnoDB: The error means the system cannot find the path specified.
2026-07-19 17:09:04 0 [ERROR] InnoDB: If you are installing InnoDB, remember that you must create directories yourself, InnoDB does not create them.
2026-07-19 17:09:04 0 [ERROR] InnoDB: Cannot open datafile for read-only: '.\moodle_db\competency_usercompcourse.ibd' OS error: 203
2026-07-19 17:09:04 0 [ERROR] InnoDB: Operating system error number 203 in a file operation.
2026-07-19 17:09:04 0 [Note] InnoDB: Some operating system error numbers are described at https://mariadb.com/kb/en/library/operating-system-error-codes/
2026-07-19 17:09:04 0 [ERROR] InnoDB: Could not find a valid tablespace file for ``moodle_db`.`competency_usercompcourse``. Please refer to https://mariadb.com/kb/en/innodb-data-dictionary-troubleshooting/ for how to resolve the issue.
2026-07-19 17:09:04 0 [Warning] InnoDB: Ignoring tablespace for `moodle_db`.`competency_usercompcourse` because it could not be opened.
2026-07-19 17:09:04 0 [ERROR] InnoDB: Operating system error number 3 in a file operation.
2026-07-19 17:09:04 0 [ERROR] InnoDB: The error means the system cannot find the path specified.
2026-07-19 17:09:04 0 [ERROR] InnoDB: If you are installing InnoDB, remember that you must create directories yourself, InnoDB does not create them.
2026-07-19 17:09:04 0 [ERROR] InnoDB: Cannot open datafile for read-only: '.\moodle_db\competency_usercompplan.ibd' OS error: 203
2026-07-19 17:09:04 0 [ERROR] InnoDB: Operating system error number 203 in a file operation.
2026-07-19 17:09:04 0 [Note] InnoDB: Some operating system error numbers are described at https://mariadb.com/kb/en/library/operating-system-error-codes/
2026-07-19 17:09:04 0 [ERROR] InnoDB: Could not find a valid tablespace file for ``moodle_db`.`competency_usercompplan``. Please refer to https://mariadb.com/kb/en/innodb-data-dictionary-troubleshooting/ for how to resolve the issue.
2026-07-19 17:09:04 0 [Warning] InnoDB: Ignoring tablespace for `moodle_db`.`competency_usercompplan` because it could not be opened.
2026-07-19 17:09:04 0 [ERROR] InnoDB: Operating system error number 3 in a file operation.
2026-07-19 17:09:04 0 [ERROR] InnoDB: The error means the system cannot find the path specified.
2026-07-19 17:09:04 0 [ERROR] InnoDB: If you are installing InnoDB, remember that you must create directories yourself, InnoDB does not create them.
2026-07-19 17:09:04 0 [ERROR] InnoDB: Cannot open datafile for read-only: '.\moodle_db\competency_userevidence.ibd' OS error: 203
2026-07-19 17:09:04 0 [ERROR] InnoDB: Operating system error number 203 in a file operation.
2026-07-19 17:09:04 0 [Note] InnoDB: Some operating system error numbers are described at https://mariadb.com/kb/en/library/operating-system-error-codes/
2026-07-19 17:09:04 0 [ERROR] InnoDB: Could not find a valid tablespace file for ``moodle_db`.`competency_userevidence``. Please refer to https://mariadb.com/kb/en/innodb-data-dictionary-troubleshooting/ for how to resolve the issue.
2026-07-19 17:09:04 0 [Warning] InnoDB: Ignoring tablespace for `moodle_db`.`competency_userevidence` because it could not be opened.
2026-07-19 17:09:04 0 [ERROR] InnoDB: Operating system error number 3 in a file operation.
2026-07-19 17:09:04 0 [ERROR] InnoDB: The error means the system cannot find the path specified.
2026-07-19 17:09:04 0 [ERROR] InnoDB: If you are installing InnoDB, remember that you must create directories yourself, InnoDB does not create them.
2026-07-19 17:09:04 0 [ERROR] InnoDB: Cannot open datafile for read-only: '.\moodle_db\competency_userevidencecomp.ibd' OS error: 203
2026-07-19 17:09:04 0 [ERROR] InnoDB: Operating system error number 203 in a file operation.
2026-07-19 17:09:04 0 [Note] InnoDB: Some operating system error numbers are described at https://mariadb.com/kb/en/library/operating-system-error-codes/
2026-07-19 17:09:04 0 [ERROR] InnoDB: Could not find a valid tablespace file for ``moodle_db`.`competency_userevidencecomp``. Please refer to https://mariadb.com/kb/en/innodb-data-dictionary-troubleshooting/ for how to resolve the issue.
2026-07-19 17:09:04 0 [Warning] InnoDB: Ignoring tablespace for `moodle_db`.`competency_userevidencecomp` because it could not be opened.
2026-07-19 17:09:04 0 [ERROR] InnoDB: Operating system error number 3 in a file operation.
2026-07-19 17:09:04 0 [ERROR] InnoDB: The error means the system cannot find the path specified.
2026-07-19 17:09:04 0 [ERROR] InnoDB: If you are installing InnoDB, remember that you must create directories yourself, InnoDB does not create them.
2026-07-19 17:09:04 0 [ERROR] InnoDB: Cannot open datafile for read-only: '.\moodle_db\config.ibd' OS error: 203
2026-07-19 17:09:04 0 [ERROR] InnoDB: Operating system error number 203 in a file operation.
2026-07-19 17:09:04 0 [Note] InnoDB: Some operating system error numbers are described at https://mariadb.com/kb/en/library/operating-system-error-codes/
2026-07-19 17:09:04 0 [ERROR] InnoDB: Could not find a valid tablespace file for ``moodle_db`.`config``. Please refer to https://mariadb.com/kb/en/innodb-data-dictionary-troubleshooting/ for how to resolve the issue.
2026-07-19 17:09:04 0 [Warning] InnoDB: Ignoring tablespace for `moodle_db`.`config` because it could not be opened.
2026-07-19 17:09:04 0 [ERROR] InnoDB: Operating system error number 3 in a file operation.
2026-07-19 17:09:04 0 [ERROR] InnoDB: The error means the system cannot find the path specified.
2026-07-19 17:09:04 0 [ERROR] InnoDB: If you are installing InnoDB, remember that you must create directories yourself, InnoDB does not create them.
2026-07-19 17:09:04 0 [ERROR] InnoDB: Cannot open datafile for read-only: '.\moodle_db\config_log.ibd' OS error: 203
2026-07-19 17:09:04 0 [ERROR] InnoDB: Operating system error number 203 in a file operation.
2026-07-19 17:09:04 0 [Note] InnoDB: Some operating system error numbers are described at https://mariadb.com/kb/en/library/operating-system-error-codes/
2026-07-19 17:09:04 0 [ERROR] InnoDB: Could not find a valid tablespace file for ``moodle_db`.`config_log``. Please refer to https://mariadb.com/kb/en/innodb-data-dictionary-troubleshooting/ for how to resolve the issue.
2026-07-19 17:09:04 0 [Warning] InnoDB: Ignoring tablespace for `moodle_db`.`config_log` because it could not be opened.
2026-07-19 17:09:04 0 [ERROR] InnoDB: Operating system error number 3 in a file operation.
2026-07-19 17:09:04 0 [ERROR] InnoDB: The error means the system cannot find the path specified.
2026-07-19 17:09:04 0 [ERROR] InnoDB: If you are installing InnoDB, remember that you must create directories yourself, InnoDB does not create them.
2026-07-19 17:09:04 0 [ERROR] InnoDB: Cannot open datafile for read-only: '.\moodle_db\config_plugins.ibd' OS error: 203
2026-07-19 17:09:04 0 [ERROR] InnoDB: Operating system error number 203 in a file operation.
2026-07-19 17:09:04 0 [Note] InnoDB: Some operating system error numbers are described at https://mariadb.com/kb/en/library/operating-system-error-codes/
2026-07-19 17:09:04 0 [ERROR] InnoDB: Could not find a valid tablespace file for ``moodle_db`.`config_plugins``. Please refer to https://mariadb.com/kb/en/innodb-data-dictionary-troubleshooting/ for how to resolve the issue.
2026-07-19 17:09:04 0 [Warning] InnoDB: Ignoring tablespace for `moodle_db`.`config_plugins` because it could not be opened.
2026-07-19 17:09:04 0 [ERROR] InnoDB: Operating system error number 3 in a file operation.
2026-07-19 17:09:04 0 [ERROR] InnoDB: The error means the system cannot find the path specified.
2026-07-19 17:09:04 0 [ERROR] InnoDB: If you are installing InnoDB, remember that you must create directories yourself, InnoDB does not create them.
2026-07-19 17:09:04 0 [ERROR] InnoDB: Cannot open datafile for read-only: '.\moodle_db\contentbank_content.ibd' OS error: 203
2026-07-19 17:09:04 0 [ERROR] InnoDB: Operating system error number 203 in a file operation.
2026-07-19 17:09:04 0 [Note] InnoDB: Some operating system error numbers are described at https://mariadb.com/kb/en/library/operating-system-error-codes/
2026-07-19 17:09:04 0 [ERROR] InnoDB: Could not find a valid tablespace file for ``moodle_db`.`contentbank_content``. Please refer to https://mariadb.com/kb/en/innodb-data-dictionary-troubleshooting/ for how to resolve the issue.
2026-07-19 17:09:04 0 [Warning] InnoDB: Ignoring tablespace for `moodle_db`.`contentbank_content` because it could not be opened.
2026-07-19 17:09:04 0 [ERROR] InnoDB: Operating system error number 3 in a file operation.
2026-07-19 17:09:04 0 [ERROR] InnoDB: The error means the system cannot find the path specified.
2026-07-19 17:09:04 0 [ERROR] InnoDB: If you are installing InnoDB, remember that you must create directories yourself, InnoDB does not create them.
2026-07-19 17:09:04 0 [ERROR] InnoDB: Cannot open datafile for read-only: '.\moodle_db\context.ibd' OS error: 203
2026-07-19 17:09:04 0 [ERROR] InnoDB: Operating system error number 203 in a file operation.
2026-07-19 17:09:04 0 [Note] InnoDB: Some operating system error numbers are described at https://mariadb.com/kb/en/library/operating-system-error-codes/
2026-07-19 17:09:04 0 [ERROR] InnoDB: Could not find a valid tablespace file for ``moodle_db`.`context``. Please refer to https://mariadb.com/kb/en/innodb-data-dictionary-troubleshooting/ for how to resolve the issue.
2026-07-19 17:09:04 0 [Warning] InnoDB: Ignoring tablespace for `moodle_db`.`context` because it could not be opened.
2026-07-19 17:09:04 0 [ERROR] InnoDB: Operating system error number 3 in a file operation.
2026-07-19 17:09:04 0 [ERROR] InnoDB: The error means the system cannot find the path specified.
2026-07-19 17:09:04 0 [ERROR] InnoDB: If you are installing InnoDB, remember that you must create directories yourself, InnoDB does not create them.
2026-07-19 17:09:04 0 [ERROR] InnoDB: Cannot open datafile for read-only: '.\moodle_db\context_temp.ibd' OS error: 203
2026-07-19 17:09:04 0 [ERROR] InnoDB: Operating system error number 203 in a file operation.
2026-07-19 17:09:04 0 [Note] InnoDB: Some operating system error numbers are described at https://mariadb.com/kb/en/library/operating-system-error-codes/
2026-07-19 17:09:04 0 [ERROR] InnoDB: Could not find a valid tablespace file for ``moodle_db`.`context_temp``. Please refer to https://mariadb.com/kb/en/innodb-data-dictionary-troubleshooting/ for how to resolve the issue.
2026-07-19 17:09:04 0 [Warning] InnoDB: Ignoring tablespace for `moodle_db`.`context_temp` because it could not be opened.
2026-07-19 17:09:04 0 [ERROR] InnoDB: Operating system error number 3 in a file operation.
2026-07-19 17:09:04 0 [ERROR] InnoDB: The error means the system cannot find the path specified.
2026-07-19 17:09:04 0 [ERROR] InnoDB: If you are installing InnoDB, remember that you must create directories yourself, InnoDB does not create them.
2026-07-19 17:09:04 0 [ERROR] InnoDB: Cannot open datafile for read-only: '.\moodle_db\countries.ibd' OS error: 203
2026-07-19 17:09:04 0 [ERROR] InnoDB: Operating system error number 203 in a file operation.
2026-07-19 17:09:04 0 [Note] InnoDB: Some operating system error numbers are described at https://mariadb.com/kb/en/library/operating-system-error-codes/
2026-07-19 17:09:04 0 [ERROR] InnoDB: Could not find a valid tablespace file for ``moodle_db`.`countries``. Please refer to https://mariadb.com/kb/en/innodb-data-dictionary-troubleshooting/ for how to resolve the issue.
2026-07-19 17:09:04 0 [Warning] InnoDB: Ignoring tablespace for `moodle_db`.`countries` because it could not be opened.
2026-07-19 17:09:04 0 [ERROR] InnoDB: Operating system error number 3 in a file operation.
2026-07-19 17:09:04 0 [ERROR] InnoDB: The error means the system cannot find the path specified.
2026-07-19 17:09:04 0 [ERROR] InnoDB: If you are installing InnoDB, remember that you must create directories yourself, InnoDB does not create them.
2026-07-19 17:09:04 0 [ERROR] InnoDB: Cannot open datafile for read-only: '.\moodle_db\course.ibd' OS error: 203
2026-07-19 17:09:04 0 [ERROR] InnoDB: Operating system error number 203 in a file operation.
2026-07-19 17:09:04 0 [Note] InnoDB: Some operating system error numbers are described at https://mariadb.com/kb/en/library/operating-system-error-codes/
2026-07-19 17:09:04 0 [ERROR] InnoDB: Could not find a valid tablespace file for ``moodle_db`.`course``. Please refer to https://mariadb.com/kb/en/innodb-data-dictionary-troubleshooting/ for how to resolve the issue.
2026-07-19 17:09:04 0 [Warning] InnoDB: Ignoring tablespace for `moodle_db`.`course` because it could not be opened.
2026-07-19 17:09:04 0 [ERROR] InnoDB: Operating system error number 3 in a file operation.
2026-07-19 17:09:04 0 [ERROR] InnoDB: The error means the system cannot find the path specified.
2026-07-19 17:09:04 0 [ERROR] InnoDB: If you are installing InnoDB, remember that you must create directories yourself, InnoDB does not create them.
2026-07-19 17:09:04 0 [ERROR] InnoDB: Cannot open datafile for read-only: '.\moodle_db\course_categories.ibd' OS error: 203
2026-07-19 17:09:04 0 [ERROR] InnoDB: Operating system error number 203 in a file operation.
2026-07-19 17:09:04 0 [Note] InnoDB: Some operating system error numbers are described at https://mariadb.com/kb/en/library/operating-system-error-codes/
2026-07-19 17:09:04 0 [ERROR] InnoDB: Could not find a valid tablespace file for ``moodle_db`.`course_categories``. Please refer to https://mariadb.com/kb/en/innodb-data-dictionary-troubleshooting/ for how to resolve the issue.
2026-07-19 17:09:04 0 [Warning] InnoDB: Ignoring tablespace for `moodle_db`.`course_categories` because it could not be opened.
2026-07-19 17:09:04 0 [ERROR] InnoDB: Operating system error number 3 in a file operation.
2026-07-19 17:09:04 0 [ERROR] InnoDB: The error means the system cannot find the path specified.
2026-07-19 17:09:04 0 [ERROR] InnoDB: If you are installing InnoDB, remember that you must create directories yourself, InnoDB does not create them.
2026-07-19 17:09:04 0 [ERROR] InnoDB: Cannot open datafile for read-only: '.\moodle_db\course_completion_aggr_methd.ibd' OS error: 203
2026-07-19 17:09:04 0 [ERROR] InnoDB: Operating system error number 203 in a file operation.
2026-07-19 17:09:04 0 [Note] InnoDB: Some operating system error numbers are described at https://mariadb.com/kb/en/library/operating-system-error-codes/
2026-07-19 17:09:04 0 [ERROR] InnoDB: Could not find a valid tablespace file for ``moodle_db`.`course_completion_aggr_methd``. Please refer to https://mariadb.com/kb/en/innodb-data-dictionary-troubleshooting/ for how to resolve the issue.
2026-07-19 17:09:04 0 [Warning] InnoDB: Ignoring tablespace for `moodle_db`.`course_completion_aggr_methd` because it could not be opened.
2026-07-19 17:09:04 0 [ERROR] InnoDB: Operating system error number 3 in a file operation.
2026-07-19 17:09:04 0 [ERROR] InnoDB: The error means the system cannot find the path specified.
2026-07-19 17:09:04 0 [ERROR] InnoDB: If you are installing InnoDB, remember that you must create directories yourself, InnoDB does not create them.
2026-07-19 17:09:04 0 [ERROR] InnoDB: Cannot open datafile for read-only: '.\moodle_db\course_completion_crit_compl.ibd' OS error: 203
2026-07-19 17:09:04 0 [ERROR] InnoDB: Operating system error number 203 in a file operation.
2026-07-19 17:09:04 0 [Note] InnoDB: Some operating system error numbers are described at https://mariadb.com/kb/en/library/operating-system-error-codes/
2026-07-19 17:09:04 0 [ERROR] InnoDB: Could not find a valid tablespace file for ``moodle_db`.`course_completion_crit_compl``. Please refer to https://mariadb.com/kb/en/innodb-data-dictionary-troubleshooting/ for how to resolve the issue.
2026-07-19 17:09:04 0 [Warning] InnoDB: Ignoring tablespace for `moodle_db`.`course_completion_crit_compl` because it could not be opened.
2026-07-19 17:09:04 0 [ERROR] InnoDB: Operating system error number 3 in a file operation.
2026-07-19 17:09:04 0 [ERROR] InnoDB: The error means the system cannot find the path specified.
2026-07-19 17:09:04 0 [ERROR] InnoDB: If you are installing InnoDB, remember that you must create directories yourself, InnoDB does not create them.
2026-07-19 17:09:04 0 [ERROR] InnoDB: Cannot open datafile for read-only: '.\moodle_db\course_completion_criteria.ibd' OS error: 203
2026-07-19 17:09:04 0 [ERROR] InnoDB: Operating system error number 203 in a file operation.
2026-07-19 17:09:04 0 [Note] InnoDB: Some operating system error numbers are described at https://mariadb.com/kb/en/library/operating-system-error-codes/
2026-07-19 17:09:04 0 [ERROR] InnoDB: Could not find a valid tablespace file for ``moodle_db`.`course_completion_criteria``. Please refer to https://mariadb.com/kb/en/innodb-data-dictionary-troubleshooting/ for how to resolve the issue.
2026-07-19 17:09:04 0 [Warning] InnoDB: Ignoring tablespace for `moodle_db`.`course_completion_criteria` because it could not be opened.
2026-07-19 17:09:04 0 [ERROR] InnoDB: Operating system error number 3 in a file operation.
2026-07-19 17:09:04 0 [ERROR] InnoDB: The error means the system cannot find the path specified.
2026-07-19 17:09:04 0 [ERROR] InnoDB: If you are installing InnoDB, remember that you must create directories yourself, InnoDB does not create them.
2026-07-19 17:09:04 0 [ERROR] InnoDB: Cannot open datafile for read-only: '.\moodle_db\course_completion_defaults.ibd' OS error: 203
2026-07-19 17:09:04 0 [ERROR] InnoDB: Operating system error number 203 in a file operation.
2026-07-19 17:09:04 0 [Note] InnoDB: Some operating system error numbers are described at https://mariadb.com/kb/en/library/operating-system-error-codes/
2026-07-19 17:09:04 0 [ERROR] InnoDB: Could not find a valid tablespace file for ``moodle_db`.`course_completion_defaults``. Please refer to https://mariadb.com/kb/en/innodb-data-dictionary-troubleshooting/ for how to resolve the issue.
2026-07-19 17:09:04 0 [Warning] InnoDB: Ignoring tablespace for `moodle_db`.`course_completion_defaults` because it could not be opened.
2026-07-19 17:09:04 0 [ERROR] InnoDB: Operating system error number 3 in a file operation.
2026-07-19 17:09:04 0 [ERROR] InnoDB: The error means the system cannot find the path specified.
2026-07-19 17:09:04 0 [ERROR] InnoDB: If you are installing InnoDB, remember that you must create directories yourself, InnoDB does not create them.
2026-07-19 17:09:04 0 [ERROR] InnoDB: Cannot open datafile for read-only: '.\moodle_db\course_completions.ibd' OS error: 203
2026-07-19 17:09:04 0 [ERROR] InnoDB: Operating system error number 203 in a file operation.
2026-07-19 17:09:04 0 [Note] InnoDB: Some operating system error numbers are described at https://mariadb.com/kb/en/library/operating-system-error-codes/
2026-07-19 17:09:04 0 [ERROR] InnoDB: Could not find a valid tablespace file for ``moodle_db`.`course_completions``. Please refer to https://mariadb.com/kb/en/innodb-data-dictionary-troubleshooting/ for how to resolve the issue.
2026-07-19 17:09:04 0 [Warning] InnoDB: Ignoring tablespace for `moodle_db`.`course_completions` because it could not be opened.
2026-07-19 17:09:04 0 [ERROR] InnoDB: Operating system error number 3 in a file operation.
2026-07-19 17:09:04 0 [ERROR] InnoDB: The error means the system cannot find the path specified.
2026-07-19 17:09:04 0 [ERROR] InnoDB: If you are installing InnoDB, remember that you must create directories yourself, InnoDB does not create them.
2026-07-19 17:09:04 0 [ERROR] InnoDB: Cannot open datafile for read-only: '.\moodle_db\course_format_options.ibd' OS error: 203
2026-07-19 17:09:04 0 [ERROR] InnoDB: Operating system error number 203 in a file operation.
2026-07-19 17:09:04 0 [Note] InnoDB: Some operating system error numbers are described at https://mariadb.com/kb/en/library/operating-system-error-codes/
2026-07-19 17:09:04 0 [ERROR] InnoDB: Could not find a valid tablespace file for ``moodle_db`.`course_format_options``. Please refer to https://mariadb.com/kb/en/innodb-data-dictionary-troubleshooting/ for how to resolve the issue.
2026-07-19 17:09:04 0 [Warning] InnoDB: Ignoring tablespace for `moodle_db`.`course_format_options` because it could not be opened.
2026-07-19 17:09:04 0 [ERROR] InnoDB: Operating system error number 3 in a file operation.
2026-07-19 17:09:04 0 [ERROR] InnoDB: The error means the system cannot find the path specified.
2026-07-19 17:09:04 0 [ERROR] InnoDB: If you are installing InnoDB, remember that you must create directories yourself, InnoDB does not create them.
2026-07-19 17:09:04 0 [ERROR] InnoDB: Cannot open datafile for read-only: '.\moodle_db\course_modules.ibd' OS error: 203
2026-07-19 17:09:04 0 [ERROR] InnoDB: Operating system error number 203 in a file operation.
2026-07-19 17:09:04 0 [Note] InnoDB: Some operating system error numbers are described at https://mariadb.com/kb/en/library/operating-system-error-codes/
2026-07-19 17:09:04 0 [ERROR] InnoDB: Could not find a valid tablespace file for ``moodle_db`.`course_modules``. Please refer to https://mariadb.com/kb/en/innodb-data-dictionary-troubleshooting/ for how to resolve the issue.
2026-07-19 17:09:04 0 [Warning] InnoDB: Ignoring tablespace for `moodle_db`.`course_modules` because it could not be opened.
2026-07-19 17:09:04 0 [ERROR] InnoDB: Operating system error number 3 in a file operation.
2026-07-19 17:09:04 0 [ERROR] InnoDB: The error means the system cannot find the path specified.
2026-07-19 17:09:04 0 [ERROR] InnoDB: If you are installing InnoDB, remember that you must create directories yourself, InnoDB does not create them.
2026-07-19 17:09:04 0 [ERROR] InnoDB: Cannot open datafile for read-only: '.\moodle_db\course_modules_completion.ibd' OS error: 203
2026-07-19 17:09:04 0 [ERROR] InnoDB: Operating system error number 203 in a file operation.
2026-07-19 17:09:04 0 [Note] InnoDB: Some operating system error numbers are described at https://mariadb.com/kb/en/library/operating-system-error-codes/
2026-07-19 17:09:04 0 [ERROR] InnoDB: Could not find a valid tablespace file for ``moodle_db`.`course_modules_completion``. Please refer to https://mariadb.com/kb/en/innodb-data-dictionary-troubleshooting/ for how to resolve the issue.
2026-07-19 17:09:04 0 [Warning] InnoDB: Ignoring tablespace for `moodle_db`.`course_modules_completion` because it could not be opened.
2026-07-19 17:09:04 0 [ERROR] InnoDB: Operating system error number 3 in a file operation.
2026-07-19 17:09:04 0 [ERROR] InnoDB: The error means the system cannot find the path specified.
2026-07-19 17:09:04 0 [ERROR] InnoDB: If you are installing InnoDB, remember that you must create directories yourself, InnoDB does not create them.
2026-07-19 17:09:04 0 [ERROR] InnoDB: Cannot open datafile for read-only: '.\moodle_db\course_modules_viewed.ibd' OS error: 203
2026-07-19 17:09:04 0 [ERROR] InnoDB: Operating system error number 203 in a file operation.
2026-07-19 17:09:04 0 [Note] InnoDB: Some operating system error numbers are described at https://mariadb.com/kb/en/library/operating-system-error-codes/
2026-07-19 17:09:04 0 [ERROR] InnoDB: Could not find a valid tablespace file for ``moodle_db`.`course_modules_viewed``. Please refer to https://mariadb.com/kb/en/innodb-data-dictionary-troubleshooting/ for how to resolve the issue.
2026-07-19 17:09:04 0 [Warning] InnoDB: Ignoring tablespace for `moodle_db`.`course_modules_viewed` because it could not be opened.
2026-07-19 17:09:04 0 [ERROR] InnoDB: Operating system error number 3 in a file operation.
2026-07-19 17:09:04 0 [ERROR] InnoDB: The error means the system cannot find the path specified.
2026-07-19 17:09:04 0 [ERROR] InnoDB: If you are installing InnoDB, remember that you must create directories yourself, InnoDB does not create them.
2026-07-19 17:09:04 0 [ERROR] InnoDB: Cannot open datafile for read-only: '.\moodle_db\course_published.ibd' OS error: 203
2026-07-19 17:09:04 0 [ERROR] InnoDB: Operating system error number 203 in a file operation.
2026-07-19 17:09:04 0 [Note] InnoDB: Some operating system error numbers are described at https://mariadb.com/kb/en/library/operating-system-error-codes/
2026-07-19 17:09:04 0 [ERROR] InnoDB: Could not find a valid tablespace file for ``moodle_db`.`course_published``. Please refer to https://mariadb.com/kb/en/innodb-data-dictionary-troubleshooting/ for how to resolve the issue.
2026-07-19 17:09:04 0 [Warning] InnoDB: Ignoring tablespace for `moodle_db`.`course_published` because it could not be opened.
2026-07-19 17:09:04 0 [ERROR] InnoDB: Operating system error number 3 in a file operation.
2026-07-19 17:09:04 0 [ERROR] InnoDB: The error means the system cannot find the path specified.
2026-07-19 17:09:04 0 [ERROR] InnoDB: If you are installing InnoDB, remember that you must create directories yourself, InnoDB does not create them.
2026-07-19 17:09:04 0 [ERROR] InnoDB: Cannot open datafile for read-only: '.\moodle_db\course_request.ibd' OS error: 203
2026-07-19 17:09:04 0 [ERROR] InnoDB: Operating system error number 203 in a file operation.
2026-07-19 17:09:04 0 [Note] InnoDB: Some operating system error numbers are described at https://mariadb.com/kb/en/library/operating-system-error-codes/
2026-07-19 17:09:04 0 [ERROR] InnoDB: Could not find a valid tablespace file for ``moodle_db`.`course_request``. Please refer to https://mariadb.com/kb/en/innodb-data-dictionary-troubleshooting/ for how to resolve the issue.
2026-07-19 17:09:04 0 [Warning] InnoDB: Ignoring tablespace for `moodle_db`.`course_request` because it could not be opened.
2026-07-19 17:09:04 0 [ERROR] InnoDB: Operating system error number 3 in a file operation.
2026-07-19 17:09:04 0 [ERROR] InnoDB: The error means the system cannot find the path specified.
2026-07-19 17:09:04 0 [ERROR] InnoDB: If you are installing InnoDB, remember that you must create directories yourself, InnoDB does not create them.
2026-07-19 17:09:04 0 [ERROR] InnoDB: Cannot open datafile for read-only: '.\moodle_db\course_sections.ibd' OS error: 203
2026-07-19 17:09:04 0 [ERROR] InnoDB: Operating system error number 203 in a file operation.
2026-07-19 17:09:04 0 [Note] InnoDB: Some operating system error numbers are described at https://mariadb.com/kb/en/library/operating-system-error-codes/
2026-07-19 17:09:04 0 [ERROR] InnoDB: Could not find a valid tablespace file for ``moodle_db`.`course_sections``. Please refer to https://mariadb.com/kb/en/innodb-data-dictionary-troubleshooting/ for how to resolve the issue.
2026-07-19 17:09:04 0 [Warning] InnoDB: Ignoring tablespace for `moodle_db`.`course_sections` because it could not be opened.
2026-07-19 17:09:04 0 [ERROR] InnoDB: Operating system error number 3 in a file operation.
2026-07-19 17:09:04 0 [ERROR] InnoDB: The error means the system cannot find the path specified.
2026-07-19 17:09:04 0 [ERROR] InnoDB: If you are installing InnoDB, remember that you must create directories yourself, InnoDB does not create them.
2026-07-19 17:09:04 0 [ERROR] InnoDB: Cannot open datafile for read-only: '.\moodle_db\customfield_category.ibd' OS error: 203
2026-07-19 17:09:04 0 [ERROR] InnoDB: Operating system error number 203 in a file operation.
2026-07-19 17:09:04 0 [Note] InnoDB: Some operating system error numbers are described at https://mariadb.com/kb/en/library/operating-system-error-codes/
2026-07-19 17:09:04 0 [ERROR] InnoDB: Could not find a valid tablespace file for ``moodle_db`.`customfield_category``. Please refer to https://mariadb.com/kb/en/innodb-data-dictionary-troubleshooting/ for how to resolve the issue.
2026-07-19 17:09:04 0 [Warning] InnoDB: Ignoring tablespace for `moodle_db`.`customfield_category` because it could not be opened.
2026-07-19 17:09:04 0 [ERROR] InnoDB: Operating system error number 3 in a file operation.
2026-07-19 17:09:04 0 [ERROR] InnoDB: The error means the system cannot find the path specified.
2026-07-19 17:09:04 0 [ERROR] InnoDB: If you are installing InnoDB, remember that you must create directories yourself, InnoDB does not create them.
2026-07-19 17:09:04 0 [ERROR] InnoDB: Cannot open datafile for read-only: '.\moodle_db\customfield_data.ibd' OS error: 203
2026-07-19 17:09:04 0 [ERROR] InnoDB: Operating system error number 203 in a file operation.
2026-07-19 17:09:04 0 [Note] InnoDB: Some operating system error numbers are described at https://mariadb.com/kb/en/library/operating-system-error-codes/
2026-07-19 17:09:04 0 [ERROR] InnoDB: Could not find a valid tablespace file for ``moodle_db`.`customfield_data``. Please refer to https://mariadb.com/kb/en/innodb-data-dictionary-troubleshooting/ for how to resolve the issue.
2026-07-19 17:09:04 0 [Warning] InnoDB: Ignoring tablespace for `moodle_db`.`customfield_data` because it could not be opened.
2026-07-19 17:09:04 0 [ERROR] InnoDB: Operating system error number 3 in a file operation.
2026-07-19 17:09:04 0 [ERROR] InnoDB: The error means the system cannot find the path specified.
2026-07-19 17:09:04 0 [ERROR] InnoDB: If you are installing InnoDB, remember that you must create directories yourself, InnoDB does not create them.
2026-07-19 17:09:04 0 [ERROR] InnoDB: Cannot open datafile for read-only: '.\moodle_db\customfield_field.ibd' OS error: 203
2026-07-19 17:09:04 0 [ERROR] InnoDB: Operating system error number 203 in a file operation.
2026-07-19 17:09:04 0 [Note] InnoDB: Some operating system error numbers are described at https://mariadb.com/kb/en/library/operating-system-error-codes/
2026-07-19 17:09:04 0 [ERROR] InnoDB: Could not find a valid tablespace file for ``moodle_db`.`customfield_field``. Please refer to https://mariadb.com/kb/en/innodb-data-dictionary-troubleshooting/ for how to resolve the issue.
2026-07-19 17:09:04 0 [Warning] InnoDB: Ignoring tablespace for `moodle_db`.`customfield_field` because it could not be opened.
2026-07-19 17:09:04 0 [ERROR] InnoDB: Operating system error number 3 in a file operation.
2026-07-19 17:09:04 0 [ERROR] InnoDB: The error means the system cannot find the path specified.
2026-07-19 17:09:04 0 [ERROR] InnoDB: If you are installing InnoDB, remember that you must create directories yourself, InnoDB does not create them.
2026-07-19 17:09:04 0 [ERROR] InnoDB: Cannot open datafile for read-only: '.\moodle_db\customfield_shared.ibd' OS error: 203
2026-07-19 17:09:04 0 [ERROR] InnoDB: Operating system error number 203 in a file operation.
2026-07-19 17:09:04 0 [Note] InnoDB: Some operating system error numbers are described at https://mariadb.com/kb/en/library/operating-system-error-codes/
2026-07-19 17:09:04 0 [ERROR] InnoDB: Could not find a valid tablespace file for ``moodle_db`.`customfield_shared``. Please refer to https://mariadb.com/kb/en/innodb-data-dictionary-troubleshooting/ for how to resolve the issue.
2026-07-19 17:09:04 0 [Warning] InnoDB: Ignoring tablespace for `moodle_db`.`customfield_shared` because it could not be opened.
2026-07-19 17:09:04 0 [ERROR] InnoDB: Operating system error number 3 in a file operation.
2026-07-19 17:09:04 0 [ERROR] InnoDB: The error means the system cannot find the path specified.
2026-07-19 17:09:04 0 [ERROR] InnoDB: If you are installing InnoDB, remember that you must create directories yourself, InnoDB does not create them.
2026-07-19 17:09:04 0 [ERROR] InnoDB: Cannot open datafile for read-only: '.\moodle_db\data.ibd' OS error: 203
2026-07-19 17:09:04 0 [ERROR] InnoDB: Operating system error number 203 in a file operation.
2026-07-19 17:09:04 0 [Note] InnoDB: Some operating system error numbers are described at https://mariadb.com/kb/en/library/operating-system-error-codes/
2026-07-19 17:09:04 0 [ERROR] InnoDB: Could not find a valid tablespace file for ``moodle_db`.`data``. Please refer to https://mariadb.com/kb/en/innodb-data-dictionary-troubleshooting/ for how to resolve the issue.
2026-07-19 17:09:04 0 [Warning] InnoDB: Ignoring tablespace for `moodle_db`.`data` because it could not be opened.
2026-07-19 17:09:04 0 [ERROR] InnoDB: Operating system error number 3 in a file operation.
2026-07-19 17:09:04 0 [ERROR] InnoDB: The error means the system cannot find the path specified.
2026-07-19 17:09:04 0 [ERROR] InnoDB: If you are installing InnoDB, remember that you must create directories yourself, InnoDB does not create them.
2026-07-19 17:09:04 0 [ERROR] InnoDB: Cannot open datafile for read-only: '.\moodle_db\data_content.ibd' OS error: 203
2026-07-19 17:09:04 0 [ERROR] InnoDB: Operating system error number 203 in a file operation.
2026-07-19 17:09:04 0 [Note] InnoDB: Some operating system error numbers are described at https://mariadb.com/kb/en/library/operating-system-error-codes/
2026-07-19 17:09:04 0 [ERROR] InnoDB: Could not find a valid tablespace file for ``moodle_db`.`data_content``. Please refer to https://mariadb.com/kb/en/innodb-data-dictionary-troubleshooting/ for how to resolve the issue.
2026-07-19 17:09:04 0 [Warning] InnoDB: Ignoring tablespace for `moodle_db`.`data_content` because it could not be opened.
2026-07-19 17:09:04 0 [ERROR] InnoDB: Operating system error number 3 in a file operation.
2026-07-19 17:09:04 0 [ERROR] InnoDB: The error means the system cannot find the path specified.
2026-07-19 17:09:04 0 [ERROR] InnoDB: If you are installing InnoDB, remember that you must create directories yourself, InnoDB does not create them.
2026-07-19 17:09:04 0 [ERROR] InnoDB: Cannot open datafile for read-only: '.\moodle_db\data_fields.ibd' OS error: 203
2026-07-19 17:09:04 0 [ERROR] InnoDB: Operating system error number 203 in a file operation.
2026-07-19 17:09:04 0 [Note] InnoDB: Some operating system error numbers are described at https://mariadb.com/kb/en/library/operating-system-error-codes/
2026-07-19 17:09:04 0 [ERROR] InnoDB: Could not find a valid tablespace file for ``moodle_db`.`data_fields``. Please refer to https://mariadb.com/kb/en/innodb-data-dictionary-troubleshooting/ for how to resolve the issue.
2026-07-19 17:09:04 0 [Warning] InnoDB: Ignoring tablespace for `moodle_db`.`data_fields` because it could not be opened.
2026-07-19 17:09:04 0 [ERROR] InnoDB: Operating system error number 3 in a file operation.
2026-07-19 17:09:04 0 [ERROR] InnoDB: The error means the system cannot find the path specified.
2026-07-19 17:09:04 0 [ERROR] InnoDB: If you are installing InnoDB, remember that you must create directories yourself, InnoDB does not create them.
2026-07-19 17:09:04 0 [ERROR] InnoDB: Cannot open datafile for read-only: '.\moodle_db\data_records.ibd' OS error: 203
2026-07-19 17:09:04 0 [ERROR] InnoDB: Operating system error number 203 in a file operation.
2026-07-19 17:09:04 0 [Note] InnoDB: Some operating system error numbers are described at https://mariadb.com/kb/en/library/operating-system-error-codes/
2026-07-19 17:09:04 0 [ERROR] InnoDB: Could not find a valid tablespace file for ``moodle_db`.`data_records``. Please refer to https://mariadb.com/kb/en/innodb-data-dictionary-troubleshooting/ for how to resolve the issue.
2026-07-19 17:09:04 0 [Warning] InnoDB: Ignoring tablespace for `moodle_db`.`data_records` because it could not be opened.
2026-07-19 17:09:04 0 [ERROR] InnoDB: Operating system error number 3 in a file operation.
2026-07-19 17:09:04 0 [ERROR] InnoDB: The error means the system cannot find the path specified.
2026-07-19 17:09:04 0 [ERROR] InnoDB: If you are installing InnoDB, remember that you must create directories yourself, InnoDB does not create them.
2026-07-19 17:09:04 0 [ERROR] InnoDB: Cannot open datafile for read-only: '.\moodle_db\enrol.ibd' OS error: 203
2026-07-19 17:09:04 0 [ERROR] InnoDB: Operating system error number 203 in a file operation.
2026-07-19 17:09:04 0 [Note] InnoDB: Some operating system error numbers are described at https://mariadb.com/kb/en/library/operating-system-error-codes/
2026-07-19 17:09:04 0 [ERROR] InnoDB: Could not find a valid tablespace file for ``moodle_db`.`enrol``. Please refer to https://mariadb.com/kb/en/innodb-data-dictionary-troubleshooting/ for how to resolve the issue.
2026-07-19 17:09:04 0 [Warning] InnoDB: Ignoring tablespace for `moodle_db`.`enrol` because it could not be opened.
2026-07-19 17:09:04 0 [ERROR] InnoDB: Operating system error number 3 in a file operation.
2026-07-19 17:09:04 0 [ERROR] InnoDB: The error means the system cannot find the path specified.
2026-07-19 17:09:04 0 [ERROR] InnoDB: If you are installing InnoDB, remember that you must create directories yourself, InnoDB does not create them.
2026-07-19 17:09:04 0 [ERROR] InnoDB: Cannot open datafile for read-only: '.\moodle_db\enrol_flatfile.ibd' OS error: 203
2026-07-19 17:09:04 0 [ERROR] InnoDB: Operating system error number 203 in a file operation.
2026-07-19 17:09:04 0 [Note] InnoDB: Some operating system error numbers are described at https://mariadb.com/kb/en/library/operating-system-error-codes/
2026-07-19 17:09:04 0 [ERROR] InnoDB: Could not find a valid tablespace file for ``moodle_db`.`enrol_flatfile``. Please refer to https://mariadb.com/kb/en/innodb-data-dictionary-troubleshooting/ for how to resolve the issue.
2026-07-19 17:09:04 0 [Warning] InnoDB: Ignoring tablespace for `moodle_db`.`enrol_flatfile` because it could not be opened.
2026-07-19 17:09:04 0 [ERROR] InnoDB: Operating system error number 3 in a file operation.
2026-07-19 17:09:04 0 [ERROR] InnoDB: The error means the system cannot find the path specified.
2026-07-19 17:09:04 0 [ERROR] InnoDB: If you are installing InnoDB, remember that you must create directories yourself, InnoDB does not create them.
2026-07-19 17:09:04 0 [ERROR] InnoDB: Cannot open datafile for read-only: '.\moodle_db\enrol_lti_app_registration.ibd' OS error: 203
2026-07-19 17:09:04 0 [ERROR] InnoDB: Operating system error number 203 in a file operation.
2026-07-19 17:09:04 0 [Note] InnoDB: Some operating system error numbers are described at https://mariadb.com/kb/en/library/operating-system-error-codes/
2026-07-19 17:09:04 0 [ERROR] InnoDB: Could not find a valid tablespace file for ``moodle_db`.`enrol_lti_app_registration``. Please refer to https://mariadb.com/kb/en/innodb-data-dictionary-troubleshooting/ for how to resolve the issue.
2026-07-19 17:09:04 0 [Warning] InnoDB: Ignoring tablespace for `moodle_db`.`enrol_lti_app_registration` because it could not be opened.
2026-07-19 17:09:04 0 [ERROR] InnoDB: Operating system error number 3 in a file operation.
2026-07-19 17:09:04 0 [ERROR] InnoDB: The error means the system cannot find the path specified.
2026-07-19 17:09:04 0 [ERROR] InnoDB: If you are installing InnoDB, remember that you must create directories yourself, InnoDB does not create them.
2026-07-19 17:09:04 0 [ERROR] InnoDB: Cannot open datafile for read-only: '.\moodle_db\enrol_lti_context.ibd' OS error: 203
2026-07-19 17:09:04 0 [ERROR] InnoDB: Operating system error number 203 in a file operation.
2026-07-19 17:09:04 0 [Note] InnoDB: Some operating system error numbers are described at https://mariadb.com/kb/en/library/operating-system-error-codes/
2026-07-19 17:09:04 0 [ERROR] InnoDB: Could not find a valid tablespace file for ``moodle_db`.`enrol_lti_context``. Please refer to https://mariadb.com/kb/en/innodb-data-dictionary-troubleshooting/ for how to resolve the issue.
2026-07-19 17:09:04 0 [Warning] InnoDB: Ignoring tablespace for `moodle_db`.`enrol_lti_context` because it could not be opened.
2026-07-19 17:09:04 0 [ERROR] InnoDB: Operating system error number 3 in a file operation.
2026-07-19 17:09:04 0 [ERROR] InnoDB: The error means the system cannot find the path specified.
2026-07-19 17:09:04 0 [ERROR] InnoDB: If you are installing InnoDB, remember that you must create directories yourself, InnoDB does not create them.
2026-07-19 17:09:04 0 [ERROR] InnoDB: Cannot open datafile for read-only: '.\moodle_db\enrol_lti_deployment.ibd' OS error: 203
2026-07-19 17:09:04 0 [ERROR] InnoDB: Operating system error number 203 in a file operation.
2026-07-19 17:09:04 0 [Note] InnoDB: Some operating system error numbers are described at https://mariadb.com/kb/en/library/operating-system-error-codes/
2026-07-19 17:09:04 0 [ERROR] InnoDB: Could not find a valid tablespace file for ``moodle_db`.`enrol_lti_deployment``. Please refer to https://mariadb.com/kb/en/innodb-data-dictionary-troubleshooting/ for how to resolve the issue.
2026-07-19 17:09:04 0 [Warning] InnoDB: Ignoring tablespace for `moodle_db`.`enrol_lti_deployment` because it could not be opened.
2026-07-19 17:09:04 0 [ERROR] InnoDB: Operating system error number 3 in a file operation.
2026-07-19 17:09:04 0 [ERROR] InnoDB: The error means the system cannot find the path specified.
2026-07-19 17:09:04 0 [ERROR] InnoDB: If you are installing InnoDB, remember that you must create directories yourself, InnoDB does not create them.
2026-07-19 17:09:04 0 [ERROR] InnoDB: Cannot open datafile for read-only: '.\moodle_db\enrol_lti_lti2_consumer.ibd' OS error: 203
2026-07-19 17:09:04 0 [ERROR] InnoDB: Operating system error number 203 in a file operation.
2026-07-19 17:09:04 0 [Note] InnoDB: Some operating system error numbers are described at https://mariadb.com/kb/en/library/operating-system-error-codes/
2026-07-19 17:09:04 0 [ERROR] InnoDB: Could not find a valid tablespace file for ``moodle_db`.`enrol_lti_lti2_consumer``. Please refer to https://mariadb.com/kb/en/innodb-data-dictionary-troubleshooting/ for how to resolve the issue.
2026-07-19 17:09:04 0 [Warning] InnoDB: Ignoring tablespace for `moodle_db`.`enrol_lti_lti2_consumer` because it could not be opened.
2026-07-19 17:09:04 0 [ERROR] InnoDB: Operating system error number 3 in a file operation.
2026-07-19 17:09:04 0 [ERROR] InnoDB: The error means the system cannot find the path specified.
2026-07-19 17:09:04 0 [ERROR] InnoDB: If you are installing InnoDB, remember that you must create directories yourself, InnoDB does not create them.
2026-07-19 17:09:04 0 [ERROR] InnoDB: Cannot open datafile for read-only: '.\moodle_db\enrol_lti_lti2_context.ibd' OS error: 203
2026-07-19 17:09:04 0 [ERROR] InnoDB: Operating system error number 203 in a file operation.
2026-07-19 17:09:04 0 [Note] InnoDB: Some operating system error numbers are described at https://mariadb.com/kb/en/library/operating-system-error-codes/
2026-07-19 17:09:04 0 [ERROR] InnoDB: Could not find a valid tablespace file for ``moodle_db`.`enrol_lti_lti2_context``. Please refer to https://mariadb.com/kb/en/innodb-data-dictionary-troubleshooting/ for how to resolve the issue.
2026-07-19 17:09:04 0 [Warning] InnoDB: Ignoring tablespace for `moodle_db`.`enrol_lti_lti2_context` because it could not be opened.
2026-07-19 17:09:04 0 [ERROR] InnoDB: Operating system error number 3 in a file operation.
2026-07-19 17:09:04 0 [ERROR] InnoDB: The error means the system cannot find the path specified.
2026-07-19 17:09:04 0 [ERROR] InnoDB: If you are installing InnoDB, remember that you must create directories yourself, InnoDB does not create them.
2026-07-19 17:09:04 0 [ERROR] InnoDB: Cannot open datafile for read-only: '.\moodle_db\enrol_lti_lti2_nonce.ibd' OS error: 203
2026-07-19 17:09:04 0 [ERROR] InnoDB: Operating system error number 203 in a file operation.
2026-07-19 17:09:04 0 [Note] InnoDB: Some operating system error numbers are described at https://mariadb.com/kb/en/library/operating-system-error-codes/
2026-07-19 17:09:04 0 [ERROR] InnoDB: Could not find a valid tablespace file for ``moodle_db`.`enrol_lti_lti2_nonce``. Please refer to https://mariadb.com/kb/en/innodb-data-dictionary-troubleshooting/ for how to resolve the issue.
2026-07-19 17:09:04 0 [Warning] InnoDB: Ignoring tablespace for `moodle_db`.`enrol_lti_lti2_nonce` because it could not be opened.
2026-07-19 17:09:04 0 [ERROR] InnoDB: Operating system error number 3 in a file operation.
2026-07-19 17:09:04 0 [ERROR] InnoDB: The error means the system cannot find the path specified.
2026-07-19 17:09:04 0 [ERROR] InnoDB: If you are installing InnoDB, remember that you must create directories yourself, InnoDB does not create them.
2026-07-19 17:09:04 0 [ERROR] InnoDB: Cannot open datafile for read-only: '.\moodle_db\enrol_lti_lti2_resource_link.ibd' OS error: 203
2026-07-19 17:09:04 0 [ERROR] InnoDB: Operating system error number 203 in a file operation.
2026-07-19 17:09:04 0 [Note] InnoDB: Some operating system error numbers are described at https://mariadb.com/kb/en/library/operating-system-error-codes/
2026-07-19 17:09:04 0 [ERROR] InnoDB: Could not find a valid tablespace file for ``moodle_db`.`enrol_lti_lti2_resource_link``. Please refer to https://mariadb.com/kb/en/innodb-data-dictionary-troubleshooting/ for how to resolve the issue.
2026-07-19 17:09:04 0 [Warning] InnoDB: Ignoring tablespace for `moodle_db`.`enrol_lti_lti2_resource_link` because it could not be opened.
2026-07-19 17:09:04 0 [ERROR] InnoDB: Operating system error number 3 in a file operation.
2026-07-19 17:09:04 0 [ERROR] InnoDB: The error means the system cannot find the path specified.
2026-07-19 17:09:04 0 [ERROR] InnoDB: If you are installing InnoDB, remember that you must create directories yourself, InnoDB does not create them.
2026-07-19 17:09:04 0 [ERROR] InnoDB: Cannot open datafile for read-only: '.\moodle_db\enrol_lti_lti2_share_key.ibd' OS error: 203
2026-07-19 17:09:04 0 [ERROR] InnoDB: Operating system error number 203 in a file operation.
2026-07-19 17:09:04 0 [Note] InnoDB: Some operating system error numbers are described at https://mariadb.com/kb/en/library/operating-system-error-codes/
2026-07-19 17:09:04 0 [ERROR] InnoDB: Could not find a valid tablespace file for ``moodle_db`.`enrol_lti_lti2_share_key``. Please refer to https://mariadb.com/kb/en/innodb-data-dictionary-troubleshooting/ for how to resolve the issue.
2026-07-19 17:09:04 0 [Warning] InnoDB: Ignoring tablespace for `moodle_db`.`enrol_lti_lti2_share_key` because it could not be opened.
2026-07-19 17:09:04 0 [ERROR] InnoDB: Operating system error number 3 in a file operation.
2026-07-19 17:09:04 0 [ERROR] InnoDB: The error means the system cannot find the path specified.
2026-07-19 17:09:04 0 [ERROR] InnoDB: If you are installing InnoDB, remember that you must create directories yourself, InnoDB does not create them.
2026-07-19 17:09:04 0 [ERROR] InnoDB: Cannot open datafile for read-only: '.\moodle_db\enrol_lti_lti2_tool_proxy.ibd' OS error: 203
2026-07-19 17:09:04 0 [ERROR] InnoDB: Operating system error number 203 in a file operation.
2026-07-19 17:09:04 0 [Note] InnoDB: Some operating system error numbers are described at https://mariadb.com/kb/en/library/operating-system-error-codes/
2026-07-19 17:09:04 0 [ERROR] InnoDB: Could not find a valid tablespace file for ``moodle_db`.`enrol_lti_lti2_tool_proxy``. Please refer to https://mariadb.com/kb/en/innodb-data-dictionary-troubleshooting/ for how to resolve the issue.
2026-07-19 17:09:04 0 [Warning] InnoDB: Ignoring tablespace for `moodle_db`.`enrol_lti_lti2_tool_proxy` because it could not be opened.
2026-07-19 17:09:04 0 [ERROR] InnoDB: Operating system error number 3 in a file operation.
2026-07-19 17:09:04 0 [ERROR] InnoDB: The error means the system cannot find the path specified.
2026-07-19 17:09:04 0 [ERROR] InnoDB: If you are installing InnoDB, remember that you must create directories yourself, InnoDB does not create them.
2026-07-19 17:09:04 0 [ERROR] InnoDB: Cannot open datafile for read-only: '.\moodle_db\enrol_lti_lti2_user_result.ibd' OS error: 203
2026-07-19 17:09:04 0 [ERROR] InnoDB: Operating system error number 203 in a file operation.
2026-07-19 17:09:04 0 [Note] InnoDB: Some operating system error numbers are described at https://mariadb.com/kb/en/library/operating-system-error-codes/
2026-07-19 17:09:04 0 [ERROR] InnoDB: Could not find a valid tablespace file for ``moodle_db`.`enrol_lti_lti2_user_result``. Please refer to https://mariadb.com/kb/en/innodb-data-dictionary-troubleshooting/ for how to resolve the issue.
2026-07-19 17:09:04 0 [Warning] InnoDB: Ignoring tablespace for `moodle_db`.`enrol_lti_lti2_user_result` because it could not be opened.
2026-07-19 17:09:04 0 [ERROR] InnoDB: Operating system error number 3 in a file operation.
2026-07-19 17:09:04 0 [ERROR] InnoDB: The error means the system cannot find the path specified.
2026-07-19 17:09:04 0 [ERROR] InnoDB: If you are installing InnoDB, remember that you must create directories yourself, InnoDB does not create them.
2026-07-19 17:09:04 0 [ERROR] InnoDB: Cannot open datafile for read-only: '.\moodle_db\enrol_lti_resource_link.ibd' OS error: 203
2026-07-19 17:09:04 0 [ERROR] InnoDB: Operating system error number 203 in a file operation.
2026-07-19 17:09:04 0 [Note] InnoDB: Some operating system error numbers are described at https://mariadb.com/kb/en/library/operating-system-error-codes/
2026-07-19 17:09:04 0 [ERROR] InnoDB: Could not find a valid tablespace file for ``moodle_db`.`enrol_lti_resource_link``. Please refer to https://mariadb.com/kb/en/innodb-data-dictionary-troubleshooting/ for how to resolve the issue.
2026-07-19 17:09:04 0 [Warning] InnoDB: Ignoring tablespace for `moodle_db`.`enrol_lti_resource_link` because it could not be opened.
2026-07-19 17:09:04 0 [ERROR] InnoDB: Operating system error number 3 in a file operation.
2026-07-19 17:09:04 0 [ERROR] InnoDB: The error means the system cannot find the path specified.
2026-07-19 17:09:04 0 [ERROR] InnoDB: If you are installing InnoDB, remember that you must create directories yourself, InnoDB does not create them.
2026-07-19 17:09:04 0 [ERROR] InnoDB: Cannot open datafile for read-only: '.\moodle_db\enrol_lti_tool_consumer_map.ibd' OS error: 203
2026-07-19 17:09:04 0 [ERROR] InnoDB: Operating system error number 203 in a file operation.
2026-07-19 17:09:04 0 [Note] InnoDB: Some operating system error numbers are described at https://mariadb.com/kb/en/library/operating-system-error-codes/
2026-07-19 17:09:04 0 [ERROR] InnoDB: Could not find a valid tablespace file for ``moodle_db`.`enrol_lti_tool_consumer_map``. Please refer to https://mariadb.com/kb/en/innodb-data-dictionary-troubleshooting/ for how to resolve the issue.
2026-07-19 17:09:04 0 [Warning] InnoDB: Ignoring tablespace for `moodle_db`.`enrol_lti_tool_consumer_map` because it could not be opened.
2026-07-19 17:09:04 0 [ERROR] InnoDB: Operating system error number 3 in a file operation.
2026-07-19 17:09:04 0 [ERROR] InnoDB: The error means the system cannot find the path specified.
2026-07-19 17:09:04 0 [ERROR] InnoDB: If you are installing InnoDB, remember that you must create directories yourself, InnoDB does not create them.
2026-07-19 17:09:04 0 [ERROR] InnoDB: Cannot open datafile for read-only: '.\moodle_db\enrol_lti_tools.ibd' OS error: 203
2026-07-19 17:09:04 0 [ERROR] InnoDB: Operating system error number 203 in a file operation.
2026-07-19 17:09:04 0 [Note] InnoDB: Some operating system error numbers are described at https://mariadb.com/kb/en/library/operating-system-error-codes/
2026-07-19 17:09:04 0 [ERROR] InnoDB: Could not find a valid tablespace file for ``moodle_db`.`enrol_lti_tools``. Please refer to https://mariadb.com/kb/en/innodb-data-dictionary-troubleshooting/ for how to resolve the issue.
2026-07-19 17:09:04 0 [Warning] InnoDB: Ignoring tablespace for `moodle_db`.`enrol_lti_tools` because it could not be opened.
2026-07-19 17:09:04 0 [ERROR] InnoDB: Operating system error number 3 in a file operation.
2026-07-19 17:09:04 0 [ERROR] InnoDB: The error means the system cannot find the path specified.
2026-07-19 17:09:04 0 [ERROR] InnoDB: If you are installing InnoDB, remember that you must create directories yourself, InnoDB does not create them.
2026-07-19 17:09:04 0 [ERROR] InnoDB: Cannot open datafile for read-only: '.\moodle_db\enrol_lti_user_resource_link.ibd' OS error: 203
2026-07-19 17:09:04 0 [ERROR] InnoDB: Operating system error number 203 in a file operation.
2026-07-19 17:09:04 0 [Note] InnoDB: Some operating system error numbers are described at https://mariadb.com/kb/en/library/operating-system-error-codes/
2026-07-19 17:09:04 0 [ERROR] InnoDB: Could not find a valid tablespace file for ``moodle_db`.`enrol_lti_user_resource_link``. Please refer to https://mariadb.com/kb/en/innodb-data-dictionary-troubleshooting/ for how to resolve the issue.
2026-07-19 17:09:04 0 [Warning] InnoDB: Ignoring tablespace for `moodle_db`.`enrol_lti_user_resource_link` because it could not be opened.
2026-07-19 17:09:04 0 [ERROR] InnoDB: Operating system error number 3 in a file operation.
2026-07-19 17:09:04 0 [ERROR] InnoDB: The error means the system cannot find the path specified.
2026-07-19 17:09:04 0 [ERROR] InnoDB: If you are installing InnoDB, remember that you must create directories yourself, InnoDB does not create them.
2026-07-19 17:09:04 0 [ERROR] InnoDB: Cannot open datafile for read-only: '.\moodle_db\enrol_lti_users.ibd' OS error: 203
2026-07-19 17:09:04 0 [ERROR] InnoDB: Operating system error number 203 in a file operation.
2026-07-19 17:09:04 0 [Note] InnoDB: Some operating system error numbers are described at https://mariadb.com/kb/en/library/operating-system-error-codes/
2026-07-19 17:09:04 0 [ERROR] InnoDB: Could not find a valid tablespace file for ``moodle_db`.`enrol_lti_users``. Please refer to https://mariadb.com/kb/en/innodb-data-dictionary-troubleshooting/ for how to resolve the issue.
2026-07-19 17:09:04 0 [Warning] InnoDB: Ignoring tablespace for `moodle_db`.`enrol_lti_users` because it could not be opened.
2026-07-19 17:09:04 0 [ERROR] InnoDB: Operating system error number 3 in a file operation.
2026-07-19 17:09:04 0 [ERROR] InnoDB: The error means the system cannot find the path specified.
2026-07-19 17:09:04 0 [ERROR] InnoDB: If you are installing InnoDB, remember that you must create directories yourself, InnoDB does not create them.
2026-07-19 17:09:04 0 [ERROR] InnoDB: Cannot open datafile for read-only: '.\moodle_db\enrol_paypal.ibd' OS error: 203
2026-07-19 17:09:04 0 [ERROR] InnoDB: Operating system error number 203 in a file operation.
2026-07-19 17:09:04 0 [Note] InnoDB: Some operating system error numbers are described at https://mariadb.com/kb/en/library/operating-system-error-codes/
2026-07-19 17:09:04 0 [ERROR] InnoDB: Could not find a valid tablespace file for ``moodle_db`.`enrol_paypal``. Please refer to https://mariadb.com/kb/en/innodb-data-dictionary-troubleshooting/ for how to resolve the issue.
2026-07-19 17:09:04 0 [Warning] InnoDB: Ignoring tablespace for `moodle_db`.`enrol_paypal` because it could not be opened.
2026-07-19 17:09:04 0 [ERROR] InnoDB: Operating system error number 3 in a file operation.
2026-07-19 17:09:04 0 [ERROR] InnoDB: The error means the system cannot find the path specified.
2026-07-19 17:09:04 0 [ERROR] InnoDB: If you are installing InnoDB, remember that you must create directories yourself, InnoDB does not create them.
2026-07-19 17:09:04 0 [ERROR] InnoDB: Cannot open datafile for read-only: '.\moodle_db\event.ibd' OS error: 203
2026-07-19 17:09:04 0 [ERROR] InnoDB: Operating system error number 203 in a file operation.
2026-07-19 17:09:04 0 [Note] InnoDB: Some operating system error numbers are described at https://mariadb.com/kb/en/library/operating-system-error-codes/
2026-07-19 17:09:04 0 [ERROR] InnoDB: Could not find a valid tablespace file for ``moodle_db`.`event``. Please refer to https://mariadb.com/kb/en/innodb-data-dictionary-troubleshooting/ for how to resolve the issue.
2026-07-19 17:09:04 0 [Warning] InnoDB: Ignoring tablespace for `moodle_db`.`event` because it could not be opened.
2026-07-19 17:09:04 0 [ERROR] InnoDB: Operating system error number 3 in a file operation.
2026-07-19 17:09:04 0 [ERROR] InnoDB: The error means the system cannot find the path specified.
2026-07-19 17:09:04 0 [ERROR] InnoDB: If you are installing InnoDB, remember that you must create directories yourself, InnoDB does not create them.
2026-07-19 17:09:04 0 [ERROR] InnoDB: Cannot open datafile for read-only: '.\moodle_db\event_subscriptions.ibd' OS error: 203
2026-07-19 17:09:04 0 [ERROR] InnoDB: Operating system error number 203 in a file operation.
2026-07-19 17:09:04 0 [Note] InnoDB: Some operating system error numbers are described at https://mariadb.com/kb/en/library/operating-system-error-codes/
2026-07-19 17:09:04 0 [ERROR] InnoDB: Could not find a valid tablespace file for ``moodle_db`.`event_subscriptions``. Please refer to https://mariadb.com/kb/en/innodb-data-dictionary-troubleshooting/ for how to resolve the issue.
2026-07-19 17:09:04 0 [Warning] InnoDB: Ignoring tablespace for `moodle_db`.`event_subscriptions` because it could not be opened.
2026-07-19 17:09:04 0 [ERROR] InnoDB: Operating system error number 3 in a file operation.
2026-07-19 17:09:04 0 [ERROR] InnoDB: The error means the system cannot find the path specified.
2026-07-19 17:09:04 0 [ERROR] InnoDB: If you are installing InnoDB, remember that you must create directories yourself, InnoDB does not create them.
2026-07-19 17:09:04 0 [ERROR] InnoDB: Cannot open datafile for read-only: '.\moodle_db\events_handlers.ibd' OS error: 203
2026-07-19 17:09:04 0 [ERROR] InnoDB: Operating system error number 203 in a file operation.
2026-07-19 17:09:04 0 [Note] InnoDB: Some operating system error numbers are described at https://mariadb.com/kb/en/library/operating-system-error-codes/
2026-07-19 17:09:04 0 [ERROR] InnoDB: Could not find a valid tablespace file for ``moodle_db`.`events_handlers``. Please refer to https://mariadb.com/kb/en/innodb-data-dictionary-troubleshooting/ for how to resolve the issue.
2026-07-19 17:09:04 0 [Warning] InnoDB: Ignoring tablespace for `moodle_db`.`events_handlers` because it could not be opened.
2026-07-19 17:09:04 0 [ERROR] InnoDB: Operating system error number 3 in a file operation.
2026-07-19 17:09:04 0 [ERROR] InnoDB: The error means the system cannot find the path specified.
2026-07-19 17:09:04 0 [ERROR] InnoDB: If you are installing InnoDB, remember that you must create directories yourself, InnoDB does not create them.
2026-07-19 17:09:04 0 [ERROR] InnoDB: Cannot open datafile for read-only: '.\moodle_db\events_queue.ibd' OS error: 203
2026-07-19 17:09:04 0 [ERROR] InnoDB: Operating system error number 203 in a file operation.
2026-07-19 17:09:04 0 [Note] InnoDB: Some operating system error numbers are described at https://mariadb.com/kb/en/library/operating-system-error-codes/
2026-07-19 17:09:04 0 [ERROR] InnoDB: Could not find a valid tablespace file for ``moodle_db`.`events_queue``. Please refer to https://mariadb.com/kb/en/innodb-data-dictionary-troubleshooting/ for how to resolve the issue.
2026-07-19 17:09:04 0 [Warning] InnoDB: Ignoring tablespace for `moodle_db`.`events_queue` because it could not be opened.
2026-07-19 17:09:04 0 [ERROR] InnoDB: Operating system error number 3 in a file operation.
2026-07-19 17:09:04 0 [ERROR] InnoDB: The error means the system cannot find the path specified.
2026-07-19 17:09:04 0 [ERROR] InnoDB: If you are installing InnoDB, remember that you must create directories yourself, InnoDB does not create them.
2026-07-19 17:09:04 0 [ERROR] InnoDB: Cannot open datafile for read-only: '.\moodle_db\events_queue_handlers.ibd' OS error: 203
2026-07-19 17:09:04 0 [ERROR] InnoDB: Operating system error number 203 in a file operation.
2026-07-19 17:09:04 0 [Note] InnoDB: Some operating system error numbers are described at https://mariadb.com/kb/en/library/operating-system-error-codes/
2026-07-19 17:09:04 0 [ERROR] InnoDB: Could not find a valid tablespace file for ``moodle_db`.`events_queue_handlers``. Please refer to https://mariadb.com/kb/en/innodb-data-dictionary-troubleshooting/ for how to resolve the issue.
2026-07-19 17:09:04 0 [Warning] InnoDB: Ignoring tablespace for `moodle_db`.`events_queue_handlers` because it could not be opened.
2026-07-19 17:09:04 0 [ERROR] InnoDB: Operating system error number 3 in a file operation.
2026-07-19 17:09:04 0 [ERROR] InnoDB: The error means the system cannot find the path specified.
2026-07-19 17:09:04 0 [ERROR] InnoDB: If you are installing InnoDB, remember that you must create directories yourself, InnoDB does not create them.
2026-07-19 17:09:04 0 [ERROR] InnoDB: Cannot open datafile for read-only: '.\moodle_db\external_functions.ibd' OS error: 203
2026-07-19 17:09:04 0 [ERROR] InnoDB: Operating system error number 203 in a file operation.
2026-07-19 17:09:04 0 [Note] InnoDB: Some operating system error numbers are described at https://mariadb.com/kb/en/library/operating-system-error-codes/
2026-07-19 17:09:04 0 [ERROR] InnoDB: Could not find a valid tablespace file for ``moodle_db`.`external_functions``. Please refer to https://mariadb.com/kb/en/innodb-data-dictionary-troubleshooting/ for how to resolve the issue.
2026-07-19 17:09:04 0 [Warning] InnoDB: Ignoring tablespace for `moodle_db`.`external_functions` because it could not be opened.
2026-07-19 17:09:04 0 [ERROR] InnoDB: Operating system error number 3 in a file operation.
2026-07-19 17:09:04 0 [ERROR] InnoDB: The error means the system cannot find the path specified.
2026-07-19 17:09:04 0 [ERROR] InnoDB: If you are installing InnoDB, remember that you must create directories yourself, InnoDB does not create them.
2026-07-19 17:09:04 0 [ERROR] InnoDB: Cannot open datafile for read-only: '.\moodle_db\external_services.ibd' OS error: 203
2026-07-19 17:09:04 0 [ERROR] InnoDB: Operating system error number 203 in a file operation.
2026-07-19 17:09:04 0 [Note] InnoDB: Some operating system error numbers are described at https://mariadb.com/kb/en/library/operating-system-error-codes/
2026-07-19 17:09:04 0 [ERROR] InnoDB: Could not find a valid tablespace file for ``moodle_db`.`external_services``. Please refer to https://mariadb.com/kb/en/innodb-data-dictionary-troubleshooting/ for how to resolve the issue.
2026-07-19 17:09:04 0 [Warning] InnoDB: Ignoring tablespace for `moodle_db`.`external_services` because it could not be opened.
2026-07-19 17:09:04 0 [ERROR] InnoDB: Operating system error number 3 in a file operation.
2026-07-19 17:09:04 0 [ERROR] InnoDB: The error means the system cannot find the path specified.
2026-07-19 17:09:04 0 [ERROR] InnoDB: If you are installing InnoDB, remember that you must create directories yourself, InnoDB does not create them.
2026-07-19 17:09:04 0 [ERROR] InnoDB: Cannot open datafile for read-only: '.\moodle_db\external_services_functions.ibd' OS error: 203
2026-07-19 17:09:04 0 [ERROR] InnoDB: Operating system error number 203 in a file operation.
2026-07-19 17:09:04 0 [Note] InnoDB: Some operating system error numbers are described at https://mariadb.com/kb/en/library/operating-system-error-codes/
2026-07-19 17:09:04 0 [ERROR] InnoDB: Could not find a valid tablespace file for ``moodle_db`.`external_services_functions``. Please refer to https://mariadb.com/kb/en/innodb-data-dictionary-troubleshooting/ for how to resolve the issue.
2026-07-19 17:09:04 0 [Warning] InnoDB: Ignoring tablespace for `moodle_db`.`external_services_functions` because it could not be opened.
2026-07-19 17:09:04 0 [ERROR] InnoDB: Operating system error number 3 in a file operation.
2026-07-19 17:09:04 0 [ERROR] InnoDB: The error means the system cannot find the path specified.
2026-07-19 17:09:04 0 [ERROR] InnoDB: If you are installing InnoDB, remember that you must create directories yourself, InnoDB does not create them.
2026-07-19 17:09:04 0 [ERROR] InnoDB: Cannot open datafile for read-only: '.\moodle_db\external_services_users.ibd' OS error: 203
2026-07-19 17:09:04 0 [ERROR] InnoDB: Operating system error number 203 in a file operation.
2026-07-19 17:09:04 0 [Note] InnoDB: Some operating system error numbers are described at https://mariadb.com/kb/en/library/operating-system-error-codes/
2026-07-19 17:09:04 0 [ERROR] InnoDB: Could not find a valid tablespace file for ``moodle_db`.`external_services_users``. Please refer to https://mariadb.com/kb/en/innodb-data-dictionary-troubleshooting/ for how to resolve the issue.
2026-07-19 17:09:04 0 [Warning] InnoDB: Ignoring tablespace for `moodle_db`.`external_services_users` because it could not be opened.
2026-07-19 17:09:04 0 [ERROR] InnoDB: Operating system error number 3 in a file operation.
2026-07-19 17:09:04 0 [ERROR] InnoDB: The error means the system cannot find the path specified.
2026-07-19 17:09:04 0 [ERROR] InnoDB: If you are installing InnoDB, remember that you must create directories yourself, InnoDB does not create them.
2026-07-19 17:09:04 0 [ERROR] InnoDB: Cannot open datafile for read-only: '.\moodle_db\external_tokens.ibd' OS error: 203
2026-07-19 17:09:04 0 [ERROR] InnoDB: Operating system error number 203 in a file operation.
2026-07-19 17:09:04 0 [Note] InnoDB: Some operating system error numbers are described at https://mariadb.com/kb/en/library/operating-system-error-codes/
2026-07-19 17:09:04 0 [ERROR] InnoDB: Could not find a valid tablespace file for ``moodle_db`.`external_tokens``. Please refer to https://mariadb.com/kb/en/innodb-data-dictionary-troubleshooting/ for how to resolve the issue.
2026-07-19 17:09:04 0 [Warning] InnoDB: Ignoring tablespace for `moodle_db`.`external_tokens` because it could not be opened.
2026-07-19 17:09:04 0 [ERROR] InnoDB: Operating system error number 3 in a file operation.
2026-07-19 17:09:04 0 [ERROR] InnoDB: The error means the system cannot find the path specified.
2026-07-19 17:09:04 0 [ERROR] InnoDB: If you are installing InnoDB, remember that you must create directories yourself, InnoDB does not create them.
2026-07-19 17:09:04 0 [ERROR] InnoDB: Cannot open datafile for read-only: '.\moodle_db\failed_jobs.ibd' OS error: 203
2026-07-19 17:09:04 0 [ERROR] InnoDB: Operating system error number 203 in a file operation.
2026-07-19 17:09:04 0 [Note] InnoDB: Some operating system error numbers are described at https://mariadb.com/kb/en/library/operating-system-error-codes/
2026-07-19 17:09:04 0 [ERROR] InnoDB: Could not find a valid tablespace file for ``moodle_db`.`failed_jobs``. Please refer to https://mariadb.com/kb/en/innodb-data-dictionary-troubleshooting/ for how to resolve the issue.
2026-07-19 17:09:04 0 [Warning] InnoDB: Ignoring tablespace for `moodle_db`.`failed_jobs` because it could not be opened.
2026-07-19 17:09:04 0 [ERROR] InnoDB: Operating system error number 3 in a file operation.
2026-07-19 17:09:04 0 [ERROR] InnoDB: The error means the system cannot find the path specified.
2026-07-19 17:09:04 0 [ERROR] InnoDB: If you are installing InnoDB, remember that you must create directories yourself, InnoDB does not create them.
2026-07-19 17:09:04 0 [ERROR] InnoDB: Cannot open datafile for read-only: '.\moodle_db\favourite.ibd' OS error: 203
2026-07-19 17:09:04 0 [ERROR] InnoDB: Operating system error number 203 in a file operation.
2026-07-19 17:09:04 0 [Note] InnoDB: Some operating system error numbers are described at https://mariadb.com/kb/en/library/operating-system-error-codes/
2026-07-19 17:09:04 0 [ERROR] InnoDB: Could not find a valid tablespace file for ``moodle_db`.`favourite``. Please refer to https://mariadb.com/kb/en/innodb-data-dictionary-troubleshooting/ for how to resolve the issue.
2026-07-19 17:09:04 0 [Warning] InnoDB: Ignoring tablespace for `moodle_db`.`favourite` because it could not be opened.
2026-07-19 17:09:04 0 [ERROR] InnoDB: Operating system error number 3 in a file operation.
2026-07-19 17:09:04 0 [ERROR] InnoDB: The error means the system cannot find the path specified.
2026-07-19 17:09:04 0 [ERROR] InnoDB: If you are installing InnoDB, remember that you must create directories yourself, InnoDB does not create them.
2026-07-19 17:09:04 0 [ERROR] InnoDB: Cannot open datafile for read-only: '.\moodle_db\feedback.ibd' OS error: 203
2026-07-19 17:09:05 0 [ERROR] InnoDB: Operating system error number 203 in a file operation.
2026-07-19 17:09:05 0 [Note] InnoDB: Some operating system error numbers are described at https://mariadb.com/kb/en/library/operating-system-error-codes/
2026-07-19 17:09:05 0 [ERROR] InnoDB: Could not find a valid tablespace file for ``moodle_db`.`feedback``. Please refer to https://mariadb.com/kb/en/innodb-data-dictionary-troubleshooting/ for how to resolve the issue.
2026-07-19 17:09:05 0 [Warning] InnoDB: Ignoring tablespace for `moodle_db`.`feedback` because it could not be opened.
2026-07-19 17:09:05 0 [ERROR] InnoDB: Operating system error number 3 in a file operation.
2026-07-19 17:09:05 0 [ERROR] InnoDB: The error means the system cannot find the path specified.
2026-07-19 17:09:05 0 [ERROR] InnoDB: If you are installing InnoDB, remember that you must create directories yourself, InnoDB does not create them.
2026-07-19 17:09:05 0 [ERROR] InnoDB: Cannot open datafile for read-only: '.\moodle_db\feedback_completed.ibd' OS error: 203
2026-07-19 17:09:05 0 [ERROR] InnoDB: Operating system error number 203 in a file operation.
2026-07-19 17:09:05 0 [Note] InnoDB: Some operating system error numbers are described at https://mariadb.com/kb/en/library/operating-system-error-codes/
2026-07-19 17:09:05 0 [ERROR] InnoDB: Could not find a valid tablespace file for ``moodle_db`.`feedback_completed``. Please refer to https://mariadb.com/kb/en/innodb-data-dictionary-troubleshooting/ for how to resolve the issue.
2026-07-19 17:09:05 0 [Warning] InnoDB: Ignoring tablespace for `moodle_db`.`feedback_completed` because it could not be opened.
2026-07-19 17:09:05 0 [ERROR] InnoDB: Operating system error number 3 in a file operation.
2026-07-19 17:09:05 0 [ERROR] InnoDB: The error means the system cannot find the path specified.
2026-07-19 17:09:05 0 [ERROR] InnoDB: If you are installing InnoDB, remember that you must create directories yourself, InnoDB does not create them.
2026-07-19 17:09:05 0 [ERROR] InnoDB: Cannot open datafile for read-only: '.\moodle_db\feedback_completedtmp.ibd' OS error: 203
2026-07-19 17:09:05 0 [ERROR] InnoDB: Operating system error number 203 in a file operation.
2026-07-19 17:09:05 0 [Note] InnoDB: Some operating system error numbers are described at https://mariadb.com/kb/en/library/operating-system-error-codes/
2026-07-19 17:09:05 0 [ERROR] InnoDB: Could not find a valid tablespace file for ``moodle_db`.`feedback_completedtmp``. Please refer to https://mariadb.com/kb/en/innodb-data-dictionary-troubleshooting/ for how to resolve the issue.
2026-07-19 17:09:05 0 [Warning] InnoDB: Ignoring tablespace for `moodle_db`.`feedback_completedtmp` because it could not be opened.
2026-07-19 17:09:05 0 [ERROR] InnoDB: Operating system error number 3 in a file operation.
2026-07-19 17:09:05 0 [ERROR] InnoDB: The error means the system cannot find the path specified.
2026-07-19 17:09:05 0 [ERROR] InnoDB: If you are installing InnoDB, remember that you must create directories yourself, InnoDB does not create them.
2026-07-19 17:09:05 0 [ERROR] InnoDB: Cannot open datafile for read-only: '.\moodle_db\feedback_item.ibd' OS error: 203
2026-07-19 17:09:05 0 [ERROR] InnoDB: Operating system error number 203 in a file operation.
2026-07-19 17:09:05 0 [Note] InnoDB: Some operating system error numbers are described at https://mariadb.com/kb/en/library/operating-system-error-codes/
2026-07-19 17:09:05 0 [ERROR] InnoDB: Could not find a valid tablespace file for ``moodle_db`.`feedback_item``. Please refer to https://mariadb.com/kb/en/innodb-data-dictionary-troubleshooting/ for how to resolve the issue.
2026-07-19 17:09:05 0 [Warning] InnoDB: Ignoring tablespace for `moodle_db`.`feedback_item` because it could not be opened.
2026-07-19 17:09:05 0 [ERROR] InnoDB: Operating system error number 3 in a file operation.
2026-07-19 17:09:05 0 [ERROR] InnoDB: The error means the system cannot find the path specified.
2026-07-19 17:09:05 0 [ERROR] InnoDB: If you are installing InnoDB, remember that you must create directories yourself, InnoDB does not create them.
2026-07-19 17:09:05 0 [ERROR] InnoDB: Cannot open datafile for read-only: '.\moodle_db\feedback_sitecourse_map.ibd' OS error: 203
2026-07-19 17:09:05 0 [ERROR] InnoDB: Operating system error number 203 in a file operation.
2026-07-19 17:09:05 0 [Note] InnoDB: Some operating system error numbers are described at https://mariadb.com/kb/en/library/operating-system-error-codes/
2026-07-19 17:09:05 0 [ERROR] InnoDB: Could not find a valid tablespace file for ``moodle_db`.`feedback_sitecourse_map``. Please refer to https://mariadb.com/kb/en/innodb-data-dictionary-troubleshooting/ for how to resolve the issue.
2026-07-19 17:09:05 0 [Warning] InnoDB: Ignoring tablespace for `moodle_db`.`feedback_sitecourse_map` because it could not be opened.
2026-07-19 17:09:05 0 [ERROR] InnoDB: Operating system error number 3 in a file operation.
2026-07-19 17:09:05 0 [ERROR] InnoDB: The error means the system cannot find the path specified.
2026-07-19 17:09:05 0 [ERROR] InnoDB: If you are installing InnoDB, remember that you must create directories yourself, InnoDB does not create them.
2026-07-19 17:09:05 0 [ERROR] InnoDB: Cannot open datafile for read-only: '.\moodle_db\feedback_template.ibd' OS error: 203
2026-07-19 17:09:05 0 [ERROR] InnoDB: Operating system error number 203 in a file operation.
2026-07-19 17:09:05 0 [Note] InnoDB: Some operating system error numbers are described at https://mariadb.com/kb/en/library/operating-system-error-codes/
2026-07-19 17:09:05 0 [ERROR] InnoDB: Could not find a valid tablespace file for ``moodle_db`.`feedback_template``. Please refer to https://mariadb.com/kb/en/innodb-data-dictionary-troubleshooting/ for how to resolve the issue.
2026-07-19 17:09:05 0 [Warning] InnoDB: Ignoring tablespace for `moodle_db`.`feedback_template` because it could not be opened.
2026-07-19 17:09:05 0 [ERROR] InnoDB: Operating system error number 3 in a file operation.
2026-07-19 17:09:05 0 [ERROR] InnoDB: The error means the system cannot find the path specified.
2026-07-19 17:09:05 0 [ERROR] InnoDB: If you are installing InnoDB, remember that you must create directories yourself, InnoDB does not create them.
2026-07-19 17:09:05 0 [ERROR] InnoDB: Cannot open datafile for read-only: '.\moodle_db\feedback_value.ibd' OS error: 203
2026-07-19 17:09:05 0 [ERROR] InnoDB: Operating system error number 203 in a file operation.
2026-07-19 17:09:05 0 [Note] InnoDB: Some operating system error numbers are described at https://mariadb.com/kb/en/library/operating-system-error-codes/
2026-07-19 17:09:05 0 [ERROR] InnoDB: Could not find a valid tablespace file for ``moodle_db`.`feedback_value``. Please refer to https://mariadb.com/kb/en/innodb-data-dictionary-troubleshooting/ for how to resolve the issue.
2026-07-19 17:09:05 0 [Warning] InnoDB: Ignoring tablespace for `moodle_db`.`feedback_value` because it could not be opened.
2026-07-19 17:09:05 0 [ERROR] InnoDB: Operating system error number 3 in a file operation.
2026-07-19 17:09:05 0 [ERROR] InnoDB: The error means the system cannot find the path specified.
2026-07-19 17:09:05 0 [ERROR] InnoDB: If you are installing InnoDB, remember that you must create directories yourself, InnoDB does not create them.
2026-07-19 17:09:05 0 [ERROR] InnoDB: Cannot open datafile for read-only: '.\moodle_db\feedback_valuetmp.ibd' OS error: 203
2026-07-19 17:09:05 0 [ERROR] InnoDB: Operating system error number 203 in a file operation.
2026-07-19 17:09:05 0 [Note] InnoDB: Some operating system error numbers are described at https://mariadb.com/kb/en/library/operating-system-error-codes/
2026-07-19 17:09:05 0 [ERROR] InnoDB: Could not find a valid tablespace file for ``moodle_db`.`feedback_valuetmp``. Please refer to https://mariadb.com/kb/en/innodb-data-dictionary-troubleshooting/ for how to resolve the issue.
2026-07-19 17:09:05 0 [Warning] InnoDB: Ignoring tablespace for `moodle_db`.`feedback_valuetmp` because it could not be opened.
2026-07-19 17:09:05 0 [ERROR] InnoDB: Operating system error number 3 in a file operation.
2026-07-19 17:09:05 0 [ERROR] InnoDB: The error means the system cannot find the path specified.
2026-07-19 17:09:05 0 [ERROR] InnoDB: If you are installing InnoDB, remember that you must create directories yourself, InnoDB does not create them.
2026-07-19 17:09:05 0 [ERROR] InnoDB: Cannot open datafile for read-only: '.\moodle_db\file_conversion.ibd' OS error: 203
2026-07-19 17:09:05 0 [ERROR] InnoDB: Operating system error number 203 in a file operation.
2026-07-19 17:09:05 0 [Note] InnoDB: Some operating system error numbers are described at https://mariadb.com/kb/en/library/operating-system-error-codes/
2026-07-19 17:09:05 0 [ERROR] InnoDB: Could not find a valid tablespace file for ``moodle_db`.`file_conversion``. Please refer to https://mariadb.com/kb/en/innodb-data-dictionary-troubleshooting/ for how to resolve the issue.
2026-07-19 17:09:05 0 [Warning] InnoDB: Ignoring tablespace for `moodle_db`.`file_conversion` because it could not be opened.
2026-07-19 17:09:05 0 [ERROR] InnoDB: Operating system error number 3 in a file operation.
2026-07-19 17:09:05 0 [ERROR] InnoDB: The error means the system cannot find the path specified.
2026-07-19 17:09:05 0 [ERROR] InnoDB: If you are installing InnoDB, remember that you must create directories yourself, InnoDB does not create them.
2026-07-19 17:09:05 0 [ERROR] InnoDB: Cannot open datafile for read-only: '.\moodle_db\files.ibd' OS error: 203
2026-07-19 17:09:05 0 [ERROR] InnoDB: Operating system error number 203 in a file operation.
2026-07-19 17:09:05 0 [Note] InnoDB: Some operating system error numbers are described at https://mariadb.com/kb/en/library/operating-system-error-codes/
2026-07-19 17:09:05 0 [ERROR] InnoDB: Could not find a valid tablespace file for ``moodle_db`.`files``. Please refer to https://mariadb.com/kb/en/innodb-data-dictionary-troubleshooting/ for how to resolve the issue.
2026-07-19 17:09:05 0 [Warning] InnoDB: Ignoring tablespace for `moodle_db`.`files` because it could not be opened.
2026-07-19 17:09:05 0 [ERROR] InnoDB: Operating system error number 3 in a file operation.
2026-07-19 17:09:05 0 [ERROR] InnoDB: The error means the system cannot find the path specified.
2026-07-19 17:09:05 0 [ERROR] InnoDB: If you are installing InnoDB, remember that you must create directories yourself, InnoDB does not create them.
2026-07-19 17:09:05 0 [ERROR] InnoDB: Cannot open datafile for read-only: '.\moodle_db\files_reference.ibd' OS error: 203
2026-07-19 17:09:05 0 [ERROR] InnoDB: Operating system error number 203 in a file operation.
2026-07-19 17:09:05 0 [Note] InnoDB: Some operating system error numbers are described at https://mariadb.com/kb/en/library/operating-system-error-codes/
2026-07-19 17:09:05 0 [ERROR] InnoDB: Could not find a valid tablespace file for ``moodle_db`.`files_reference``. Please refer to https://mariadb.com/kb/en/innodb-data-dictionary-troubleshooting/ for how to resolve the issue.
2026-07-19 17:09:05 0 [Warning] InnoDB: Ignoring tablespace for `moodle_db`.`files_reference` because it could not be opened.
2026-07-19 17:09:05 0 [ERROR] InnoDB: Operating system error number 3 in a file operation.
2026-07-19 17:09:05 0 [ERROR] InnoDB: The error means the system cannot find the path specified.
2026-07-19 17:09:05 0 [ERROR] InnoDB: If you are installing InnoDB, remember that you must create directories yourself, InnoDB does not create them.
2026-07-19 17:09:05 0 [ERROR] InnoDB: Cannot open datafile for read-only: '.\moodle_db\filter_active.ibd' OS error: 203
2026-07-19 17:09:05 0 [ERROR] InnoDB: Operating system error number 203 in a file operation.
2026-07-19 17:09:05 0 [Note] InnoDB: Some operating system error numbers are described at https://mariadb.com/kb/en/library/operating-system-error-codes/
2026-07-19 17:09:05 0 [ERROR] InnoDB: Could not find a valid tablespace file for ``moodle_db`.`filter_active``. Please refer to https://mariadb.com/kb/en/innodb-data-dictionary-troubleshooting/ for how to resolve the issue.
2026-07-19 17:09:05 0 [Warning] InnoDB: Ignoring tablespace for `moodle_db`.`filter_active` because it could not be opened.
2026-07-19 17:09:05 0 [ERROR] InnoDB: Operating system error number 3 in a file operation.
2026-07-19 17:09:05 0 [ERROR] InnoDB: The error means the system cannot find the path specified.
2026-07-19 17:09:05 0 [ERROR] InnoDB: If you are installing InnoDB, remember that you must create directories yourself, InnoDB does not create them.
2026-07-19 17:09:05 0 [ERROR] InnoDB: Cannot open datafile for read-only: '.\moodle_db\filter_config.ibd' OS error: 203
2026-07-19 17:09:05 0 [ERROR] InnoDB: Operating system error number 203 in a file operation.
2026-07-19 17:09:05 0 [Note] InnoDB: Some operating system error numbers are described at https://mariadb.com/kb/en/library/operating-system-error-codes/
2026-07-19 17:09:05 0 [ERROR] InnoDB: Could not find a valid tablespace file for ``moodle_db`.`filter_config``. Please refer to https://mariadb.com/kb/en/innodb-data-dictionary-troubleshooting/ for how to resolve the issue.
2026-07-19 17:09:05 0 [Warning] InnoDB: Ignoring tablespace for `moodle_db`.`filter_config` because it could not be opened.
2026-07-19 17:09:05 0 [ERROR] InnoDB: Operating system error number 3 in a file operation.
2026-07-19 17:09:05 0 [ERROR] InnoDB: The error means the system cannot find the path specified.
2026-07-19 17:09:05 0 [ERROR] InnoDB: If you are installing InnoDB, remember that you must create directories yourself, InnoDB does not create them.
2026-07-19 17:09:05 0 [ERROR] InnoDB: Cannot open datafile for read-only: '.\moodle_db\folder.ibd' OS error: 203
2026-07-19 17:09:05 0 [ERROR] InnoDB: Operating system error number 203 in a file operation.
2026-07-19 17:09:05 0 [Note] InnoDB: Some operating system error numbers are described at https://mariadb.com/kb/en/library/operating-system-error-codes/
2026-07-19 17:09:05 0 [ERROR] InnoDB: Could not find a valid tablespace file for ``moodle_db`.`folder``. Please refer to https://mariadb.com/kb/en/innodb-data-dictionary-troubleshooting/ for how to resolve the issue.
2026-07-19 17:09:05 0 [Warning] InnoDB: Ignoring tablespace for `moodle_db`.`folder` because it could not be opened.
2026-07-19 17:09:05 0 [ERROR] InnoDB: Operating system error number 3 in a file operation.
2026-07-19 17:09:05 0 [ERROR] InnoDB: The error means the system cannot find the path specified.
2026-07-19 17:09:05 0 [ERROR] InnoDB: If you are installing InnoDB, remember that you must create directories yourself, InnoDB does not create them.
2026-07-19 17:09:05 0 [ERROR] InnoDB: Cannot open datafile for read-only: '.\moodle_db\forum.ibd' OS error: 203
2026-07-19 17:09:05 0 [ERROR] InnoDB: Operating system error number 203 in a file operation.
2026-07-19 17:09:05 0 [Note] InnoDB: Some operating system error numbers are described at https://mariadb.com/kb/en/library/operating-system-error-codes/
2026-07-19 17:09:05 0 [ERROR] InnoDB: Could not find a valid tablespace file for ``moodle_db`.`forum``. Please refer to https://mariadb.com/kb/en/innodb-data-dictionary-troubleshooting/ for how to resolve the issue.
2026-07-19 17:09:05 0 [Warning] InnoDB: Ignoring tablespace for `moodle_db`.`forum` because it could not be opened.
2026-07-19 17:09:05 0 [ERROR] InnoDB: Operating system error number 3 in a file operation.
2026-07-19 17:09:05 0 [ERROR] InnoDB: The error means the system cannot find the path specified.
2026-07-19 17:09:05 0 [ERROR] InnoDB: If you are installing InnoDB, remember that you must create directories yourself, InnoDB does not create them.
2026-07-19 17:09:05 0 [ERROR] InnoDB: Cannot open datafile for read-only: '.\moodle_db\forum_digests.ibd' OS error: 203
2026-07-19 17:09:05 0 [ERROR] InnoDB: Operating system error number 203 in a file operation.
2026-07-19 17:09:05 0 [Note] InnoDB: Some operating system error numbers are described at https://mariadb.com/kb/en/library/operating-system-error-codes/
2026-07-19 17:09:05 0 [ERROR] InnoDB: Could not find a valid tablespace file for ``moodle_db`.`forum_digests``. Please refer to https://mariadb.com/kb/en/innodb-data-dictionary-troubleshooting/ for how to resolve the issue.
2026-07-19 17:09:05 0 [Warning] InnoDB: Ignoring tablespace for `moodle_db`.`forum_digests` because it could not be opened.
2026-07-19 17:09:05 0 [ERROR] InnoDB: Operating system error number 3 in a file operation.
2026-07-19 17:09:05 0 [ERROR] InnoDB: The error means the system cannot find the path specified.
2026-07-19 17:09:05 0 [ERROR] InnoDB: If you are installing InnoDB, remember that you must create directories yourself, InnoDB does not create them.
2026-07-19 17:09:05 0 [ERROR] InnoDB: Cannot open datafile for read-only: '.\moodle_db\forum_discussion_subs.ibd' OS error: 203
2026-07-19 17:09:05 0 [ERROR] InnoDB: Operating system error number 203 in a file operation.
2026-07-19 17:09:05 0 [Note] InnoDB: Some operating system error numbers are described at https://mariadb.com/kb/en/library/operating-system-error-codes/
2026-07-19 17:09:05 0 [ERROR] InnoDB: Could not find a valid tablespace file for ``moodle_db`.`forum_discussion_subs``. Please refer to https://mariadb.com/kb/en/innodb-data-dictionary-troubleshooting/ for how to resolve the issue.
2026-07-19 17:09:05 0 [Warning] InnoDB: Ignoring tablespace for `moodle_db`.`forum_discussion_subs` because it could not be opened.
2026-07-19 17:09:05 0 [ERROR] InnoDB: Operating system error number 3 in a file operation.
2026-07-19 17:09:05 0 [ERROR] InnoDB: The error means the system cannot find the path specified.
2026-07-19 17:09:05 0 [ERROR] InnoDB: If you are installing InnoDB, remember that you must create directories yourself, InnoDB does not create them.
2026-07-19 17:09:05 0 [ERROR] InnoDB: Cannot open datafile for read-only: '.\moodle_db\forum_discussions.ibd' OS error: 203
2026-07-19 17:09:05 0 [ERROR] InnoDB: Operating system error number 203 in a file operation.
2026-07-19 17:09:05 0 [Note] InnoDB: Some operating system error numbers are described at https://mariadb.com/kb/en/library/operating-system-error-codes/
2026-07-19 17:09:05 0 [ERROR] InnoDB: Could not find a valid tablespace file for ``moodle_db`.`forum_discussions``. Please refer to https://mariadb.com/kb/en/innodb-data-dictionary-troubleshooting/ for how to resolve the issue.
2026-07-19 17:09:05 0 [Warning] InnoDB: Ignoring tablespace for `moodle_db`.`forum_discussions` because it could not be opened.
2026-07-19 17:09:05 0 [ERROR] InnoDB: Operating system error number 3 in a file operation.
2026-07-19 17:09:05 0 [ERROR] InnoDB: The error means the system cannot find the path specified.
2026-07-19 17:09:05 0 [ERROR] InnoDB: If you are installing InnoDB, remember that you must create directories yourself, InnoDB does not create them.
2026-07-19 17:09:05 0 [ERROR] InnoDB: Cannot open datafile for read-only: '.\moodle_db\forum_grades.ibd' OS error: 203
2026-07-19 17:09:05 0 [ERROR] InnoDB: Operating system error number 203 in a file operation.
2026-07-19 17:09:05 0 [Note] InnoDB: Some operating system error numbers are described at https://mariadb.com/kb/en/library/operating-system-error-codes/
2026-07-19 17:09:05 0 [ERROR] InnoDB: Could not find a valid tablespace file for ``moodle_db`.`forum_grades``. Please refer to https://mariadb.com/kb/en/innodb-data-dictionary-troubleshooting/ for how to resolve the issue.
2026-07-19 17:09:05 0 [Warning] InnoDB: Ignoring tablespace for `moodle_db`.`forum_grades` because it could not be opened.
2026-07-19 17:09:05 0 [ERROR] InnoDB: Operating system error number 3 in a file operation.
2026-07-19 17:09:05 0 [ERROR] InnoDB: The error means the system cannot find the path specified.
2026-07-19 17:09:05 0 [ERROR] InnoDB: If you are installing InnoDB, remember that you must create directories yourself, InnoDB does not create them.
2026-07-19 17:09:05 0 [ERROR] InnoDB: Cannot open datafile for read-only: '.\moodle_db\forum_posts.ibd' OS error: 203
2026-07-19 17:09:05 0 [ERROR] InnoDB: Operating system error number 203 in a file operation.
2026-07-19 17:09:05 0 [Note] InnoDB: Some operating system error numbers are described at https://mariadb.com/kb/en/library/operating-system-error-codes/
2026-07-19 17:09:05 0 [ERROR] InnoDB: Could not find a valid tablespace file for ``moodle_db`.`forum_posts``. Please refer to https://mariadb.com/kb/en/innodb-data-dictionary-troubleshooting/ for how to resolve the issue.
2026-07-19 17:09:05 0 [Warning] InnoDB: Ignoring tablespace for `moodle_db`.`forum_posts` because it could not be opened.
2026-07-19 17:09:05 0 [ERROR] InnoDB: Operating system error number 3 in a file operation.
2026-07-19 17:09:05 0 [ERROR] InnoDB: The error means the system cannot find the path specified.
2026-07-19 17:09:05 0 [ERROR] InnoDB: If you are installing InnoDB, remember that you must create directories yourself, InnoDB does not create them.
2026-07-19 17:09:05 0 [ERROR] InnoDB: Cannot open datafile for read-only: '.\moodle_db\forum_queue.ibd' OS error: 203
2026-07-19 17:09:05 0 [ERROR] InnoDB: Operating system error number 203 in a file operation.
2026-07-19 17:09:05 0 [Note] InnoDB: Some operating system error numbers are described at https://mariadb.com/kb/en/library/operating-system-error-codes/
2026-07-19 17:09:05 0 [ERROR] InnoDB: Could not find a valid tablespace file for ``moodle_db`.`forum_queue``. Please refer to https://mariadb.com/kb/en/innodb-data-dictionary-troubleshooting/ for how to resolve the issue.
2026-07-19 17:09:05 0 [Warning] InnoDB: Ignoring tablespace for `moodle_db`.`forum_queue` because it could not be opened.
2026-07-19 17:09:05 0 [ERROR] InnoDB: Operating system error number 3 in a file operation.
2026-07-19 17:09:05 0 [ERROR] InnoDB: The error means the system cannot find the path specified.
2026-07-19 17:09:05 0 [ERROR] InnoDB: If you are installing InnoDB, remember that you must create directories yourself, InnoDB does not create them.
2026-07-19 17:09:05 0 [ERROR] InnoDB: Cannot open datafile for read-only: '.\moodle_db\forum_read.ibd' OS error: 203
2026-07-19 17:09:05 0 [ERROR] InnoDB: Operating system error number 203 in a file operation.
2026-07-19 17:09:05 0 [Note] InnoDB: Some operating system error numbers are described at https://mariadb.com/kb/en/library/operating-system-error-codes/
2026-07-19 17:09:05 0 [ERROR] InnoDB: Could not find a valid tablespace file for ``moodle_db`.`forum_read``. Please refer to https://mariadb.com/kb/en/innodb-data-dictionary-troubleshooting/ for how to resolve the issue.
2026-07-19 17:09:05 0 [Warning] InnoDB: Ignoring tablespace for `moodle_db`.`forum_read` because it could not be opened.
2026-07-19 17:09:05 0 [ERROR] InnoDB: Operating system error number 3 in a file operation.
2026-07-19 17:09:05 0 [ERROR] InnoDB: The error means the system cannot find the path specified.
2026-07-19 17:09:05 0 [ERROR] InnoDB: If you are installing InnoDB, remember that you must create directories yourself, InnoDB does not create them.
2026-07-19 17:09:05 0 [ERROR] InnoDB: Cannot open datafile for read-only: '.\moodle_db\forum_subscriptions.ibd' OS error: 203
2026-07-19 17:09:05 0 [ERROR] InnoDB: Operating system error number 203 in a file operation.
2026-07-19 17:09:05 0 [Note] InnoDB: Some operating system error numbers are described at https://mariadb.com/kb/en/library/operating-system-error-codes/
2026-07-19 17:09:05 0 [ERROR] InnoDB: Could not find a valid tablespace file for ``moodle_db`.`forum_subscriptions``. Please refer to https://mariadb.com/kb/en/innodb-data-dictionary-troubleshooting/ for how to resolve the issue.
2026-07-19 17:09:05 0 [Warning] InnoDB: Ignoring tablespace for `moodle_db`.`forum_subscriptions` because it could not be opened.
2026-07-19 17:09:05 0 [ERROR] InnoDB: Operating system error number 3 in a file operation.
2026-07-19 17:09:05 0 [ERROR] InnoDB: The error means the system cannot find the path specified.
2026-07-19 17:09:05 0 [ERROR] InnoDB: If you are installing InnoDB, remember that you must create directories yourself, InnoDB does not create them.
2026-07-19 17:09:05 0 [ERROR] InnoDB: Cannot open datafile for read-only: '.\moodle_db\forum_track_prefs.ibd' OS error: 203
2026-07-19 17:09:05 0 [ERROR] InnoDB: Operating system error number 203 in a file operation.
2026-07-19 17:09:05 0 [Note] InnoDB: Some operating system error numbers are described at https://mariadb.com/kb/en/library/operating-system-error-codes/
2026-07-19 17:09:05 0 [ERROR] InnoDB: Could not find a valid tablespace file for ``moodle_db`.`forum_track_prefs``. Please refer to https://mariadb.com/kb/en/innodb-data-dictionary-troubleshooting/ for how to resolve the issue.
2026-07-19 17:09:05 0 [Warning] InnoDB: Ignoring tablespace for `moodle_db`.`forum_track_prefs` because it could not be opened.
2026-07-19 17:09:05 0 [ERROR] InnoDB: Operating system error number 3 in a file operation.
2026-07-19 17:09:05 0 [ERROR] InnoDB: The error means the system cannot find the path specified.
2026-07-19 17:09:05 0 [ERROR] InnoDB: If you are installing InnoDB, remember that you must create directories yourself, InnoDB does not create them.
2026-07-19 17:09:05 0 [ERROR] InnoDB: Cannot open datafile for read-only: '.\moodle_db\general_updates.ibd' OS error: 203
2026-07-19 17:09:05 0 [ERROR] InnoDB: Operating system error number 203 in a file operation.
2026-07-19 17:09:05 0 [Note] InnoDB: Some operating system error numbers are described at https://mariadb.com/kb/en/library/operating-system-error-codes/
2026-07-19 17:09:05 0 [ERROR] InnoDB: Could not find a valid tablespace file for ``moodle_db`.`general_updates``. Please refer to https://mariadb.com/kb/en/innodb-data-dictionary-troubleshooting/ for how to resolve the issue.
2026-07-19 17:09:05 0 [Warning] InnoDB: Ignoring tablespace for `moodle_db`.`general_updates` because it could not be opened.
2026-07-19 17:09:05 0 [ERROR] InnoDB: Operating system error number 3 in a file operation.
2026-07-19 17:09:05 0 [ERROR] InnoDB: The error means the system cannot find the path specified.
2026-07-19 17:09:05 0 [ERROR] InnoDB: If you are installing InnoDB, remember that you must create directories yourself, InnoDB does not create them.
2026-07-19 17:09:05 0 [ERROR] InnoDB: Cannot open datafile for read-only: '.\moodle_db\glossary.ibd' OS error: 203
2026-07-19 17:09:05 0 [ERROR] InnoDB: Operating system error number 203 in a file operation.
2026-07-19 17:09:05 0 [Note] InnoDB: Some operating system error numbers are described at https://mariadb.com/kb/en/library/operating-system-error-codes/
2026-07-19 17:09:05 0 [ERROR] InnoDB: Could not find a valid tablespace file for ``moodle_db`.`glossary``. Please refer to https://mariadb.com/kb/en/innodb-data-dictionary-troubleshooting/ for how to resolve the issue.
2026-07-19 17:09:05 0 [Warning] InnoDB: Ignoring tablespace for `moodle_db`.`glossary` because it could not be opened.
2026-07-19 17:09:05 0 [ERROR] InnoDB: Operating system error number 3 in a file operation.
2026-07-19 17:09:05 0 [ERROR] InnoDB: The error means the system cannot find the path specified.
2026-07-19 17:09:05 0 [ERROR] InnoDB: If you are installing InnoDB, remember that you must create directories yourself, InnoDB does not create them.
2026-07-19 17:09:05 0 [ERROR] InnoDB: Cannot open datafile for read-only: '.\moodle_db\glossary_alias.ibd' OS error: 203
2026-07-19 17:09:05 0 [ERROR] InnoDB: Operating system error number 203 in a file operation.
2026-07-19 17:09:05 0 [Note] InnoDB: Some operating system error numbers are described at https://mariadb.com/kb/en/library/operating-system-error-codes/
2026-07-19 17:09:05 0 [ERROR] InnoDB: Could not find a valid tablespace file for ``moodle_db`.`glossary_alias``. Please refer to https://mariadb.com/kb/en/innodb-data-dictionary-troubleshooting/ for how to resolve the issue.
2026-07-19 17:09:05 0 [Warning] InnoDB: Ignoring tablespace for `moodle_db`.`glossary_alias` because it could not be opened.
2026-07-19 17:09:05 0 [ERROR] InnoDB: Operating system error number 3 in a file operation.
2026-07-19 17:09:05 0 [ERROR] InnoDB: The error means the system cannot find the path specified.
2026-07-19 17:09:05 0 [ERROR] InnoDB: If you are installing InnoDB, remember that you must create directories yourself, InnoDB does not create them.
2026-07-19 17:09:05 0 [ERROR] InnoDB: Cannot open datafile for read-only: '.\moodle_db\glossary_categories.ibd' OS error: 203
2026-07-19 17:09:05 0 [ERROR] InnoDB: Operating system error number 203 in a file operation.
2026-07-19 17:09:05 0 [Note] InnoDB: Some operating system error numbers are described at https://mariadb.com/kb/en/library/operating-system-error-codes/
2026-07-19 17:09:05 0 [ERROR] InnoDB: Could not find a valid tablespace file for ``moodle_db`.`glossary_categories``. Please refer to https://mariadb.com/kb/en/innodb-data-dictionary-troubleshooting/ for how to resolve the issue.
2026-07-19 17:09:05 0 [Warning] InnoDB: Ignoring tablespace for `moodle_db`.`glossary_categories` because it could not be opened.
2026-07-19 17:09:05 0 [ERROR] InnoDB: Operating system error number 3 in a file operation.
2026-07-19 17:09:05 0 [ERROR] InnoDB: The error means the system cannot find the path specified.
2026-07-19 17:09:05 0 [ERROR] InnoDB: If you are installing InnoDB, remember that you must create directories yourself, InnoDB does not create them.
2026-07-19 17:09:05 0 [ERROR] InnoDB: Cannot open datafile for read-only: '.\moodle_db\glossary_entries.ibd' OS error: 203
2026-07-19 17:09:05 0 [ERROR] InnoDB: Operating system error number 203 in a file operation.
2026-07-19 17:09:05 0 [Note] InnoDB: Some operating system error numbers are described at https://mariadb.com/kb/en/library/operating-system-error-codes/
2026-07-19 17:09:05 0 [ERROR] InnoDB: Could not find a valid tablespace file for ``moodle_db`.`glossary_entries``. Please refer to https://mariadb.com/kb/en/innodb-data-dictionary-troubleshooting/ for how to resolve the issue.
2026-07-19 17:09:05 0 [Warning] InnoDB: Ignoring tablespace for `moodle_db`.`glossary_entries` because it could not be opened.
2026-07-19 17:09:05 0 [ERROR] InnoDB: Operating system error number 3 in a file operation.
2026-07-19 17:09:05 0 [ERROR] InnoDB: The error means the system cannot find the path specified.
2026-07-19 17:09:05 0 [ERROR] InnoDB: If you are installing InnoDB, remember that you must create directories yourself, InnoDB does not create them.
2026-07-19 17:09:05 0 [ERROR] InnoDB: Cannot open datafile for read-only: '.\moodle_db\glossary_entries_categories.ibd' OS error: 203
2026-07-19 17:09:05 0 [ERROR] InnoDB: Operating system error number 203 in a file operation.
2026-07-19 17:09:05 0 [Note] InnoDB: Some operating system error numbers are described at https://mariadb.com/kb/en/library/operating-system-error-codes/
2026-07-19 17:09:05 0 [ERROR] InnoDB: Could not find a valid tablespace file for ``moodle_db`.`glossary_entries_categories``. Please refer to https://mariadb.com/kb/en/innodb-data-dictionary-troubleshooting/ for how to resolve the issue.
2026-07-19 17:09:05 0 [Warning] InnoDB: Ignoring tablespace for `moodle_db`.`glossary_entries_categories` because it could not be opened.
2026-07-19 17:09:05 0 [ERROR] InnoDB: Operating system error number 3 in a file operation.
2026-07-19 17:09:05 0 [ERROR] InnoDB: The error means the system cannot find the path specified.
2026-07-19 17:09:05 0 [ERROR] InnoDB: If you are installing InnoDB, remember that you must create directories yourself, InnoDB does not create them.
2026-07-19 17:09:05 0 [ERROR] InnoDB: Cannot open datafile for read-only: '.\moodle_db\glossary_formats.ibd' OS error: 203
2026-07-19 17:09:05 0 [ERROR] InnoDB: Operating system error number 203 in a file operation.
2026-07-19 17:09:05 0 [Note] InnoDB: Some operating system error numbers are described at https://mariadb.com/kb/en/library/operating-system-error-codes/
2026-07-19 17:09:05 0 [ERROR] InnoDB: Could not find a valid tablespace file for ``moodle_db`.`glossary_formats``. Please refer to https://mariadb.com/kb/en/innodb-data-dictionary-troubleshooting/ for how to resolve the issue.
2026-07-19 17:09:05 0 [Warning] InnoDB: Ignoring tablespace for `moodle_db`.`glossary_formats` because it could not be opened.
2026-07-19 17:09:05 0 [ERROR] InnoDB: Operating system error number 3 in a file operation.
2026-07-19 17:09:05 0 [ERROR] InnoDB: The error means the system cannot find the path specified.
2026-07-19 17:09:05 0 [ERROR] InnoDB: If you are installing InnoDB, remember that you must create directories yourself, InnoDB does not create them.
2026-07-19 17:09:05 0 [ERROR] InnoDB: Cannot open datafile for read-only: '.\moodle_db\grade_categories.ibd' OS error: 203
2026-07-19 17:09:05 0 [ERROR] InnoDB: Operating system error number 203 in a file operation.
2026-07-19 17:09:05 0 [Note] InnoDB: Some operating system error numbers are described at https://mariadb.com/kb/en/library/operating-system-error-codes/
2026-07-19 17:09:05 0 [ERROR] InnoDB: Could not find a valid tablespace file for ``moodle_db`.`grade_categories``. Please refer to https://mariadb.com/kb/en/innodb-data-dictionary-troubleshooting/ for how to resolve the issue.
2026-07-19 17:09:05 0 [Warning] InnoDB: Ignoring tablespace for `moodle_db`.`grade_categories` because it could not be opened.
2026-07-19 17:09:05 0 [ERROR] InnoDB: Operating system error number 3 in a file operation.
2026-07-19 17:09:05 0 [ERROR] InnoDB: The error means the system cannot find the path specified.
2026-07-19 17:09:05 0 [ERROR] InnoDB: If you are installing InnoDB, remember that you must create directories yourself, InnoDB does not create them.
2026-07-19 17:09:05 0 [ERROR] InnoDB: Cannot open datafile for read-only: '.\moodle_db\grade_categories_history.ibd' OS error: 203
2026-07-19 17:09:05 0 [ERROR] InnoDB: Operating system error number 203 in a file operation.
2026-07-19 17:09:05 0 [Note] InnoDB: Some operating system error numbers are described at https://mariadb.com/kb/en/library/operating-system-error-codes/
2026-07-19 17:09:05 0 [ERROR] InnoDB: Could not find a valid tablespace file for ``moodle_db`.`grade_categories_history``. Please refer to https://mariadb.com/kb/en/innodb-data-dictionary-troubleshooting/ for how to resolve the issue.
2026-07-19 17:09:05 0 [Warning] InnoDB: Ignoring tablespace for `moodle_db`.`grade_categories_history` because it could not be opened.
2026-07-19 17:09:05 0 [ERROR] InnoDB: Operating system error number 3 in a file operation.
2026-07-19 17:09:05 0 [ERROR] InnoDB: The error means the system cannot find the path specified.
2026-07-19 17:09:05 0 [ERROR] InnoDB: If you are installing InnoDB, remember that you must create directories yourself, InnoDB does not create them.
2026-07-19 17:09:05 0 [ERROR] InnoDB: Cannot open datafile for read-only: '.\moodle_db\grade_grades.ibd' OS error: 203
2026-07-19 17:09:05 0 [ERROR] InnoDB: Operating system error number 203 in a file operation.
2026-07-19 17:09:05 0 [Note] InnoDB: Some operating system error numbers are described at https://mariadb.com/kb/en/library/operating-system-error-codes/
2026-07-19 17:09:05 0 [ERROR] InnoDB: Could not find a valid tablespace file for ``moodle_db`.`grade_grades``. Please refer to https://mariadb.com/kb/en/innodb-data-dictionary-troubleshooting/ for how to resolve the issue.
2026-07-19 17:09:05 0 [Warning] InnoDB: Ignoring tablespace for `moodle_db`.`grade_grades` because it could not be opened.
2026-07-19 17:09:05 0 [ERROR] InnoDB: Operating system error number 3 in a file operation.
2026-07-19 17:09:05 0 [ERROR] InnoDB: The error means the system cannot find the path specified.
2026-07-19 17:09:05 0 [ERROR] InnoDB: If you are installing InnoDB, remember that you must create directories yourself, InnoDB does not create them.
2026-07-19 17:09:05 0 [ERROR] InnoDB: Cannot open datafile for read-only: '.\moodle_db\grade_grades_history.ibd' OS error: 203
2026-07-19 17:09:05 0 [ERROR] InnoDB: Operating system error number 203 in a file operation.
2026-07-19 17:09:05 0 [Note] InnoDB: Some operating system error numbers are described at https://mariadb.com/kb/en/library/operating-system-error-codes/
2026-07-19 17:09:05 0 [ERROR] InnoDB: Could not find a valid tablespace file for ``moodle_db`.`grade_grades_history``. Please refer to https://mariadb.com/kb/en/innodb-data-dictionary-troubleshooting/ for how to resolve the issue.
2026-07-19 17:09:05 0 [Warning] InnoDB: Ignoring tablespace for `moodle_db`.`grade_grades_history` because it could not be opened.
2026-07-19 17:09:05 0 [ERROR] InnoDB: Operating system error number 3 in a file operation.
2026-07-19 17:09:05 0 [ERROR] InnoDB: The error means the system cannot find the path specified.
2026-07-19 17:09:05 0 [ERROR] InnoDB: If you are installing InnoDB, remember that you must create directories yourself, InnoDB does not create them.
2026-07-19 17:09:05 0 [ERROR] InnoDB: Cannot open datafile for read-only: '.\moodle_db\grade_import_newitem.ibd' OS error: 203
2026-07-19 17:09:05 0 [ERROR] InnoDB: Operating system error number 203 in a file operation.
2026-07-19 17:09:05 0 [Note] InnoDB: Some operating system error numbers are described at https://mariadb.com/kb/en/library/operating-system-error-codes/
2026-07-19 17:09:05 0 [ERROR] InnoDB: Could not find a valid tablespace file for ``moodle_db`.`grade_import_newitem``. Please refer to https://mariadb.com/kb/en/innodb-data-dictionary-troubleshooting/ for how to resolve the issue.
2026-07-19 17:09:05 0 [Warning] InnoDB: Ignoring tablespace for `moodle_db`.`grade_import_newitem` because it could not be opened.
2026-07-19 17:09:05 0 [ERROR] InnoDB: Operating system error number 3 in a file operation.
2026-07-19 17:09:05 0 [ERROR] InnoDB: The error means the system cannot find the path specified.
2026-07-19 17:09:05 0 [ERROR] InnoDB: If you are installing InnoDB, remember that you must create directories yourself, InnoDB does not create them.
2026-07-19 17:09:05 0 [ERROR] InnoDB: Cannot open datafile for read-only: '.\moodle_db\grade_import_values.ibd' OS error: 203
2026-07-19 17:09:05 0 [ERROR] InnoDB: Operating system error number 203 in a file operation.
2026-07-19 17:09:05 0 [Note] InnoDB: Some operating system error numbers are described at https://mariadb.com/kb/en/library/operating-system-error-codes/
2026-07-19 17:09:05 0 [ERROR] InnoDB: Could not find a valid tablespace file for ``moodle_db`.`grade_import_values``. Please refer to https://mariadb.com/kb/en/innodb-data-dictionary-troubleshooting/ for how to resolve the issue.
2026-07-19 17:09:05 0 [Warning] InnoDB: Ignoring tablespace for `moodle_db`.`grade_import_values` because it could not be opened.
2026-07-19 17:09:05 0 [ERROR] InnoDB: Operating system error number 3 in a file operation.
2026-07-19 17:09:05 0 [ERROR] InnoDB: The error means the system cannot find the path specified.
2026-07-19 17:09:05 0 [ERROR] InnoDB: If you are installing InnoDB, remember that you must create directories yourself, InnoDB does not create them.
2026-07-19 17:09:05 0 [ERROR] InnoDB: Cannot open datafile for read-only: '.\moodle_db\grade_items.ibd' OS error: 203
2026-07-19 17:09:05 0 [ERROR] InnoDB: Operating system error number 203 in a file operation.
2026-07-19 17:09:05 0 [Note] InnoDB: Some operating system error numbers are described at https://mariadb.com/kb/en/library/operating-system-error-codes/
2026-07-19 17:09:05 0 [ERROR] InnoDB: Could not find a valid tablespace file for ``moodle_db`.`grade_items``. Please refer to https://mariadb.com/kb/en/innodb-data-dictionary-troubleshooting/ for how to resolve the issue.
2026-07-19 17:09:05 0 [Warning] InnoDB: Ignoring tablespace for `moodle_db`.`grade_items` because it could not be opened.
2026-07-19 17:09:05 0 [ERROR] InnoDB: Operating system error number 3 in a file operation.
2026-07-19 17:09:05 0 [ERROR] InnoDB: The error means the system cannot find the path specified.
2026-07-19 17:09:05 0 [ERROR] InnoDB: If you are installing InnoDB, remember that you must create directories yourself, InnoDB does not create them.
2026-07-19 17:09:05 0 [ERROR] InnoDB: Cannot open datafile for read-only: '.\moodle_db\grade_items_history.ibd' OS error: 203
2026-07-19 17:09:05 0 [ERROR] InnoDB: Operating system error number 203 in a file operation.
2026-07-19 17:09:05 0 [Note] InnoDB: Some operating system error numbers are described at https://mariadb.com/kb/en/library/operating-system-error-codes/
2026-07-19 17:09:05 0 [ERROR] InnoDB: Could not find a valid tablespace file for ``moodle_db`.`grade_items_history``. Please refer to https://mariadb.com/kb/en/innodb-data-dictionary-troubleshooting/ for how to resolve the issue.
2026-07-19 17:09:05 0 [Warning] InnoDB: Ignoring tablespace for `moodle_db`.`grade_items_history` because it could not be opened.
2026-07-19 17:09:05 0 [ERROR] InnoDB: Operating system error number 3 in a file operation.
2026-07-19 17:09:05 0 [ERROR] InnoDB: The error means the system cannot find the path specified.
2026-07-19 17:09:05 0 [ERROR] InnoDB: If you are installing InnoDB, remember that you must create directories yourself, InnoDB does not create them.
2026-07-19 17:09:05 0 [ERROR] InnoDB: Cannot open datafile for read-only: '.\moodle_db\grade_letters.ibd' OS error: 203
2026-07-19 17:09:05 0 [ERROR] InnoDB: Operating system error number 203 in a file operation.
2026-07-19 17:09:05 0 [Note] InnoDB: Some operating system error numbers are described at https://mariadb.com/kb/en/library/operating-system-error-codes/
2026-07-19 17:09:05 0 [ERROR] InnoDB: Could not find a valid tablespace file for ``moodle_db`.`grade_letters``. Please refer to https://mariadb.com/kb/en/innodb-data-dictionary-troubleshooting/ for how to resolve the issue.
2026-07-19 17:09:05 0 [Warning] InnoDB: Ignoring tablespace for `moodle_db`.`grade_letters` because it could not be opened.
2026-07-19 17:09:05 0 [ERROR] InnoDB: Operating system error number 3 in a file operation.
2026-07-19 17:09:05 0 [ERROR] InnoDB: The error means the system cannot find the path specified.
2026-07-19 17:09:05 0 [ERROR] InnoDB: If you are installing InnoDB, remember that you must create directories yourself, InnoDB does not create them.
2026-07-19 17:09:05 0 [ERROR] InnoDB: Cannot open datafile for read-only: '.\moodle_db\grade_outcomes.ibd' OS error: 203
2026-07-19 17:09:05 0 [ERROR] InnoDB: Operating system error number 203 in a file operation.
2026-07-19 17:09:05 0 [Note] InnoDB: Some operating system error numbers are described at https://mariadb.com/kb/en/library/operating-system-error-codes/
2026-07-19 17:09:05 0 [ERROR] InnoDB: Could not find a valid tablespace file for ``moodle_db`.`grade_outcomes``. Please refer to https://mariadb.com/kb/en/innodb-data-dictionary-troubleshooting/ for how to resolve the issue.
2026-07-19 17:09:05 0 [Warning] InnoDB: Ignoring tablespace for `moodle_db`.`grade_outcomes` because it could not be opened.
2026-07-19 17:09:05 0 [ERROR] InnoDB: Operating system error number 3 in a file operation.
2026-07-19 17:09:05 0 [ERROR] InnoDB: The error means the system cannot find the path specified.
2026-07-19 17:09:05 0 [ERROR] InnoDB: If you are installing InnoDB, remember that you must create directories yourself, InnoDB does not create them.
2026-07-19 17:09:05 0 [ERROR] InnoDB: Cannot open datafile for read-only: '.\moodle_db\grade_outcomes_courses.ibd' OS error: 203
2026-07-19 17:09:05 0 [ERROR] InnoDB: Operating system error number 203 in a file operation.
2026-07-19 17:09:05 0 [Note] InnoDB: Some operating system error numbers are described at https://mariadb.com/kb/en/library/operating-system-error-codes/
2026-07-19 17:09:05 0 [ERROR] InnoDB: Could not find a valid tablespace file for ``moodle_db`.`grade_outcomes_courses``. Please refer to https://mariadb.com/kb/en/innodb-data-dictionary-troubleshooting/ for how to resolve the issue.
2026-07-19 17:09:05 0 [Warning] InnoDB: Ignoring tablespace for `moodle_db`.`grade_outcomes_courses` because it could not be opened.
2026-07-19 17:09:05 0 [ERROR] InnoDB: Operating system error number 3 in a file operation.
2026-07-19 17:09:05 0 [ERROR] InnoDB: The error means the system cannot find the path specified.
2026-07-19 17:09:05 0 [ERROR] InnoDB: If you are installing InnoDB, remember that you must create directories yourself, InnoDB does not create them.
2026-07-19 17:09:05 0 [ERROR] InnoDB: Cannot open datafile for read-only: '.\moodle_db\grade_outcomes_history.ibd' OS error: 203
2026-07-19 17:09:05 0 [ERROR] InnoDB: Operating system error number 203 in a file operation.
2026-07-19 17:09:05 0 [Note] InnoDB: Some operating system error numbers are described at https://mariadb.com/kb/en/library/operating-system-error-codes/
2026-07-19 17:09:05 0 [ERROR] InnoDB: Could not find a valid tablespace file for ``moodle_db`.`grade_outcomes_history``. Please refer to https://mariadb.com/kb/en/innodb-data-dictionary-troubleshooting/ for how to resolve the issue.
2026-07-19 17:09:05 0 [Warning] InnoDB: Ignoring tablespace for `moodle_db`.`grade_outcomes_history` because it could not be opened.
2026-07-19 17:09:05 0 [ERROR] InnoDB: Operating system error number 3 in a file operation.
2026-07-19 17:09:05 0 [ERROR] InnoDB: The error means the system cannot find the path specified.
2026-07-19 17:09:05 0 [ERROR] InnoDB: If you are installing InnoDB, remember that you must create directories yourself, InnoDB does not create them.
2026-07-19 17:09:05 0 [ERROR] InnoDB: Cannot open datafile for read-only: '.\moodle_db\grade_settings.ibd' OS error: 203
2026-07-19 17:09:05 0 [ERROR] InnoDB: Operating system error number 203 in a file operation.
2026-07-19 17:09:05 0 [Note] InnoDB: Some operating system error numbers are described at https://mariadb.com/kb/en/library/operating-system-error-codes/
2026-07-19 17:09:05 0 [ERROR] InnoDB: Could not find a valid tablespace file for ``moodle_db`.`grade_settings``. Please refer to https://mariadb.com/kb/en/innodb-data-dictionary-troubleshooting/ for how to resolve the issue.
2026-07-19 17:09:05 0 [Warning] InnoDB: Ignoring tablespace for `moodle_db`.`grade_settings` because it could not be opened.
2026-07-19 17:09:05 0 [ERROR] InnoDB: Operating system error number 3 in a file operation.
2026-07-19 17:09:05 0 [ERROR] InnoDB: The error means the system cannot find the path specified.
2026-07-19 17:09:05 0 [ERROR] InnoDB: If you are installing InnoDB, remember that you must create directories yourself, InnoDB does not create them.
2026-07-19 17:09:05 0 [ERROR] InnoDB: Cannot open datafile for read-only: '.\moodle_db\gradepenalty_duedate_rule.ibd' OS error: 203
2026-07-19 17:09:05 0 [ERROR] InnoDB: Operating system error number 203 in a file operation.
2026-07-19 17:09:05 0 [Note] InnoDB: Some operating system error numbers are described at https://mariadb.com/kb/en/library/operating-system-error-codes/
2026-07-19 17:09:05 0 [ERROR] InnoDB: Could not find a valid tablespace file for ``moodle_db`.`gradepenalty_duedate_rule``. Please refer to https://mariadb.com/kb/en/innodb-data-dictionary-troubleshooting/ for how to resolve the issue.
2026-07-19 17:09:05 0 [Warning] InnoDB: Ignoring tablespace for `moodle_db`.`gradepenalty_duedate_rule` because it could not be opened.
2026-07-19 17:09:05 0 [ERROR] InnoDB: Operating system error number 3 in a file operation.
2026-07-19 17:09:05 0 [ERROR] InnoDB: The error means the system cannot find the path specified.
2026-07-19 17:09:05 0 [ERROR] InnoDB: If you are installing InnoDB, remember that you must create directories yourself, InnoDB does not create them.
2026-07-19 17:09:05 0 [ERROR] InnoDB: Cannot open datafile for read-only: '.\moodle_db\grading_areas.ibd' OS error: 203
2026-07-19 17:09:05 0 [ERROR] InnoDB: Operating system error number 203 in a file operation.
2026-07-19 17:09:05 0 [Note] InnoDB: Some operating system error numbers are described at https://mariadb.com/kb/en/library/operating-system-error-codes/
2026-07-19 17:09:05 0 [ERROR] InnoDB: Could not find a valid tablespace file for ``moodle_db`.`grading_areas``. Please refer to https://mariadb.com/kb/en/innodb-data-dictionary-troubleshooting/ for how to resolve the issue.
2026-07-19 17:09:05 0 [Warning] InnoDB: Ignoring tablespace for `moodle_db`.`grading_areas` because it could not be opened.
2026-07-19 17:09:05 0 [ERROR] InnoDB: Operating system error number 3 in a file operation.
2026-07-19 17:09:05 0 [ERROR] InnoDB: The error means the system cannot find the path specified.
2026-07-19 17:09:05 0 [ERROR] InnoDB: If you are installing InnoDB, remember that you must create directories yourself, InnoDB does not create them.
2026-07-19 17:09:05 0 [ERROR] InnoDB: Cannot open datafile for read-only: '.\moodle_db\grading_definitions.ibd' OS error: 203
2026-07-19 17:09:05 0 [ERROR] InnoDB: Operating system error number 203 in a file operation.
2026-07-19 17:09:05 0 [Note] InnoDB: Some operating system error numbers are described at https://mariadb.com/kb/en/library/operating-system-error-codes/
2026-07-19 17:09:05 0 [ERROR] InnoDB: Could not find a valid tablespace file for ``moodle_db`.`grading_definitions``. Please refer to https://mariadb.com/kb/en/innodb-data-dictionary-troubleshooting/ for how to resolve the issue.
2026-07-19 17:09:05 0 [Warning] InnoDB: Ignoring tablespace for `moodle_db`.`grading_definitions` because it could not be opened.
2026-07-19 17:09:05 0 [ERROR] InnoDB: Operating system error number 3 in a file operation.
2026-07-19 17:09:05 0 [ERROR] InnoDB: The error means the system cannot find the path specified.
2026-07-19 17:09:05 0 [ERROR] InnoDB: If you are installing InnoDB, remember that you must create directories yourself, InnoDB does not create them.
2026-07-19 17:09:05 0 [ERROR] InnoDB: Cannot open datafile for read-only: '.\moodle_db\grading_instances.ibd' OS error: 203
2026-07-19 17:09:05 0 [ERROR] InnoDB: Operating system error number 203 in a file operation.
2026-07-19 17:09:05 0 [Note] InnoDB: Some operating system error numbers are described at https://mariadb.com/kb/en/library/operating-system-error-codes/
2026-07-19 17:09:05 0 [ERROR] InnoDB: Could not find a valid tablespace file for ``moodle_db`.`grading_instances``. Please refer to https://mariadb.com/kb/en/innodb-data-dictionary-troubleshooting/ for how to resolve the issue.
2026-07-19 17:09:05 0 [Warning] InnoDB: Ignoring tablespace for `moodle_db`.`grading_instances` because it could not be opened.
2026-07-19 17:09:05 0 [ERROR] InnoDB: Operating system error number 3 in a file operation.
2026-07-19 17:09:05 0 [ERROR] InnoDB: The error means the system cannot find the path specified.
2026-07-19 17:09:05 0 [ERROR] InnoDB: If you are installing InnoDB, remember that you must create directories yourself, InnoDB does not create them.
2026-07-19 17:09:05 0 [ERROR] InnoDB: Cannot open datafile for read-only: '.\moodle_db\gradingform_guide_comments.ibd' OS error: 203
2026-07-19 17:09:05 0 [ERROR] InnoDB: Operating system error number 203 in a file operation.
2026-07-19 17:09:05 0 [Note] InnoDB: Some operating system error numbers are described at https://mariadb.com/kb/en/library/operating-system-error-codes/
2026-07-19 17:09:05 0 [ERROR] InnoDB: Could not find a valid tablespace file for ``moodle_db`.`gradingform_guide_comments``. Please refer to https://mariadb.com/kb/en/innodb-data-dictionary-troubleshooting/ for how to resolve the issue.
2026-07-19 17:09:05 0 [Warning] InnoDB: Ignoring tablespace for `moodle_db`.`gradingform_guide_comments` because it could not be opened.
2026-07-19 17:09:05 0 [ERROR] InnoDB: Operating system error number 3 in a file operation.
2026-07-19 17:09:05 0 [ERROR] InnoDB: The error means the system cannot find the path specified.
2026-07-19 17:09:05 0 [ERROR] InnoDB: If you are installing InnoDB, remember that you must create directories yourself, InnoDB does not create them.
2026-07-19 17:09:05 0 [ERROR] InnoDB: Cannot open datafile for read-only: '.\moodle_db\gradingform_guide_criteria.ibd' OS error: 203
2026-07-19 17:09:05 0 [ERROR] InnoDB: Operating system error number 203 in a file operation.
2026-07-19 17:09:05 0 [Note] InnoDB: Some operating system error numbers are described at https://mariadb.com/kb/en/library/operating-system-error-codes/
2026-07-19 17:09:05 0 [ERROR] InnoDB: Could not find a valid tablespace file for ``moodle_db`.`gradingform_guide_criteria``. Please refer to https://mariadb.com/kb/en/innodb-data-dictionary-troubleshooting/ for how to resolve the issue.
2026-07-19 17:09:05 0 [Warning] InnoDB: Ignoring tablespace for `moodle_db`.`gradingform_guide_criteria` because it could not be opened.
2026-07-19 17:09:05 0 [ERROR] InnoDB: Operating system error number 3 in a file operation.
2026-07-19 17:09:05 0 [ERROR] InnoDB: The error means the system cannot find the path specified.
2026-07-19 17:09:05 0 [ERROR] InnoDB: If you are installing InnoDB, remember that you must create directories yourself, InnoDB does not create them.
2026-07-19 17:09:05 0 [ERROR] InnoDB: Cannot open datafile for read-only: '.\moodle_db\gradingform_guide_fillings.ibd' OS error: 203
2026-07-19 17:09:05 0 [ERROR] InnoDB: Operating system error number 203 in a file operation.
2026-07-19 17:09:05 0 [Note] InnoDB: Some operating system error numbers are described at https://mariadb.com/kb/en/library/operating-system-error-codes/
2026-07-19 17:09:05 0 [ERROR] InnoDB: Could not find a valid tablespace file for ``moodle_db`.`gradingform_guide_fillings``. Please refer to https://mariadb.com/kb/en/innodb-data-dictionary-troubleshooting/ for how to resolve the issue.
2026-07-19 17:09:05 0 [Warning] InnoDB: Ignoring tablespace for `moodle_db`.`gradingform_guide_fillings` because it could not be opened.
2026-07-19 17:09:05 0 [ERROR] InnoDB: Operating system error number 3 in a file operation.
2026-07-19 17:09:05 0 [ERROR] InnoDB: The error means the system cannot find the path specified.
2026-07-19 17:09:05 0 [ERROR] InnoDB: If you are installing InnoDB, remember that you must create directories yourself, InnoDB does not create them.
2026-07-19 17:09:05 0 [ERROR] InnoDB: Cannot open datafile for read-only: '.\moodle_db\gradingform_rubric_criteria.ibd' OS error: 203
2026-07-19 17:09:05 0 [ERROR] InnoDB: Operating system error number 203 in a file operation.
2026-07-19 17:09:05 0 [Note] InnoDB: Some operating system error numbers are described at https://mariadb.com/kb/en/library/operating-system-error-codes/
2026-07-19 17:09:05 0 [ERROR] InnoDB: Could not find a valid tablespace file for ``moodle_db`.`gradingform_rubric_criteria``. Please refer to https://mariadb.com/kb/en/innodb-data-dictionary-troubleshooting/ for how to resolve the issue.
2026-07-19 17:09:05 0 [Warning] InnoDB: Ignoring tablespace for `moodle_db`.`gradingform_rubric_criteria` because it could not be opened.
2026-07-19 17:09:05 0 [ERROR] InnoDB: Operating system error number 3 in a file operation.
2026-07-19 17:09:05 0 [ERROR] InnoDB: The error means the system cannot find the path specified.
2026-07-19 17:09:05 0 [ERROR] InnoDB: If you are installing InnoDB, remember that you must create directories yourself, InnoDB does not create them.
2026-07-19 17:09:05 0 [ERROR] InnoDB: Cannot open datafile for read-only: '.\moodle_db\gradingform_rubric_fillings.ibd' OS error: 203
2026-07-19 17:09:05 0 [ERROR] InnoDB: Operating system error number 203 in a file operation.
2026-07-19 17:09:05 0 [Note] InnoDB: Some operating system error numbers are described at https://mariadb.com/kb/en/library/operating-system-error-codes/
2026-07-19 17:09:05 0 [ERROR] InnoDB: Could not find a valid tablespace file for ``moodle_db`.`gradingform_rubric_fillings``. Please refer to https://mariadb.com/kb/en/innodb-data-dictionary-troubleshooting/ for how to resolve the issue.
2026-07-19 17:09:05 0 [Warning] InnoDB: Ignoring tablespace for `moodle_db`.`gradingform_rubric_fillings` because it could not be opened.
2026-07-19 17:09:05 0 [ERROR] InnoDB: Operating system error number 3 in a file operation.
2026-07-19 17:09:05 0 [ERROR] InnoDB: The error means the system cannot find the path specified.
2026-07-19 17:09:05 0 [ERROR] InnoDB: If you are installing InnoDB, remember that you must create directories yourself, InnoDB does not create them.
2026-07-19 17:09:05 0 [ERROR] InnoDB: Cannot open datafile for read-only: '.\moodle_db\gradingform_rubric_levels.ibd' OS error: 203
2026-07-19 17:09:05 0 [ERROR] InnoDB: Operating system error number 203 in a file operation.
2026-07-19 17:09:05 0 [Note] InnoDB: Some operating system error numbers are described at https://mariadb.com/kb/en/library/operating-system-error-codes/
2026-07-19 17:09:05 0 [ERROR] InnoDB: Could not find a valid tablespace file for ``moodle_db`.`gradingform_rubric_levels``. Please refer to https://mariadb.com/kb/en/innodb-data-dictionary-troubleshooting/ for how to resolve the issue.
2026-07-19 17:09:05 0 [Warning] InnoDB: Ignoring tablespace for `moodle_db`.`gradingform_rubric_levels` because it could not be opened.
2026-07-19 17:09:05 0 [ERROR] InnoDB: Operating system error number 3 in a file operation.
2026-07-19 17:09:05 0 [ERROR] InnoDB: The error means the system cannot find the path specified.
2026-07-19 17:09:05 0 [ERROR] InnoDB: If you are installing InnoDB, remember that you must create directories yourself, InnoDB does not create them.
2026-07-19 17:09:05 0 [ERROR] InnoDB: Cannot open datafile for read-only: '.\moodle_db\groupings.ibd' OS error: 203
2026-07-19 17:09:05 0 [ERROR] InnoDB: Operating system error number 203 in a file operation.
2026-07-19 17:09:05 0 [Note] InnoDB: Some operating system error numbers are described at https://mariadb.com/kb/en/library/operating-system-error-codes/
2026-07-19 17:09:05 0 [ERROR] InnoDB: Could not find a valid tablespace file for ``moodle_db`.`groupings``. Please refer to https://mariadb.com/kb/en/innodb-data-dictionary-troubleshooting/ for how to resolve the issue.
2026-07-19 17:09:05 0 [Warning] InnoDB: Ignoring tablespace for `moodle_db`.`groupings` because it could not be opened.
2026-07-19 17:09:05 0 [ERROR] InnoDB: Operating system error number 3 in a file operation.
2026-07-19 17:09:05 0 [ERROR] InnoDB: The error means the system cannot find the path specified.
2026-07-19 17:09:05 0 [ERROR] InnoDB: If you are installing InnoDB, remember that you must create directories yourself, InnoDB does not create them.
2026-07-19 17:09:05 0 [ERROR] InnoDB: Cannot open datafile for read-only: '.\moodle_db\groupings_groups.ibd' OS error: 203
2026-07-19 17:09:05 0 [ERROR] InnoDB: Operating system error number 203 in a file operation.
2026-07-19 17:09:05 0 [Note] InnoDB: Some operating system error numbers are described at https://mariadb.com/kb/en/library/operating-system-error-codes/
2026-07-19 17:09:05 0 [ERROR] InnoDB: Could not find a valid tablespace file for ``moodle_db`.`groupings_groups``. Please refer to https://mariadb.com/kb/en/innodb-data-dictionary-troubleshooting/ for how to resolve the issue.
2026-07-19 17:09:05 0 [Warning] InnoDB: Ignoring tablespace for `moodle_db`.`groupings_groups` because it could not be opened.
2026-07-19 17:09:05 0 [ERROR] InnoDB: Operating system error number 3 in a file operation.
2026-07-19 17:09:05 0 [ERROR] InnoDB: The error means the system cannot find the path specified.
2026-07-19 17:09:05 0 [ERROR] InnoDB: If you are installing InnoDB, remember that you must create directories yourself, InnoDB does not create them.
2026-07-19 17:09:05 0 [ERROR] InnoDB: Cannot open datafile for read-only: '.\moodle_db\groups.ibd' OS error: 203
2026-07-19 17:09:05 0 [ERROR] InnoDB: Operating system error number 203 in a file operation.
2026-07-19 17:09:05 0 [Note] InnoDB: Some operating system error numbers are described at https://mariadb.com/kb/en/library/operating-system-error-codes/
2026-07-19 17:09:05 0 [ERROR] InnoDB: Could not find a valid tablespace file for ``moodle_db`.`groups``. Please refer to https://mariadb.com/kb/en/innodb-data-dictionary-troubleshooting/ for how to resolve the issue.
2026-07-19 17:09:05 0 [Warning] InnoDB: Ignoring tablespace for `moodle_db`.`groups` because it could not be opened.
2026-07-19 17:09:05 0 [ERROR] InnoDB: Operating system error number 3 in a file operation.
2026-07-19 17:09:05 0 [ERROR] InnoDB: The error means the system cannot find the path specified.
2026-07-19 17:09:05 0 [ERROR] InnoDB: If you are installing InnoDB, remember that you must create directories yourself, InnoDB does not create them.
2026-07-19 17:09:05 0 [ERROR] InnoDB: Cannot open datafile for read-only: '.\moodle_db\groups_members.ibd' OS error: 203
2026-07-19 17:09:05 0 [ERROR] InnoDB: Operating system error number 203 in a file operation.
2026-07-19 17:09:05 0 [Note] InnoDB: Some operating system error numbers are described at https://mariadb.com/kb/en/library/operating-system-error-codes/
2026-07-19 17:09:05 0 [ERROR] InnoDB: Could not find a valid tablespace file for ``moodle_db`.`groups_members``. Please refer to https://mariadb.com/kb/en/innodb-data-dictionary-troubleshooting/ for how to resolve the issue.
2026-07-19 17:09:05 0 [Warning] InnoDB: Ignoring tablespace for `moodle_db`.`groups_members` because it could not be opened.
2026-07-19 17:09:05 0 [ERROR] InnoDB: Operating system error number 3 in a file operation.
2026-07-19 17:09:05 0 [ERROR] InnoDB: The error means the system cannot find the path specified.
2026-07-19 17:09:05 0 [ERROR] InnoDB: If you are installing InnoDB, remember that you must create directories yourself, InnoDB does not create them.
2026-07-19 17:09:05 0 [ERROR] InnoDB: Cannot open datafile for read-only: '.\moodle_db\h5p.ibd' OS error: 203
2026-07-19 17:09:05 0 [ERROR] InnoDB: Operating system error number 203 in a file operation.
2026-07-19 17:09:05 0 [Note] InnoDB: Some operating system error numbers are described at https://mariadb.com/kb/en/library/operating-system-error-codes/
2026-07-19 17:09:05 0 [ERROR] InnoDB: Could not find a valid tablespace file for ``moodle_db`.`h5p``. Please refer to https://mariadb.com/kb/en/innodb-data-dictionary-troubleshooting/ for how to resolve the issue.
2026-07-19 17:09:05 0 [Warning] InnoDB: Ignoring tablespace for `moodle_db`.`h5p` because it could not be opened.
2026-07-19 17:09:05 0 [ERROR] InnoDB: Operating system error number 3 in a file operation.
2026-07-19 17:09:05 0 [ERROR] InnoDB: The error means the system cannot find the path specified.
2026-07-19 17:09:05 0 [ERROR] InnoDB: If you are installing InnoDB, remember that you must create directories yourself, InnoDB does not create them.
2026-07-19 17:09:05 0 [ERROR] InnoDB: Cannot open datafile for read-only: '.\moodle_db\h5p_contents_libraries.ibd' OS error: 203
2026-07-19 17:09:05 0 [ERROR] InnoDB: Operating system error number 203 in a file operation.
2026-07-19 17:09:05 0 [Note] InnoDB: Some operating system error numbers are described at https://mariadb.com/kb/en/library/operating-system-error-codes/
2026-07-19 17:09:05 0 [ERROR] InnoDB: Could not find a valid tablespace file for ``moodle_db`.`h5p_contents_libraries``. Please refer to https://mariadb.com/kb/en/innodb-data-dictionary-troubleshooting/ for how to resolve the issue.
2026-07-19 17:09:05 0 [Warning] InnoDB: Ignoring tablespace for `moodle_db`.`h5p_contents_libraries` because it could not be opened.
2026-07-19 17:09:05 0 [ERROR] InnoDB: Operating system error number 3 in a file operation.
2026-07-19 17:09:05 0 [ERROR] InnoDB: The error means the system cannot find the path specified.
2026-07-19 17:09:05 0 [ERROR] InnoDB: If you are installing InnoDB, remember that you must create directories yourself, InnoDB does not create them.
2026-07-19 17:09:05 0 [ERROR] InnoDB: Cannot open datafile for read-only: '.\moodle_db\h5p_libraries.ibd' OS error: 203
2026-07-19 17:09:05 0 [ERROR] InnoDB: Operating system error number 203 in a file operation.
2026-07-19 17:09:05 0 [Note] InnoDB: Some operating system error numbers are described at https://mariadb.com/kb/en/library/operating-system-error-codes/
2026-07-19 17:09:05 0 [ERROR] InnoDB: Could not find a valid tablespace file for ``moodle_db`.`h5p_libraries``. Please refer to https://mariadb.com/kb/en/innodb-data-dictionary-troubleshooting/ for how to resolve the issue.
2026-07-19 17:09:05 0 [Warning] InnoDB: Ignoring tablespace for `moodle_db`.`h5p_libraries` because it could not be opened.
2026-07-19 17:09:05 0 [ERROR] InnoDB: Operating system error number 3 in a file operation.
2026-07-19 17:09:05 0 [ERROR] InnoDB: The error means the system cannot find the path specified.
2026-07-19 17:09:05 0 [ERROR] InnoDB: If you are installing InnoDB, remember that you must create directories yourself, InnoDB does not create them.
2026-07-19 17:09:05 0 [ERROR] InnoDB: Cannot open datafile for read-only: '.\moodle_db\h5p_libraries_cachedassets.ibd' OS error: 203
2026-07-19 17:09:05 0 [ERROR] InnoDB: Operating system error number 203 in a file operation.
2026-07-19 17:09:05 0 [Note] InnoDB: Some operating system error numbers are described at https://mariadb.com/kb/en/library/operating-system-error-codes/
2026-07-19 17:09:05 0 [ERROR] InnoDB: Could not find a valid tablespace file for ``moodle_db`.`h5p_libraries_cachedassets``. Please refer to https://mariadb.com/kb/en/innodb-data-dictionary-troubleshooting/ for how to resolve the issue.
2026-07-19 17:09:05 0 [Warning] InnoDB: Ignoring tablespace for `moodle_db`.`h5p_libraries_cachedassets` because it could not be opened.
2026-07-19 17:09:05 0 [ERROR] InnoDB: Operating system error number 3 in a file operation.
2026-07-19 17:09:05 0 [ERROR] InnoDB: The error means the system cannot find the path specified.
2026-07-19 17:09:05 0 [ERROR] InnoDB: If you are installing InnoDB, remember that you must create directories yourself, InnoDB does not create them.
2026-07-19 17:09:05 0 [ERROR] InnoDB: Cannot open datafile for read-only: '.\moodle_db\h5p_library_dependencies.ibd' OS error: 203
2026-07-19 17:09:05 0 [ERROR] InnoDB: Operating system error number 203 in a file operation.
2026-07-19 17:09:05 0 [Note] InnoDB: Some operating system error numbers are described at https://mariadb.com/kb/en/library/operating-system-error-codes/
2026-07-19 17:09:05 0 [ERROR] InnoDB: Could not find a valid tablespace file for ``moodle_db`.`h5p_library_dependencies``. Please refer to https://mariadb.com/kb/en/innodb-data-dictionary-troubleshooting/ for how to resolve the issue.
2026-07-19 17:09:05 0 [Warning] InnoDB: Ignoring tablespace for `moodle_db`.`h5p_library_dependencies` because it could not be opened.
2026-07-19 17:09:05 0 [ERROR] InnoDB: Operating system error number 3 in a file operation.
2026-07-19 17:09:05 0 [ERROR] InnoDB: The error means the system cannot find the path specified.
2026-07-19 17:09:05 0 [ERROR] InnoDB: If you are installing InnoDB, remember that you must create directories yourself, InnoDB does not create them.
2026-07-19 17:09:05 0 [ERROR] InnoDB: Cannot open datafile for read-only: '.\moodle_db\h5pactivity.ibd' OS error: 203
2026-07-19 17:09:05 0 [ERROR] InnoDB: Operating system error number 203 in a file operation.
2026-07-19 17:09:05 0 [Note] InnoDB: Some operating system error numbers are described at https://mariadb.com/kb/en/library/operating-system-error-codes/
2026-07-19 17:09:05 0 [ERROR] InnoDB: Could not find a valid tablespace file for ``moodle_db`.`h5pactivity``. Please refer to https://mariadb.com/kb/en/innodb-data-dictionary-troubleshooting/ for how to resolve the issue.
2026-07-19 17:09:05 0 [Warning] InnoDB: Ignoring tablespace for `moodle_db`.`h5pactivity` because it could not be opened.
2026-07-19 17:09:05 0 [ERROR] InnoDB: Operating system error number 3 in a file operation.
2026-07-19 17:09:05 0 [ERROR] InnoDB: The error means the system cannot find the path specified.
2026-07-19 17:09:05 0 [ERROR] InnoDB: If you are installing InnoDB, remember that you must create directories yourself, InnoDB does not create them.
2026-07-19 17:09:05 0 [ERROR] InnoDB: Cannot open datafile for read-only: '.\moodle_db\h5pactivity_attempts.ibd' OS error: 203
2026-07-19 17:09:05 0 [ERROR] InnoDB: Operating system error number 203 in a file operation.
2026-07-19 17:09:05 0 [Note] InnoDB: Some operating system error numbers are described at https://mariadb.com/kb/en/library/operating-system-error-codes/
2026-07-19 17:09:05 0 [ERROR] InnoDB: Could not find a valid tablespace file for ``moodle_db`.`h5pactivity_attempts``. Please refer to https://mariadb.com/kb/en/innodb-data-dictionary-troubleshooting/ for how to resolve the issue.
2026-07-19 17:09:05 0 [Warning] InnoDB: Ignoring tablespace for `moodle_db`.`h5pactivity_attempts` because it could not be opened.
2026-07-19 17:09:05 0 [ERROR] InnoDB: Operating system error number 3 in a file operation.
2026-07-19 17:09:05 0 [ERROR] InnoDB: The error means the system cannot find the path specified.
2026-07-19 17:09:05 0 [ERROR] InnoDB: If you are installing InnoDB, remember that you must create directories yourself, InnoDB does not create them.
2026-07-19 17:09:05 0 [ERROR] InnoDB: Cannot open datafile for read-only: '.\moodle_db\h5pactivity_attempts_results.ibd' OS error: 203
2026-07-19 17:09:05 0 [ERROR] InnoDB: Operating system error number 203 in a file operation.
2026-07-19 17:09:05 0 [Note] InnoDB: Some operating system error numbers are described at https://mariadb.com/kb/en/library/operating-system-error-codes/
2026-07-19 17:09:05 0 [ERROR] InnoDB: Could not find a valid tablespace file for ``moodle_db`.`h5pactivity_attempts_results``. Please refer to https://mariadb.com/kb/en/innodb-data-dictionary-troubleshooting/ for how to resolve the issue.
2026-07-19 17:09:05 0 [Warning] InnoDB: Ignoring tablespace for `moodle_db`.`h5pactivity_attempts_results` because it could not be opened.
2026-07-19 17:09:05 0 [ERROR] InnoDB: Operating system error number 3 in a file operation.
2026-07-19 17:09:05 0 [ERROR] InnoDB: The error means the system cannot find the path specified.
2026-07-19 17:09:05 0 [ERROR] InnoDB: If you are installing InnoDB, remember that you must create directories yourself, InnoDB does not create them.
2026-07-19 17:09:05 0 [ERROR] InnoDB: Cannot open datafile for read-only: '.\moodle_db\imscp.ibd' OS error: 203
2026-07-19 17:09:05 0 [ERROR] InnoDB: Operating system error number 203 in a file operation.
2026-07-19 17:09:05 0 [Note] InnoDB: Some operating system error numbers are described at https://mariadb.com/kb/en/library/operating-system-error-codes/
2026-07-19 17:09:05 0 [ERROR] InnoDB: Could not find a valid tablespace file for ``moodle_db`.`imscp``. Please refer to https://mariadb.com/kb/en/innodb-data-dictionary-troubleshooting/ for how to resolve the issue.
2026-07-19 17:09:05 0 [Warning] InnoDB: Ignoring tablespace for `moodle_db`.`imscp` because it could not be opened.
2026-07-19 17:09:05 0 [ERROR] InnoDB: Operating system error number 3 in a file operation.
2026-07-19 17:09:05 0 [ERROR] InnoDB: The error means the system cannot find the path specified.
2026-07-19 17:09:05 0 [ERROR] InnoDB: If you are installing InnoDB, remember that you must create directories yourself, InnoDB does not create them.
2026-07-19 17:09:05 0 [ERROR] InnoDB: Cannot open datafile for read-only: '.\moodle_db\infected_files.ibd' OS error: 203
2026-07-19 17:09:05 0 [ERROR] InnoDB: Operating system error number 203 in a file operation.
2026-07-19 17:09:05 0 [Note] InnoDB: Some operating system error numbers are described at https://mariadb.com/kb/en/library/operating-system-error-codes/
2026-07-19 17:09:05 0 [ERROR] InnoDB: Could not find a valid tablespace file for ``moodle_db`.`infected_files``. Please refer to https://mariadb.com/kb/en/innodb-data-dictionary-troubleshooting/ for how to resolve the issue.
2026-07-19 17:09:05 0 [Warning] InnoDB: Ignoring tablespace for `moodle_db`.`infected_files` because it could not be opened.
2026-07-19 17:09:05 0 [ERROR] InnoDB: Operating system error number 3 in a file operation.
2026-07-19 17:09:05 0 [ERROR] InnoDB: The error means the system cannot find the path specified.
2026-07-19 17:09:05 0 [ERROR] InnoDB: If you are installing InnoDB, remember that you must create directories yourself, InnoDB does not create them.
2026-07-19 17:09:05 0 [ERROR] InnoDB: Cannot open datafile for read-only: '.\moodle_db\jobs.ibd' OS error: 203
2026-07-19 17:09:05 0 [ERROR] InnoDB: Operating system error number 203 in a file operation.
2026-07-19 17:09:05 0 [Note] InnoDB: Some operating system error numbers are described at https://mariadb.com/kb/en/library/operating-system-error-codes/
2026-07-19 17:09:05 0 [ERROR] InnoDB: Could not find a valid tablespace file for ``moodle_db`.`jobs``. Please refer to https://mariadb.com/kb/en/innodb-data-dictionary-troubleshooting/ for how to resolve the issue.
2026-07-19 17:09:05 0 [Warning] InnoDB: Ignoring tablespace for `moodle_db`.`jobs` because it could not be opened.
2026-07-19 17:09:05 0 [ERROR] InnoDB: Operating system error number 3 in a file operation.
2026-07-19 17:09:05 0 [ERROR] InnoDB: The error means the system cannot find the path specified.
2026-07-19 17:09:05 0 [ERROR] InnoDB: If you are installing InnoDB, remember that you must create directories yourself, InnoDB does not create them.
2026-07-19 17:09:05 0 [ERROR] InnoDB: Cannot open datafile for read-only: '.\moodle_db\label.ibd' OS error: 203
2026-07-19 17:09:05 0 [ERROR] InnoDB: Operating system error number 203 in a file operation.
2026-07-19 17:09:05 0 [Note] InnoDB: Some operating system error numbers are described at https://mariadb.com/kb/en/library/operating-system-error-codes/
2026-07-19 17:09:05 0 [ERROR] InnoDB: Could not find a valid tablespace file for ``moodle_db`.`label``. Please refer to https://mariadb.com/kb/en/innodb-data-dictionary-troubleshooting/ for how to resolve the issue.
2026-07-19 17:09:05 0 [Warning] InnoDB: Ignoring tablespace for `moodle_db`.`label` because it could not be opened.
2026-07-19 17:09:05 0 [ERROR] InnoDB: Operating system error number 3 in a file operation.
2026-07-19 17:09:05 0 [ERROR] InnoDB: The error means the system cannot find the path specified.
2026-07-19 17:09:05 0 [ERROR] InnoDB: If you are installing InnoDB, remember that you must create directories yourself, InnoDB does not create them.
2026-07-19 17:09:05 0 [ERROR] InnoDB: Cannot open datafile for read-only: '.\moodle_db\lesson.ibd' OS error: 203
2026-07-19 17:09:05 0 [ERROR] InnoDB: Operating system error number 203 in a file operation.
2026-07-19 17:09:05 0 [Note] InnoDB: Some operating system error numbers are described at https://mariadb.com/kb/en/library/operating-system-error-codes/
2026-07-19 17:09:05 0 [ERROR] InnoDB: Could not find a valid tablespace file for ``moodle_db`.`lesson``. Please refer to https://mariadb.com/kb/en/innodb-data-dictionary-troubleshooting/ for how to resolve the issue.
2026-07-19 17:09:05 0 [Warning] InnoDB: Ignoring tablespace for `moodle_db`.`lesson` because it could not be opened.
2026-07-19 17:09:05 0 [ERROR] InnoDB: Operating system error number 3 in a file operation.
2026-07-19 17:09:05 0 [ERROR] InnoDB: The error means the system cannot find the path specified.
2026-07-19 17:09:05 0 [ERROR] InnoDB: If you are installing InnoDB, remember that you must create directories yourself, InnoDB does not create them.
2026-07-19 17:09:05 0 [ERROR] InnoDB: Cannot open datafile for read-only: '.\moodle_db\lesson_answers.ibd' OS error: 203
2026-07-19 17:09:05 0 [ERROR] InnoDB: Operating system error number 203 in a file operation.
2026-07-19 17:09:05 0 [Note] InnoDB: Some operating system error numbers are described at https://mariadb.com/kb/en/library/operating-system-error-codes/
2026-07-19 17:09:05 0 [ERROR] InnoDB: Could not find a valid tablespace file for ``moodle_db`.`lesson_answers``. Please refer to https://mariadb.com/kb/en/innodb-data-dictionary-troubleshooting/ for how to resolve the issue.
2026-07-19 17:09:05 0 [Warning] InnoDB: Ignoring tablespace for `moodle_db`.`lesson_answers` because it could not be opened.
2026-07-19 17:09:05 0 [ERROR] InnoDB: Operating system error number 3 in a file operation.
2026-07-19 17:09:05 0 [ERROR] InnoDB: The error means the system cannot find the path specified.
2026-07-19 17:09:05 0 [ERROR] InnoDB: If you are installing InnoDB, remember that you must create directories yourself, InnoDB does not create them.
2026-07-19 17:09:05 0 [ERROR] InnoDB: Cannot open datafile for read-only: '.\moodle_db\lesson_attempts.ibd' OS error: 203
2026-07-19 17:09:05 0 [ERROR] InnoDB: Operating system error number 203 in a file operation.
2026-07-19 17:09:05 0 [Note] InnoDB: Some operating system error numbers are described at https://mariadb.com/kb/en/library/operating-system-error-codes/
2026-07-19 17:09:05 0 [ERROR] InnoDB: Could not find a valid tablespace file for ``moodle_db`.`lesson_attempts``. Please refer to https://mariadb.com/kb/en/innodb-data-dictionary-troubleshooting/ for how to resolve the issue.
2026-07-19 17:09:05 0 [Warning] InnoDB: Ignoring tablespace for `moodle_db`.`lesson_attempts` because it could not be opened.
2026-07-19 17:09:05 0 [ERROR] InnoDB: Operating system error number 3 in a file operation.
2026-07-19 17:09:05 0 [ERROR] InnoDB: The error means the system cannot find the path specified.
2026-07-19 17:09:05 0 [ERROR] InnoDB: If you are installing InnoDB, remember that you must create directories yourself, InnoDB does not create them.
2026-07-19 17:09:05 0 [ERROR] InnoDB: Cannot open datafile for read-only: '.\moodle_db\lesson_branch.ibd' OS error: 203
2026-07-19 17:09:05 0 [ERROR] InnoDB: Operating system error number 203 in a file operation.
2026-07-19 17:09:05 0 [Note] InnoDB: Some operating system error numbers are described at https://mariadb.com/kb/en/library/operating-system-error-codes/
2026-07-19 17:09:05 0 [ERROR] InnoDB: Could not find a valid tablespace file for ``moodle_db`.`lesson_branch``. Please refer to https://mariadb.com/kb/en/innodb-data-dictionary-troubleshooting/ for how to resolve the issue.
2026-07-19 17:09:05 0 [Warning] InnoDB: Ignoring tablespace for `moodle_db`.`lesson_branch` because it could not be opened.
2026-07-19 17:09:05 0 [ERROR] InnoDB: Operating system error number 3 in a file operation.
2026-07-19 17:09:05 0 [ERROR] InnoDB: The error means the system cannot find the path specified.
2026-07-19 17:09:05 0 [ERROR] InnoDB: If you are installing InnoDB, remember that you must create directories yourself, InnoDB does not create them.
2026-07-19 17:09:05 0 [ERROR] InnoDB: Cannot open datafile for read-only: '.\moodle_db\lesson_grades.ibd' OS error: 203
2026-07-19 17:09:05 0 [ERROR] InnoDB: Operating system error number 203 in a file operation.
2026-07-19 17:09:05 0 [Note] InnoDB: Some operating system error numbers are described at https://mariadb.com/kb/en/library/operating-system-error-codes/
2026-07-19 17:09:05 0 [ERROR] InnoDB: Could not find a valid tablespace file for ``moodle_db`.`lesson_grades``. Please refer to https://mariadb.com/kb/en/innodb-data-dictionary-troubleshooting/ for how to resolve the issue.
2026-07-19 17:09:05 0 [Warning] InnoDB: Ignoring tablespace for `moodle_db`.`lesson_grades` because it could not be opened.
2026-07-19 17:09:05 0 [ERROR] InnoDB: Operating system error number 3 in a file operation.
2026-07-19 17:09:05 0 [ERROR] InnoDB: The error means the system cannot find the path specified.
2026-07-19 17:09:05 0 [ERROR] InnoDB: If you are installing InnoDB, remember that you must create directories yourself, InnoDB does not create them.
2026-07-19 17:09:05 0 [ERROR] InnoDB: Cannot open datafile for read-only: '.\moodle_db\lesson_overrides.ibd' OS error: 203
2026-07-19 17:09:05 0 [ERROR] InnoDB: Operating system error number 203 in a file operation.
2026-07-19 17:09:05 0 [Note] InnoDB: Some operating system error numbers are described at https://mariadb.com/kb/en/library/operating-system-error-codes/
2026-07-19 17:09:05 0 [ERROR] InnoDB: Could not find a valid tablespace file for ``moodle_db`.`lesson_overrides``. Please refer to https://mariadb.com/kb/en/innodb-data-dictionary-troubleshooting/ for how to resolve the issue.
2026-07-19 17:09:05 0 [Warning] InnoDB: Ignoring tablespace for `moodle_db`.`lesson_overrides` because it could not be opened.
2026-07-19 17:09:05 0 [ERROR] InnoDB: Operating system error number 3 in a file operation.
2026-07-19 17:09:05 0 [ERROR] InnoDB: The error means the system cannot find the path specified.
2026-07-19 17:09:05 0 [ERROR] InnoDB: If you are installing InnoDB, remember that you must create directories yourself, InnoDB does not create them.
2026-07-19 17:09:05 0 [ERROR] InnoDB: Cannot open datafile for read-only: '.\moodle_db\lesson_pages.ibd' OS error: 203
2026-07-19 17:09:05 0 [ERROR] InnoDB: Operating system error number 203 in a file operation.
2026-07-19 17:09:05 0 [Note] InnoDB: Some operating system error numbers are described at https://mariadb.com/kb/en/library/operating-system-error-codes/
2026-07-19 17:09:05 0 [ERROR] InnoDB: Could not find a valid tablespace file for ``moodle_db`.`lesson_pages``. Please refer to https://mariadb.com/kb/en/innodb-data-dictionary-troubleshooting/ for how to resolve the issue.
2026-07-19 17:09:05 0 [Warning] InnoDB: Ignoring tablespace for `moodle_db`.`lesson_pages` because it could not be opened.
2026-07-19 17:09:05 0 [ERROR] InnoDB: Operating system error number 3 in a file operation.
2026-07-19 17:09:05 0 [ERROR] InnoDB: The error means the system cannot find the path specified.
2026-07-19 17:09:05 0 [ERROR] InnoDB: If you are installing InnoDB, remember that you must create directories yourself, InnoDB does not create them.
2026-07-19 17:09:05 0 [ERROR] InnoDB: Cannot open datafile for read-only: '.\moodle_db\lesson_timer.ibd' OS error: 203
2026-07-19 17:09:05 0 [ERROR] InnoDB: Operating system error number 203 in a file operation.
2026-07-19 17:09:05 0 [Note] InnoDB: Some operating system error numbers are described at https://mariadb.com/kb/en/library/operating-system-error-codes/
2026-07-19 17:09:05 0 [ERROR] InnoDB: Could not find a valid tablespace file for ``moodle_db`.`lesson_timer``. Please refer to https://mariadb.com/kb/en/innodb-data-dictionary-troubleshooting/ for how to resolve the issue.
2026-07-19 17:09:05 0 [Warning] InnoDB: Ignoring tablespace for `moodle_db`.`lesson_timer` because it could not be opened.
2026-07-19 17:09:05 0 [ERROR] InnoDB: Operating system error number 3 in a file operation.
2026-07-19 17:09:05 0 [ERROR] InnoDB: The error means the system cannot find the path specified.
2026-07-19 17:09:05 0 [ERROR] InnoDB: If you are installing InnoDB, remember that you must create directories yourself, InnoDB does not create them.
2026-07-19 17:09:05 0 [ERROR] InnoDB: Cannot open datafile for read-only: '.\moodle_db\license.ibd' OS error: 203
2026-07-19 17:09:05 0 [ERROR] InnoDB: Operating system error number 203 in a file operation.
2026-07-19 17:09:05 0 [Note] InnoDB: Some operating system error numbers are described at https://mariadb.com/kb/en/library/operating-system-error-codes/
2026-07-19 17:09:05 0 [ERROR] InnoDB: Could not find a valid tablespace file for ``moodle_db`.`license``. Please refer to https://mariadb.com/kb/en/innodb-data-dictionary-troubleshooting/ for how to resolve the issue.
2026-07-19 17:09:05 0 [Warning] InnoDB: Ignoring tablespace for `moodle_db`.`license` because it could not be opened.
2026-07-19 17:09:05 0 [ERROR] InnoDB: Operating system error number 3 in a file operation.
2026-07-19 17:09:05 0 [ERROR] InnoDB: The error means the system cannot find the path specified.
2026-07-19 17:09:05 0 [ERROR] InnoDB: If you are installing InnoDB, remember that you must create directories yourself, InnoDB does not create them.
2026-07-19 17:09:05 0 [ERROR] InnoDB: Cannot open datafile for read-only: '.\moodle_db\lock_db.ibd' OS error: 203
2026-07-19 17:09:05 0 [ERROR] InnoDB: Operating system error number 203 in a file operation.
2026-07-19 17:09:05 0 [Note] InnoDB: Some operating system error numbers are described at https://mariadb.com/kb/en/library/operating-system-error-codes/
2026-07-19 17:09:05 0 [ERROR] InnoDB: Could not find a valid tablespace file for ``moodle_db`.`lock_db``. Please refer to https://mariadb.com/kb/en/innodb-data-dictionary-troubleshooting/ for how to resolve the issue.
2026-07-19 17:09:05 0 [Warning] InnoDB: Ignoring tablespace for `moodle_db`.`lock_db` because it could not be opened.
2026-07-19 17:09:05 0 [ERROR] InnoDB: Operating system error number 3 in a file operation.
2026-07-19 17:09:05 0 [ERROR] InnoDB: The error means the system cannot find the path specified.
2026-07-19 17:09:05 0 [ERROR] InnoDB: If you are installing InnoDB, remember that you must create directories yourself, InnoDB does not create them.
2026-07-19 17:09:05 0 [ERROR] InnoDB: Cannot open datafile for read-only: '.\moodle_db\log.ibd' OS error: 203
2026-07-19 17:09:05 0 [ERROR] InnoDB: Operating system error number 203 in a file operation.
2026-07-19 17:09:05 0 [Note] InnoDB: Some operating system error numbers are described at https://mariadb.com/kb/en/library/operating-system-error-codes/
2026-07-19 17:09:05 0 [ERROR] InnoDB: Could not find a valid tablespace file for ``moodle_db`.`log``. Please refer to https://mariadb.com/kb/en/innodb-data-dictionary-troubleshooting/ for how to resolve the issue.
2026-07-19 17:09:05 0 [Warning] InnoDB: Ignoring tablespace for `moodle_db`.`log` because it could not be opened.
2026-07-19 17:09:05 0 [ERROR] InnoDB: Operating system error number 3 in a file operation.
2026-07-19 17:09:05 0 [ERROR] InnoDB: The error means the system cannot find the path specified.
2026-07-19 17:09:05 0 [ERROR] InnoDB: If you are installing InnoDB, remember that you must create directories yourself, InnoDB does not create them.
2026-07-19 17:09:05 0 [ERROR] InnoDB: Cannot open datafile for read-only: '.\moodle_db\log_display.ibd' OS error: 203
2026-07-19 17:09:05 0 [ERROR] InnoDB: Operating system error number 203 in a file operation.
2026-07-19 17:09:05 0 [Note] InnoDB: Some operating system error numbers are described at https://mariadb.com/kb/en/library/operating-system-error-codes/
2026-07-19 17:09:05 0 [ERROR] InnoDB: Could not find a valid tablespace file for ``moodle_db`.`log_display``. Please refer to https://mariadb.com/kb/en/innodb-data-dictionary-troubleshooting/ for how to resolve the issue.
2026-07-19 17:09:05 0 [Warning] InnoDB: Ignoring tablespace for `moodle_db`.`log_display` because it could not be opened.
2026-07-19 17:09:05 0 [ERROR] InnoDB: Operating system error number 3 in a file operation.
2026-07-19 17:09:05 0 [ERROR] InnoDB: The error means the system cannot find the path specified.
2026-07-19 17:09:05 0 [ERROR] InnoDB: If you are installing InnoDB, remember that you must create directories yourself, InnoDB does not create them.
2026-07-19 17:09:05 0 [ERROR] InnoDB: Cannot open datafile for read-only: '.\moodle_db\log_queries.ibd' OS error: 203
2026-07-19 17:09:05 0 [ERROR] InnoDB: Operating system error number 203 in a file operation.
2026-07-19 17:09:05 0 [Note] InnoDB: Some operating system error numbers are described at https://mariadb.com/kb/en/library/operating-system-error-codes/
2026-07-19 17:09:05 0 [ERROR] InnoDB: Could not find a valid tablespace file for ``moodle_db`.`log_queries``. Please refer to https://mariadb.com/kb/en/innodb-data-dictionary-troubleshooting/ for how to resolve the issue.
2026-07-19 17:09:05 0 [Warning] InnoDB: Ignoring tablespace for `moodle_db`.`log_queries` because it could not be opened.
2026-07-19 17:09:05 0 [ERROR] InnoDB: Operating system error number 3 in a file operation.
2026-07-19 17:09:05 0 [ERROR] InnoDB: The error means the system cannot find the path specified.
2026-07-19 17:09:05 0 [ERROR] InnoDB: If you are installing InnoDB, remember that you must create directories yourself, InnoDB does not create them.
2026-07-19 17:09:05 0 [ERROR] InnoDB: Cannot open datafile for read-only: '.\moodle_db\logstore_standard_log.ibd' OS error: 203
2026-07-19 17:09:05 0 [ERROR] InnoDB: Operating system error number 203 in a file operation.
2026-07-19 17:09:05 0 [Note] InnoDB: Some operating system error numbers are described at https://mariadb.com/kb/en/library/operating-system-error-codes/
2026-07-19 17:09:05 0 [ERROR] InnoDB: Could not find a valid tablespace file for ``moodle_db`.`logstore_standard_log``. Please refer to https://mariadb.com/kb/en/innodb-data-dictionary-troubleshooting/ for how to resolve the issue.
2026-07-19 17:09:05 0 [Warning] InnoDB: Ignoring tablespace for `moodle_db`.`logstore_standard_log` because it could not be opened.
2026-07-19 17:09:05 0 [ERROR] InnoDB: Operating system error number 3 in a file operation.
2026-07-19 17:09:05 0 [ERROR] InnoDB: The error means the system cannot find the path specified.
2026-07-19 17:09:05 0 [ERROR] InnoDB: If you are installing InnoDB, remember that you must create directories yourself, InnoDB does not create them.
2026-07-19 17:09:05 0 [ERROR] InnoDB: Cannot open datafile for read-only: '.\moodle_db\lti.ibd' OS error: 203
2026-07-19 17:09:05 0 [ERROR] InnoDB: Operating system error number 203 in a file operation.
2026-07-19 17:09:05 0 [Note] InnoDB: Some operating system error numbers are described at https://mariadb.com/kb/en/library/operating-system-error-codes/
2026-07-19 17:09:05 0 [ERROR] InnoDB: Could not find a valid tablespace file for ``moodle_db`.`lti``. Please refer to https://mariadb.com/kb/en/innodb-data-dictionary-troubleshooting/ for how to resolve the issue.
2026-07-19 17:09:05 0 [Warning] InnoDB: Ignoring tablespace for `moodle_db`.`lti` because it could not be opened.
2026-07-19 17:09:05 0 [ERROR] InnoDB: Operating system error number 3 in a file operation.
2026-07-19 17:09:05 0 [ERROR] InnoDB: The error means the system cannot find the path specified.
2026-07-19 17:09:05 0 [ERROR] InnoDB: If you are installing InnoDB, remember that you must create directories yourself, InnoDB does not create them.
2026-07-19 17:09:05 0 [ERROR] InnoDB: Cannot open datafile for read-only: '.\moodle_db\lti_access_tokens.ibd' OS error: 203
2026-07-19 17:09:05 0 [ERROR] InnoDB: Operating system error number 203 in a file operation.
2026-07-19 17:09:05 0 [Note] InnoDB: Some operating system error numbers are described at https://mariadb.com/kb/en/library/operating-system-error-codes/
2026-07-19 17:09:05 0 [ERROR] InnoDB: Could not find a valid tablespace file for ``moodle_db`.`lti_access_tokens``. Please refer to https://mariadb.com/kb/en/innodb-data-dictionary-troubleshooting/ for how to resolve the issue.
2026-07-19 17:09:05 0 [Warning] InnoDB: Ignoring tablespace for `moodle_db`.`lti_access_tokens` because it could not be opened.
2026-07-19 17:09:05 0 [ERROR] InnoDB: Operating system error number 3 in a file operation.
2026-07-19 17:09:05 0 [ERROR] InnoDB: The error means the system cannot find the path specified.
2026-07-19 17:09:05 0 [ERROR] InnoDB: If you are installing InnoDB, remember that you must create directories yourself, InnoDB does not create them.
2026-07-19 17:09:05 0 [ERROR] InnoDB: Cannot open datafile for read-only: '.\moodle_db\lti_coursevisible.ibd' OS error: 203
2026-07-19 17:09:05 0 [ERROR] InnoDB: Operating system error number 203 in a file operation.
2026-07-19 17:09:05 0 [Note] InnoDB: Some operating system error numbers are described at https://mariadb.com/kb/en/library/operating-system-error-codes/
2026-07-19 17:09:05 0 [ERROR] InnoDB: Could not find a valid tablespace file for ``moodle_db`.`lti_coursevisible``. Please refer to https://mariadb.com/kb/en/innodb-data-dictionary-troubleshooting/ for how to resolve the issue.
2026-07-19 17:09:05 0 [Warning] InnoDB: Ignoring tablespace for `moodle_db`.`lti_coursevisible` because it could not be opened.
2026-07-19 17:09:05 0 [ERROR] InnoDB: Operating system error number 3 in a file operation.
2026-07-19 17:09:05 0 [ERROR] InnoDB: The error means the system cannot find the path specified.
2026-07-19 17:09:05 0 [ERROR] InnoDB: If you are installing InnoDB, remember that you must create directories yourself, InnoDB does not create them.
2026-07-19 17:09:05 0 [ERROR] InnoDB: Cannot open datafile for read-only: '.\moodle_db\lti_submission.ibd' OS error: 203
2026-07-19 17:09:05 0 [ERROR] InnoDB: Operating system error number 203 in a file operation.
2026-07-19 17:09:05 0 [Note] InnoDB: Some operating system error numbers are described at https://mariadb.com/kb/en/library/operating-system-error-codes/
2026-07-19 17:09:05 0 [ERROR] InnoDB: Could not find a valid tablespace file for ``moodle_db`.`lti_submission``. Please refer to https://mariadb.com/kb/en/innodb-data-dictionary-troubleshooting/ for how to resolve the issue.
2026-07-19 17:09:05 0 [Warning] InnoDB: Ignoring tablespace for `moodle_db`.`lti_submission` because it could not be opened.
2026-07-19 17:09:05 0 [ERROR] InnoDB: Operating system error number 3 in a file operation.
2026-07-19 17:09:05 0 [ERROR] InnoDB: The error means the system cannot find the path specified.
2026-07-19 17:09:05 0 [ERROR] InnoDB: If you are installing InnoDB, remember that you must create directories yourself, InnoDB does not create them.
2026-07-19 17:09:05 0 [ERROR] InnoDB: Cannot open datafile for read-only: '.\moodle_db\lti_tool_proxies.ibd' OS error: 203
2026-07-19 17:09:05 0 [ERROR] InnoDB: Operating system error number 203 in a file operation.
2026-07-19 17:09:05 0 [Note] InnoDB: Some operating system error numbers are described at https://mariadb.com/kb/en/library/operating-system-error-codes/
2026-07-19 17:09:05 0 [ERROR] InnoDB: Could not find a valid tablespace file for ``moodle_db`.`lti_tool_proxies``. Please refer to https://mariadb.com/kb/en/innodb-data-dictionary-troubleshooting/ for how to resolve the issue.
2026-07-19 17:09:05 0 [Warning] InnoDB: Ignoring tablespace for `moodle_db`.`lti_tool_proxies` because it could not be opened.
2026-07-19 17:09:05 0 [ERROR] InnoDB: Operating system error number 3 in a file operation.
2026-07-19 17:09:05 0 [ERROR] InnoDB: The error means the system cannot find the path specified.
2026-07-19 17:09:05 0 [ERROR] InnoDB: If you are installing InnoDB, remember that you must create directories yourself, InnoDB does not create them.
2026-07-19 17:09:05 0 [ERROR] InnoDB: Cannot open datafile for read-only: '.\moodle_db\lti_tool_settings.ibd' OS error: 203
2026-07-19 17:09:05 0 [ERROR] InnoDB: Operating system error number 203 in a file operation.
2026-07-19 17:09:05 0 [Note] InnoDB: Some operating system error numbers are described at https://mariadb.com/kb/en/library/operating-system-error-codes/
2026-07-19 17:09:05 0 [ERROR] InnoDB: Could not find a valid tablespace file for ``moodle_db`.`lti_tool_settings``. Please refer to https://mariadb.com/kb/en/innodb-data-dictionary-troubleshooting/ for how to resolve the issue.
2026-07-19 17:09:05 0 [Warning] InnoDB: Ignoring tablespace for `moodle_db`.`lti_tool_settings` because it could not be opened.
2026-07-19 17:09:05 0 [ERROR] InnoDB: Operating system error number 3 in a file operation.
2026-07-19 17:09:05 0 [ERROR] InnoDB: The error means the system cannot find the path specified.
2026-07-19 17:09:05 0 [ERROR] InnoDB: If you are installing InnoDB, remember that you must create directories yourself, InnoDB does not create them.
2026-07-19 17:09:05 0 [ERROR] InnoDB: Cannot open datafile for read-only: '.\moodle_db\lti_types.ibd' OS error: 203
2026-07-19 17:09:05 0 [ERROR] InnoDB: Operating system error number 203 in a file operation.
2026-07-19 17:09:05 0 [Note] InnoDB: Some operating system error numbers are described at https://mariadb.com/kb/en/library/operating-system-error-codes/
2026-07-19 17:09:05 0 [ERROR] InnoDB: Could not find a valid tablespace file for ``moodle_db`.`lti_types``. Please refer to https://mariadb.com/kb/en/innodb-data-dictionary-troubleshooting/ for how to resolve the issue.
2026-07-19 17:09:05 0 [Warning] InnoDB: Ignoring tablespace for `moodle_db`.`lti_types` because it could not be opened.
2026-07-19 17:09:05 0 [ERROR] InnoDB: Operating system error number 3 in a file operation.
2026-07-19 17:09:05 0 [ERROR] InnoDB: The error means the system cannot find the path specified.
2026-07-19 17:09:05 0 [ERROR] InnoDB: If you are installing InnoDB, remember that you must create directories yourself, InnoDB does not create them.
2026-07-19 17:09:05 0 [ERROR] InnoDB: Cannot open datafile for read-only: '.\moodle_db\lti_types_categories.ibd' OS error: 203
2026-07-19 17:09:05 0 [ERROR] InnoDB: Operating system error number 203 in a file operation.
2026-07-19 17:09:05 0 [Note] InnoDB: Some operating system error numbers are described at https://mariadb.com/kb/en/library/operating-system-error-codes/
2026-07-19 17:09:05 0 [ERROR] InnoDB: Could not find a valid tablespace file for ``moodle_db`.`lti_types_categories``. Please refer to https://mariadb.com/kb/en/innodb-data-dictionary-troubleshooting/ for how to resolve the issue.
2026-07-19 17:09:05 0 [Warning] InnoDB: Ignoring tablespace for `moodle_db`.`lti_types_categories` because it could not be opened.
2026-07-19 17:09:05 0 [ERROR] InnoDB: Operating system error number 3 in a file operation.
2026-07-19 17:09:05 0 [ERROR] InnoDB: The error means the system cannot find the path specified.
2026-07-19 17:09:05 0 [ERROR] InnoDB: If you are installing InnoDB, remember that you must create directories yourself, InnoDB does not create them.
2026-07-19 17:09:05 0 [ERROR] InnoDB: Cannot open datafile for read-only: '.\moodle_db\lti_types_config.ibd' OS error: 203
2026-07-19 17:09:05 0 [ERROR] InnoDB: Operating system error number 203 in a file operation.
2026-07-19 17:09:05 0 [Note] InnoDB: Some operating system error numbers are described at https://mariadb.com/kb/en/library/operating-system-error-codes/
2026-07-19 17:09:05 0 [ERROR] InnoDB: Could not find a valid tablespace file for ``moodle_db`.`lti_types_config``. Please refer to https://mariadb.com/kb/en/innodb-data-dictionary-troubleshooting/ for how to resolve the issue.
2026-07-19 17:09:05 0 [Warning] InnoDB: Ignoring tablespace for `moodle_db`.`lti_types_config` because it could not be opened.
2026-07-19 17:09:05 0 [ERROR] InnoDB: Operating system error number 3 in a file operation.
2026-07-19 17:09:05 0 [ERROR] InnoDB: The error means the system cannot find the path specified.
2026-07-19 17:09:05 0 [ERROR] InnoDB: If you are installing InnoDB, remember that you must create directories yourself, InnoDB does not create them.
2026-07-19 17:09:05 0 [ERROR] InnoDB: Cannot open datafile for read-only: '.\moodle_db\ltiservice_gradebookservices.ibd' OS error: 203
2026-07-19 17:09:05 0 [ERROR] InnoDB: Operating system error number 203 in a file operation.
2026-07-19 17:09:05 0 [Note] InnoDB: Some operating system error numbers are described at https://mariadb.com/kb/en/library/operating-system-error-codes/
2026-07-19 17:09:05 0 [ERROR] InnoDB: Could not find a valid tablespace file for ``moodle_db`.`ltiservice_gradebookservices``. Please refer to https://mariadb.com/kb/en/innodb-data-dictionary-troubleshooting/ for how to resolve the issue.
2026-07-19 17:09:05 0 [Warning] InnoDB: Ignoring tablespace for `moodle_db`.`ltiservice_gradebookservices` because it could not be opened.
2026-07-19 17:09:05 0 [ERROR] InnoDB: Operating system error number 3 in a file operation.
2026-07-19 17:09:05 0 [ERROR] InnoDB: The error means the system cannot find the path specified.
2026-07-19 17:09:05 0 [ERROR] InnoDB: If you are installing InnoDB, remember that you must create directories yourself, InnoDB does not create them.
2026-07-19 17:09:05 0 [ERROR] InnoDB: Cannot open datafile for read-only: '.\moodle_db\matrix_room.ibd' OS error: 203
2026-07-19 17:09:05 0 [ERROR] InnoDB: Operating system error number 203 in a file operation.
2026-07-19 17:09:05 0 [Note] InnoDB: Some operating system error numbers are described at https://mariadb.com/kb/en/library/operating-system-error-codes/
2026-07-19 17:09:05 0 [ERROR] InnoDB: Could not find a valid tablespace file for ``moodle_db`.`matrix_room``. Please refer to https://mariadb.com/kb/en/innodb-data-dictionary-troubleshooting/ for how to resolve the issue.
2026-07-19 17:09:05 0 [Warning] InnoDB: Ignoring tablespace for `moodle_db`.`matrix_room` because it could not be opened.
2026-07-19 17:09:05 0 [ERROR] InnoDB: Operating system error number 3 in a file operation.
2026-07-19 17:09:05 0 [ERROR] InnoDB: The error means the system cannot find the path specified.
2026-07-19 17:09:05 0 [ERROR] InnoDB: If you are installing InnoDB, remember that you must create directories yourself, InnoDB does not create them.
2026-07-19 17:09:05 0 [ERROR] InnoDB: Cannot open datafile for read-only: '.\moodle_db\message.ibd' OS error: 203
2026-07-19 17:09:05 0 [ERROR] InnoDB: Operating system error number 203 in a file operation.
2026-07-19 17:09:05 0 [Note] InnoDB: Some operating system error numbers are described at https://mariadb.com/kb/en/library/operating-system-error-codes/
2026-07-19 17:09:05 0 [ERROR] InnoDB: Could not find a valid tablespace file for ``moodle_db`.`message``. Please refer to https://mariadb.com/kb/en/innodb-data-dictionary-troubleshooting/ for how to resolve the issue.
2026-07-19 17:09:05 0 [Warning] InnoDB: Ignoring tablespace for `moodle_db`.`message` because it could not be opened.
2026-07-19 17:09:05 0 [ERROR] InnoDB: Operating system error number 3 in a file operation.
2026-07-19 17:09:05 0 [ERROR] InnoDB: The error means the system cannot find the path specified.
2026-07-19 17:09:05 0 [ERROR] InnoDB: If you are installing InnoDB, remember that you must create directories yourself, InnoDB does not create them.
2026-07-19 17:09:05 0 [ERROR] InnoDB: Cannot open datafile for read-only: '.\moodle_db\message_airnotifier_devices.ibd' OS error: 203
2026-07-19 17:09:05 0 [ERROR] InnoDB: Operating system error number 203 in a file operation.
2026-07-19 17:09:05 0 [Note] InnoDB: Some operating system error numbers are described at https://mariadb.com/kb/en/library/operating-system-error-codes/
2026-07-19 17:09:05 0 [ERROR] InnoDB: Could not find a valid tablespace file for ``moodle_db`.`message_airnotifier_devices``. Please refer to https://mariadb.com/kb/en/innodb-data-dictionary-troubleshooting/ for how to resolve the issue.
2026-07-19 17:09:05 0 [Warning] InnoDB: Ignoring tablespace for `moodle_db`.`message_airnotifier_devices` because it could not be opened.
2026-07-19 17:09:05 0 [ERROR] InnoDB: Operating system error number 3 in a file operation.
2026-07-19 17:09:05 0 [ERROR] InnoDB: The error means the system cannot find the path specified.
2026-07-19 17:09:05 0 [ERROR] InnoDB: If you are installing InnoDB, remember that you must create directories yourself, InnoDB does not create them.
2026-07-19 17:09:05 0 [ERROR] InnoDB: Cannot open datafile for read-only: '.\moodle_db\message_contact_requests.ibd' OS error: 203
2026-07-19 17:09:05 0 [ERROR] InnoDB: Operating system error number 203 in a file operation.
2026-07-19 17:09:05 0 [Note] InnoDB: Some operating system error numbers are described at https://mariadb.com/kb/en/library/operating-system-error-codes/
2026-07-19 17:09:05 0 [ERROR] InnoDB: Could not find a valid tablespace file for ``moodle_db`.`message_contact_requests``. Please refer to https://mariadb.com/kb/en/innodb-data-dictionary-troubleshooting/ for how to resolve the issue.
2026-07-19 17:09:05 0 [Warning] InnoDB: Ignoring tablespace for `moodle_db`.`message_contact_requests` because it could not be opened.
2026-07-19 17:09:05 0 [ERROR] InnoDB: Operating system error number 3 in a file operation.
2026-07-19 17:09:05 0 [ERROR] InnoDB: The error means the system cannot find the path specified.
2026-07-19 17:09:05 0 [ERROR] InnoDB: If you are installing InnoDB, remember that you must create directories yourself, InnoDB does not create them.
2026-07-19 17:09:05 0 [ERROR] InnoDB: Cannot open datafile for read-only: '.\moodle_db\message_contacts.ibd' OS error: 203
2026-07-19 17:09:05 0 [ERROR] InnoDB: Operating system error number 203 in a file operation.
2026-07-19 17:09:05 0 [Note] InnoDB: Some operating system error numbers are described at https://mariadb.com/kb/en/library/operating-system-error-codes/
2026-07-19 17:09:05 0 [ERROR] InnoDB: Could not find a valid tablespace file for ``moodle_db`.`message_contacts``. Please refer to https://mariadb.com/kb/en/innodb-data-dictionary-troubleshooting/ for how to resolve the issue.
2026-07-19 17:09:05 0 [Warning] InnoDB: Ignoring tablespace for `moodle_db`.`message_contacts` because it could not be opened.
2026-07-19 17:09:05 0 [ERROR] InnoDB: Operating system error number 3 in a file operation.
2026-07-19 17:09:05 0 [ERROR] InnoDB: The error means the system cannot find the path specified.
2026-07-19 17:09:05 0 [ERROR] InnoDB: If you are installing InnoDB, remember that you must create directories yourself, InnoDB does not create them.
2026-07-19 17:09:05 0 [ERROR] InnoDB: Cannot open datafile for read-only: '.\moodle_db\message_conversation_actions.ibd' OS error: 203
2026-07-19 17:09:05 0 [ERROR] InnoDB: Operating system error number 203 in a file operation.
2026-07-19 17:09:05 0 [Note] InnoDB: Some operating system error numbers are described at https://mariadb.com/kb/en/library/operating-system-error-codes/
2026-07-19 17:09:05 0 [ERROR] InnoDB: Could not find a valid tablespace file for ``moodle_db`.`message_conversation_actions``. Please refer to https://mariadb.com/kb/en/innodb-data-dictionary-troubleshooting/ for how to resolve the issue.
2026-07-19 17:09:05 0 [Warning] InnoDB: Ignoring tablespace for `moodle_db`.`message_conversation_actions` because it could not be opened.
2026-07-19 17:09:05 0 [ERROR] InnoDB: Operating system error number 3 in a file operation.
2026-07-19 17:09:05 0 [ERROR] InnoDB: The error means the system cannot find the path specified.
2026-07-19 17:09:05 0 [ERROR] InnoDB: If you are installing InnoDB, remember that you must create directories yourself, InnoDB does not create them.
2026-07-19 17:09:05 0 [ERROR] InnoDB: Cannot open datafile for read-only: '.\moodle_db\message_conversation_members.ibd' OS error: 203
2026-07-19 17:09:05 0 [ERROR] InnoDB: Operating system error number 203 in a file operation.
2026-07-19 17:09:05 0 [Note] InnoDB: Some operating system error numbers are described at https://mariadb.com/kb/en/library/operating-system-error-codes/
2026-07-19 17:09:05 0 [ERROR] InnoDB: Could not find a valid tablespace file for ``moodle_db`.`message_conversation_members``. Please refer to https://mariadb.com/kb/en/innodb-data-dictionary-troubleshooting/ for how to resolve the issue.
2026-07-19 17:09:05 0 [Warning] InnoDB: Ignoring tablespace for `moodle_db`.`message_conversation_members` because it could not be opened.
2026-07-19 17:09:05 0 [ERROR] InnoDB: Operating system error number 3 in a file operation.
2026-07-19 17:09:05 0 [ERROR] InnoDB: The error means the system cannot find the path specified.
2026-07-19 17:09:05 0 [ERROR] InnoDB: If you are installing InnoDB, remember that you must create directories yourself, InnoDB does not create them.
2026-07-19 17:09:05 0 [ERROR] InnoDB: Cannot open datafile for read-only: '.\moodle_db\message_conversations.ibd' OS error: 203
2026-07-19 17:09:05 0 [ERROR] InnoDB: Operating system error number 203 in a file operation.
2026-07-19 17:09:05 0 [Note] InnoDB: Some operating system error numbers are described at https://mariadb.com/kb/en/library/operating-system-error-codes/
2026-07-19 17:09:05 0 [ERROR] InnoDB: Could not find a valid tablespace file for ``moodle_db`.`message_conversations``. Please refer to https://mariadb.com/kb/en/innodb-data-dictionary-troubleshooting/ for how to resolve the issue.
2026-07-19 17:09:05 0 [Warning] InnoDB: Ignoring tablespace for `moodle_db`.`message_conversations` because it could not be opened.
2026-07-19 17:09:05 0 [ERROR] InnoDB: Operating system error number 3 in a file operation.
2026-07-19 17:09:05 0 [ERROR] InnoDB: The error means the system cannot find the path specified.
2026-07-19 17:09:05 0 [ERROR] InnoDB: If you are installing InnoDB, remember that you must create directories yourself, InnoDB does not create them.
2026-07-19 17:09:05 0 [ERROR] InnoDB: Cannot open datafile for read-only: '.\moodle_db\message_email_messages.ibd' OS error: 203
2026-07-19 17:09:05 0 [ERROR] InnoDB: Operating system error number 203 in a file operation.
2026-07-19 17:09:05 0 [Note] InnoDB: Some operating system error numbers are described at https://mariadb.com/kb/en/library/operating-system-error-codes/
2026-07-19 17:09:05 0 [ERROR] InnoDB: Could not find a valid tablespace file for ``moodle_db`.`message_email_messages``. Please refer to https://mariadb.com/kb/en/innodb-data-dictionary-troubleshooting/ for how to resolve the issue.
2026-07-19 17:09:05 0 [Warning] InnoDB: Ignoring tablespace for `moodle_db`.`message_email_messages` because it could not be opened.
2026-07-19 17:09:05 0 [ERROR] InnoDB: Operating system error number 3 in a file operation.
2026-07-19 17:09:05 0 [ERROR] InnoDB: The error means the system cannot find the path specified.
2026-07-19 17:09:05 0 [ERROR] InnoDB: If you are installing InnoDB, remember that you must create directories yourself, InnoDB does not create them.
2026-07-19 17:09:05 0 [ERROR] InnoDB: Cannot open datafile for read-only: '.\moodle_db\message_popup.ibd' OS error: 203
2026-07-19 17:09:05 0 [ERROR] InnoDB: Operating system error number 203 in a file operation.
2026-07-19 17:09:05 0 [Note] InnoDB: Some operating system error numbers are described at https://mariadb.com/kb/en/library/operating-system-error-codes/
2026-07-19 17:09:05 0 [ERROR] InnoDB: Could not find a valid tablespace file for ``moodle_db`.`message_popup``. Please refer to https://mariadb.com/kb/en/innodb-data-dictionary-troubleshooting/ for how to resolve the issue.
2026-07-19 17:09:05 0 [Warning] InnoDB: Ignoring tablespace for `moodle_db`.`message_popup` because it could not be opened.
2026-07-19 17:09:05 0 [ERROR] InnoDB: Operating system error number 3 in a file operation.
2026-07-19 17:09:05 0 [ERROR] InnoDB: The error means the system cannot find the path specified.
2026-07-19 17:09:05 0 [ERROR] InnoDB: If you are installing InnoDB, remember that you must create directories yourself, InnoDB does not create them.
2026-07-19 17:09:05 0 [ERROR] InnoDB: Cannot open datafile for read-only: '.\moodle_db\message_popup_notifications.ibd' OS error: 203
2026-07-19 17:09:05 0 [ERROR] InnoDB: Operating system error number 203 in a file operation.
2026-07-19 17:09:05 0 [Note] InnoDB: Some operating system error numbers are described at https://mariadb.com/kb/en/library/operating-system-error-codes/
2026-07-19 17:09:05 0 [ERROR] InnoDB: Could not find a valid tablespace file for ``moodle_db`.`message_popup_notifications``. Please refer to https://mariadb.com/kb/en/innodb-data-dictionary-troubleshooting/ for how to resolve the issue.
2026-07-19 17:09:05 0 [Warning] InnoDB: Ignoring tablespace for `moodle_db`.`message_popup_notifications` because it could not be opened.
2026-07-19 17:09:05 0 [ERROR] InnoDB: Operating system error number 3 in a file operation.
2026-07-19 17:09:05 0 [ERROR] InnoDB: The error means the system cannot find the path specified.
2026-07-19 17:09:05 0 [ERROR] InnoDB: If you are installing InnoDB, remember that you must create directories yourself, InnoDB does not create them.
2026-07-19 17:09:05 0 [ERROR] InnoDB: Cannot open datafile for read-only: '.\moodle_db\message_processors.ibd' OS error: 203
2026-07-19 17:09:05 0 [ERROR] InnoDB: Operating system error number 203 in a file operation.
2026-07-19 17:09:05 0 [Note] InnoDB: Some operating system error numbers are described at https://mariadb.com/kb/en/library/operating-system-error-codes/
2026-07-19 17:09:05 0 [ERROR] InnoDB: Could not find a valid tablespace file for ``moodle_db`.`message_processors``. Please refer to https://mariadb.com/kb/en/innodb-data-dictionary-troubleshooting/ for how to resolve the issue.
2026-07-19 17:09:05 0 [Warning] InnoDB: Ignoring tablespace for `moodle_db`.`message_processors` because it could not be opened.
2026-07-19 17:09:05 0 [ERROR] InnoDB: Operating system error number 3 in a file operation.
2026-07-19 17:09:05 0 [ERROR] InnoDB: The error means the system cannot find the path specified.
2026-07-19 17:09:05 0 [ERROR] InnoDB: If you are installing InnoDB, remember that you must create directories yourself, InnoDB does not create them.
2026-07-19 17:09:05 0 [ERROR] InnoDB: Cannot open datafile for read-only: '.\moodle_db\message_providers.ibd' OS error: 203
2026-07-19 17:09:05 0 [ERROR] InnoDB: Operating system error number 203 in a file operation.
2026-07-19 17:09:05 0 [Note] InnoDB: Some operating system error numbers are described at https://mariadb.com/kb/en/library/operating-system-error-codes/
2026-07-19 17:09:05 0 [ERROR] InnoDB: Could not find a valid tablespace file for ``moodle_db`.`message_providers``. Please refer to https://mariadb.com/kb/en/innodb-data-dictionary-troubleshooting/ for how to resolve the issue.
2026-07-19 17:09:05 0 [Warning] InnoDB: Ignoring tablespace for `moodle_db`.`message_providers` because it could not be opened.
2026-07-19 17:09:05 0 [ERROR] InnoDB: Operating system error number 3 in a file operation.
2026-07-19 17:09:05 0 [ERROR] InnoDB: The error means the system cannot find the path specified.
2026-07-19 17:09:05 0 [ERROR] InnoDB: If you are installing InnoDB, remember that you must create directories yourself, InnoDB does not create them.
2026-07-19 17:09:05 0 [ERROR] InnoDB: Cannot open datafile for read-only: '.\moodle_db\message_read.ibd' OS error: 203
2026-07-19 17:09:05 0 [ERROR] InnoDB: Operating system error number 203 in a file operation.
2026-07-19 17:09:05 0 [Note] InnoDB: Some operating system error numbers are described at https://mariadb.com/kb/en/library/operating-system-error-codes/
2026-07-19 17:09:05 0 [ERROR] InnoDB: Could not find a valid tablespace file for ``moodle_db`.`message_read``. Please refer to https://mariadb.com/kb/en/innodb-data-dictionary-troubleshooting/ for how to resolve the issue.
2026-07-19 17:09:05 0 [Warning] InnoDB: Ignoring tablespace for `moodle_db`.`message_read` because it could not be opened.
2026-07-19 17:09:05 0 [ERROR] InnoDB: Operating system error number 3 in a file operation.
2026-07-19 17:09:05 0 [ERROR] InnoDB: The error means the system cannot find the path specified.
2026-07-19 17:09:05 0 [ERROR] InnoDB: If you are installing InnoDB, remember that you must create directories yourself, InnoDB does not create them.
2026-07-19 17:09:05 0 [ERROR] InnoDB: Cannot open datafile for read-only: '.\moodle_db\message_user_actions.ibd' OS error: 203
2026-07-19 17:09:05 0 [ERROR] InnoDB: Operating system error number 203 in a file operation.
2026-07-19 17:09:05 0 [Note] InnoDB: Some operating system error numbers are described at https://mariadb.com/kb/en/library/operating-system-error-codes/
2026-07-19 17:09:05 0 [ERROR] InnoDB: Could not find a valid tablespace file for ``moodle_db`.`message_user_actions``. Please refer to https://mariadb.com/kb/en/innodb-data-dictionary-troubleshooting/ for how to resolve the issue.
2026-07-19 17:09:05 0 [Warning] InnoDB: Ignoring tablespace for `moodle_db`.`message_user_actions` because it could not be opened.
2026-07-19 17:09:05 0 [ERROR] InnoDB: Operating system error number 3 in a file operation.
2026-07-19 17:09:05 0 [ERROR] InnoDB: The error means the system cannot find the path specified.
2026-07-19 17:09:05 0 [ERROR] InnoDB: If you are installing InnoDB, remember that you must create directories yourself, InnoDB does not create them.
2026-07-19 17:09:05 0 [ERROR] InnoDB: Cannot open datafile for read-only: '.\moodle_db\message_users_blocked.ibd' OS error: 203
2026-07-19 17:09:05 0 [ERROR] InnoDB: Operating system error number 203 in a file operation.
2026-07-19 17:09:05 0 [Note] InnoDB: Some operating system error numbers are described at https://mariadb.com/kb/en/library/operating-system-error-codes/
2026-07-19 17:09:05 0 [ERROR] InnoDB: Could not find a valid tablespace file for ``moodle_db`.`message_users_blocked``. Please refer to https://mariadb.com/kb/en/innodb-data-dictionary-troubleshooting/ for how to resolve the issue.
2026-07-19 17:09:05 0 [Warning] InnoDB: Ignoring tablespace for `moodle_db`.`message_users_blocked` because it could not be opened.
2026-07-19 17:09:05 0 [ERROR] InnoDB: Operating system error number 3 in a file operation.
2026-07-19 17:09:05 0 [ERROR] InnoDB: The error means the system cannot find the path specified.
2026-07-19 17:09:05 0 [ERROR] InnoDB: If you are installing InnoDB, remember that you must create directories yourself, InnoDB does not create them.
2026-07-19 17:09:05 0 [ERROR] InnoDB: Cannot open datafile for read-only: '.\moodle_db\messageinbound_datakeys.ibd' OS error: 203
2026-07-19 17:09:05 0 [ERROR] InnoDB: Operating system error number 203 in a file operation.
2026-07-19 17:09:05 0 [Note] InnoDB: Some operating system error numbers are described at https://mariadb.com/kb/en/library/operating-system-error-codes/
2026-07-19 17:09:05 0 [ERROR] InnoDB: Could not find a valid tablespace file for ``moodle_db`.`messageinbound_datakeys``. Please refer to https://mariadb.com/kb/en/innodb-data-dictionary-troubleshooting/ for how to resolve the issue.
2026-07-19 17:09:05 0 [Warning] InnoDB: Ignoring tablespace for `moodle_db`.`messageinbound_datakeys` because it could not be opened.
2026-07-19 17:09:05 0 [ERROR] InnoDB: Operating system error number 3 in a file operation.
2026-07-19 17:09:05 0 [ERROR] InnoDB: The error means the system cannot find the path specified.
2026-07-19 17:09:05 0 [ERROR] InnoDB: If you are installing InnoDB, remember that you must create directories yourself, InnoDB does not create them.
2026-07-19 17:09:05 0 [ERROR] InnoDB: Cannot open datafile for read-only: '.\moodle_db\messageinbound_handlers.ibd' OS error: 203
2026-07-19 17:09:05 0 [ERROR] InnoDB: Operating system error number 203 in a file operation.
2026-07-19 17:09:05 0 [Note] InnoDB: Some operating system error numbers are described at https://mariadb.com/kb/en/library/operating-system-error-codes/
2026-07-19 17:09:05 0 [ERROR] InnoDB: Could not find a valid tablespace file for ``moodle_db`.`messageinbound_handlers``. Please refer to https://mariadb.com/kb/en/innodb-data-dictionary-troubleshooting/ for how to resolve the issue.
2026-07-19 17:09:05 0 [Warning] InnoDB: Ignoring tablespace for `moodle_db`.`messageinbound_handlers` because it could not be opened.
2026-07-19 17:09:05 0 [ERROR] InnoDB: Operating system error number 3 in a file operation.
2026-07-19 17:09:05 0 [ERROR] InnoDB: The error means the system cannot find the path specified.
2026-07-19 17:09:05 0 [ERROR] InnoDB: If you are installing InnoDB, remember that you must create directories yourself, InnoDB does not create them.
2026-07-19 17:09:05 0 [ERROR] InnoDB: Cannot open datafile for read-only: '.\moodle_db\messageinbound_messagelist.ibd' OS error: 203
2026-07-19 17:09:05 0 [ERROR] InnoDB: Operating system error number 203 in a file operation.
2026-07-19 17:09:05 0 [Note] InnoDB: Some operating system error numbers are described at https://mariadb.com/kb/en/library/operating-system-error-codes/
2026-07-19 17:09:05 0 [ERROR] InnoDB: Could not find a valid tablespace file for ``moodle_db`.`messageinbound_messagelist``. Please refer to https://mariadb.com/kb/en/innodb-data-dictionary-troubleshooting/ for how to resolve the issue.
2026-07-19 17:09:05 0 [Warning] InnoDB: Ignoring tablespace for `moodle_db`.`messageinbound_messagelist` because it could not be opened.
2026-07-19 17:09:05 0 [ERROR] InnoDB: Operating system error number 3 in a file operation.
2026-07-19 17:09:05 0 [ERROR] InnoDB: The error means the system cannot find the path specified.
2026-07-19 17:09:05 0 [ERROR] InnoDB: If you are installing InnoDB, remember that you must create directories yourself, InnoDB does not create them.
2026-07-19 17:09:05 0 [ERROR] InnoDB: Cannot open datafile for read-only: '.\moodle_db\messages.ibd' OS error: 203
2026-07-19 17:09:05 0 [ERROR] InnoDB: Operating system error number 203 in a file operation.
2026-07-19 17:09:05 0 [Note] InnoDB: Some operating system error numbers are described at https://mariadb.com/kb/en/library/operating-system-error-codes/
2026-07-19 17:09:05 0 [ERROR] InnoDB: Could not find a valid tablespace file for ``moodle_db`.`messages``. Please refer to https://mariadb.com/kb/en/innodb-data-dictionary-troubleshooting/ for how to resolve the issue.
2026-07-19 17:09:05 0 [Warning] InnoDB: Ignoring tablespace for `moodle_db`.`messages` because it could not be opened.
2026-07-19 17:09:05 0 [ERROR] InnoDB: Operating system error number 3 in a file operation.
2026-07-19 17:09:05 0 [ERROR] InnoDB: The error means the system cannot find the path specified.
2026-07-19 17:09:05 0 [ERROR] InnoDB: If you are installing InnoDB, remember that you must create directories yourself, InnoDB does not create them.
2026-07-19 17:09:05 0 [ERROR] InnoDB: Cannot open datafile for read-only: '.\moodle_db\migrations.ibd' OS error: 203
2026-07-19 17:09:05 0 [ERROR] InnoDB: Operating system error number 203 in a file operation.
2026-07-19 17:09:05 0 [Note] InnoDB: Some operating system error numbers are described at https://mariadb.com/kb/en/library/operating-system-error-codes/
2026-07-19 17:09:05 0 [ERROR] InnoDB: Could not find a valid tablespace file for ``moodle_db`.`migrations``. Please refer to https://mariadb.com/kb/en/innodb-data-dictionary-troubleshooting/ for how to resolve the issue.
2026-07-19 17:09:05 0 [Warning] InnoDB: Ignoring tablespace for `moodle_db`.`migrations` because it could not be opened.
2026-07-19 17:09:05 0 [ERROR] InnoDB: Operating system error number 3 in a file operation.
2026-07-19 17:09:05 0 [ERROR] InnoDB: The error means the system cannot find the path specified.
2026-07-19 17:09:05 0 [ERROR] InnoDB: If you are installing InnoDB, remember that you must create directories yourself, InnoDB does not create them.
2026-07-19 17:09:05 0 [ERROR] InnoDB: Cannot open datafile for read-only: '.\moodle_db\mnet_application.ibd' OS error: 203
2026-07-19 17:09:05 0 [ERROR] InnoDB: Operating system error number 203 in a file operation.
2026-07-19 17:09:05 0 [Note] InnoDB: Some operating system error numbers are described at https://mariadb.com/kb/en/library/operating-system-error-codes/
2026-07-19 17:09:05 0 [ERROR] InnoDB: Could not find a valid tablespace file for ``moodle_db`.`mnet_application``. Please refer to https://mariadb.com/kb/en/innodb-data-dictionary-troubleshooting/ for how to resolve the issue.
2026-07-19 17:09:05 0 [Warning] InnoDB: Ignoring tablespace for `moodle_db`.`mnet_application` because it could not be opened.
2026-07-19 17:09:05 0 [ERROR] InnoDB: Operating system error number 3 in a file operation.
2026-07-19 17:09:05 0 [ERROR] InnoDB: The error means the system cannot find the path specified.
2026-07-19 17:09:05 0 [ERROR] InnoDB: If you are installing InnoDB, remember that you must create directories yourself, InnoDB does not create them.
2026-07-19 17:09:05 0 [ERROR] InnoDB: Cannot open datafile for read-only: '.\moodle_db\mnet_host.ibd' OS error: 203
2026-07-19 17:09:05 0 [ERROR] InnoDB: Operating system error number 203 in a file operation.
2026-07-19 17:09:05 0 [Note] InnoDB: Some operating system error numbers are described at https://mariadb.com/kb/en/library/operating-system-error-codes/
2026-07-19 17:09:05 0 [ERROR] InnoDB: Could not find a valid tablespace file for ``moodle_db`.`mnet_host``. Please refer to https://mariadb.com/kb/en/innodb-data-dictionary-troubleshooting/ for how to resolve the issue.
2026-07-19 17:09:05 0 [Warning] InnoDB: Ignoring tablespace for `moodle_db`.`mnet_host` because it could not be opened.
2026-07-19 17:09:05 0 [ERROR] InnoDB: Operating system error number 3 in a file operation.
2026-07-19 17:09:05 0 [ERROR] InnoDB: The error means the system cannot find the path specified.
2026-07-19 17:09:05 0 [ERROR] InnoDB: If you are installing InnoDB, remember that you must create directories yourself, InnoDB does not create them.
2026-07-19 17:09:05 0 [ERROR] InnoDB: Cannot open datafile for read-only: '.\moodle_db\mnet_host2service.ibd' OS error: 203
2026-07-19 17:09:05 0 [ERROR] InnoDB: Operating system error number 203 in a file operation.
2026-07-19 17:09:05 0 [Note] InnoDB: Some operating system error numbers are described at https://mariadb.com/kb/en/library/operating-system-error-codes/
2026-07-19 17:09:05 0 [ERROR] InnoDB: Could not find a valid tablespace file for ``moodle_db`.`mnet_host2service``. Please refer to https://mariadb.com/kb/en/innodb-data-dictionary-troubleshooting/ for how to resolve the issue.
2026-07-19 17:09:05 0 [Warning] InnoDB: Ignoring tablespace for `moodle_db`.`mnet_host2service` because it could not be opened.
2026-07-19 17:09:05 0 [ERROR] InnoDB: Operating system error number 3 in a file operation.
2026-07-19 17:09:05 0 [ERROR] InnoDB: The error means the system cannot find the path specified.
2026-07-19 17:09:05 0 [ERROR] InnoDB: If you are installing InnoDB, remember that you must create directories yourself, InnoDB does not create them.
2026-07-19 17:09:05 0 [ERROR] InnoDB: Cannot open datafile for read-only: '.\moodle_db\mnet_log.ibd' OS error: 203
2026-07-19 17:09:05 0 [ERROR] InnoDB: Operating system error number 203 in a file operation.
2026-07-19 17:09:05 0 [Note] InnoDB: Some operating system error numbers are described at https://mariadb.com/kb/en/library/operating-system-error-codes/
2026-07-19 17:09:05 0 [ERROR] InnoDB: Could not find a valid tablespace file for ``moodle_db`.`mnet_log``. Please refer to https://mariadb.com/kb/en/innodb-data-dictionary-troubleshooting/ for how to resolve the issue.
2026-07-19 17:09:05 0 [Warning] InnoDB: Ignoring tablespace for `moodle_db`.`mnet_log` because it could not be opened.
2026-07-19 17:09:05 0 [ERROR] InnoDB: Operating system error number 3 in a file operation.
2026-07-19 17:09:05 0 [ERROR] InnoDB: The error means the system cannot find the path specified.
2026-07-19 17:09:05 0 [ERROR] InnoDB: If you are installing InnoDB, remember that you must create directories yourself, InnoDB does not create them.
2026-07-19 17:09:05 0 [ERROR] InnoDB: Cannot open datafile for read-only: '.\moodle_db\mnet_remote_rpc.ibd' OS error: 203
2026-07-19 17:09:05 0 [ERROR] InnoDB: Operating system error number 203 in a file operation.
2026-07-19 17:09:05 0 [Note] InnoDB: Some operating system error numbers are described at https://mariadb.com/kb/en/library/operating-system-error-codes/
2026-07-19 17:09:05 0 [ERROR] InnoDB: Could not find a valid tablespace file for ``moodle_db`.`mnet_remote_rpc``. Please refer to https://mariadb.com/kb/en/innodb-data-dictionary-troubleshooting/ for how to resolve the issue.
2026-07-19 17:09:05 0 [Warning] InnoDB: Ignoring tablespace for `moodle_db`.`mnet_remote_rpc` because it could not be opened.
2026-07-19 17:09:05 0 [ERROR] InnoDB: Operating system error number 3 in a file operation.
2026-07-19 17:09:05 0 [ERROR] InnoDB: The error means the system cannot find the path specified.
2026-07-19 17:09:05 0 [ERROR] InnoDB: If you are installing InnoDB, remember that you must create directories yourself, InnoDB does not create them.
2026-07-19 17:09:05 0 [ERROR] InnoDB: Cannot open datafile for read-only: '.\moodle_db\mnet_remote_service2rpc.ibd' OS error: 203
2026-07-19 17:09:05 0 [ERROR] InnoDB: Operating system error number 203 in a file operation.
2026-07-19 17:09:05 0 [Note] InnoDB: Some operating system error numbers are described at https://mariadb.com/kb/en/library/operating-system-error-codes/
2026-07-19 17:09:05 0 [ERROR] InnoDB: Could not find a valid tablespace file for ``moodle_db`.`mnet_remote_service2rpc``. Please refer to https://mariadb.com/kb/en/innodb-data-dictionary-troubleshooting/ for how to resolve the issue.
2026-07-19 17:09:05 0 [Warning] InnoDB: Ignoring tablespace for `moodle_db`.`mnet_remote_service2rpc` because it could not be opened.
2026-07-19 17:09:05 0 [ERROR] InnoDB: Operating system error number 3 in a file operation.
2026-07-19 17:09:05 0 [ERROR] InnoDB: The error means the system cannot find the path specified.
2026-07-19 17:09:05 0 [ERROR] InnoDB: If you are installing InnoDB, remember that you must create directories yourself, InnoDB does not create them.
2026-07-19 17:09:05 0 [ERROR] InnoDB: Cannot open datafile for read-only: '.\moodle_db\mnet_rpc.ibd' OS error: 203
2026-07-19 17:09:05 0 [ERROR] InnoDB: Operating system error number 203 in a file operation.
2026-07-19 17:09:05 0 [Note] InnoDB: Some operating system error numbers are described at https://mariadb.com/kb/en/library/operating-system-error-codes/
2026-07-19 17:09:05 0 [ERROR] InnoDB: Could not find a valid tablespace file for ``moodle_db`.`mnet_rpc``. Please refer to https://mariadb.com/kb/en/innodb-data-dictionary-troubleshooting/ for how to resolve the issue.
2026-07-19 17:09:05 0 [Warning] InnoDB: Ignoring tablespace for `moodle_db`.`mnet_rpc` because it could not be opened.
2026-07-19 17:09:05 0 [ERROR] InnoDB: Operating system error number 3 in a file operation.
2026-07-19 17:09:05 0 [ERROR] InnoDB: The error means the system cannot find the path specified.
2026-07-19 17:09:05 0 [ERROR] InnoDB: If you are installing InnoDB, remember that you must create directories yourself, InnoDB does not create them.
2026-07-19 17:09:05 0 [ERROR] InnoDB: Cannot open datafile for read-only: '.\moodle_db\mnet_service.ibd' OS error: 203
2026-07-19 17:09:05 0 [ERROR] InnoDB: Operating system error number 203 in a file operation.
2026-07-19 17:09:05 0 [Note] InnoDB: Some operating system error numbers are described at https://mariadb.com/kb/en/library/operating-system-error-codes/
2026-07-19 17:09:05 0 [ERROR] InnoDB: Could not find a valid tablespace file for ``moodle_db`.`mnet_service``. Please refer to https://mariadb.com/kb/en/innodb-data-dictionary-troubleshooting/ for how to resolve the issue.
2026-07-19 17:09:05 0 [Warning] InnoDB: Ignoring tablespace for `moodle_db`.`mnet_service` because it could not be opened.
2026-07-19 17:09:05 0 [ERROR] InnoDB: Operating system error number 3 in a file operation.
2026-07-19 17:09:05 0 [ERROR] InnoDB: The error means the system cannot find the path specified.
2026-07-19 17:09:05 0 [ERROR] InnoDB: If you are installing InnoDB, remember that you must create directories yourself, InnoDB does not create them.
2026-07-19 17:09:05 0 [ERROR] InnoDB: Cannot open datafile for read-only: '.\moodle_db\mnet_service2rpc.ibd' OS error: 203
2026-07-19 17:09:05 0 [ERROR] InnoDB: Operating system error number 203 in a file operation.
2026-07-19 17:09:05 0 [Note] InnoDB: Some operating system error numbers are described at https://mariadb.com/kb/en/library/operating-system-error-codes/
2026-07-19 17:09:05 0 [ERROR] InnoDB: Could not find a valid tablespace file for ``moodle_db`.`mnet_service2rpc``. Please refer to https://mariadb.com/kb/en/innodb-data-dictionary-troubleshooting/ for how to resolve the issue.
2026-07-19 17:09:05 0 [Warning] InnoDB: Ignoring tablespace for `moodle_db`.`mnet_service2rpc` because it could not be opened.
2026-07-19 17:09:05 0 [ERROR] InnoDB: Operating system error number 3 in a file operation.
2026-07-19 17:09:05 0 [ERROR] InnoDB: The error means the system cannot find the path specified.
2026-07-19 17:09:05 0 [ERROR] InnoDB: If you are installing InnoDB, remember that you must create directories yourself, InnoDB does not create them.
2026-07-19 17:09:05 0 [ERROR] InnoDB: Cannot open datafile for read-only: '.\moodle_db\mnet_session.ibd' OS error: 203
2026-07-19 17:09:05 0 [ERROR] InnoDB: Operating system error number 203 in a file operation.
2026-07-19 17:09:05 0 [Note] InnoDB: Some operating system error numbers are described at https://mariadb.com/kb/en/library/operating-system-error-codes/
2026-07-19 17:09:05 0 [ERROR] InnoDB: Could not find a valid tablespace file for ``moodle_db`.`mnet_session``. Please refer to https://mariadb.com/kb/en/innodb-data-dictionary-troubleshooting/ for how to resolve the issue.
2026-07-19 17:09:05 0 [Warning] InnoDB: Ignoring tablespace for `moodle_db`.`mnet_session` because it could not be opened.
2026-07-19 17:09:05 0 [ERROR] InnoDB: Operating system error number 3 in a file operation.
2026-07-19 17:09:05 0 [ERROR] InnoDB: The error means the system cannot find the path specified.
2026-07-19 17:09:05 0 [ERROR] InnoDB: If you are installing InnoDB, remember that you must create directories yourself, InnoDB does not create them.
2026-07-19 17:09:05 0 [ERROR] InnoDB: Cannot open datafile for read-only: '.\moodle_db\mnet_sso_access_control.ibd' OS error: 203
2026-07-19 17:09:05 0 [ERROR] InnoDB: Operating system error number 203 in a file operation.
2026-07-19 17:09:05 0 [Note] InnoDB: Some operating system error numbers are described at https://mariadb.com/kb/en/library/operating-system-error-codes/
2026-07-19 17:09:05 0 [ERROR] InnoDB: Could not find a valid tablespace file for ``moodle_db`.`mnet_sso_access_control``. Please refer to https://mariadb.com/kb/en/innodb-data-dictionary-troubleshooting/ for how to resolve the issue.
2026-07-19 17:09:05 0 [Warning] InnoDB: Ignoring tablespace for `moodle_db`.`mnet_sso_access_control` because it could not be opened.
2026-07-19 17:09:05 0 [ERROR] InnoDB: Operating system error number 3 in a file operation.
2026-07-19 17:09:05 0 [ERROR] InnoDB: The error means the system cannot find the path specified.
2026-07-19 17:09:05 0 [ERROR] InnoDB: If you are installing InnoDB, remember that you must create directories yourself, InnoDB does not create them.
2026-07-19 17:09:05 0 [ERROR] InnoDB: Cannot open datafile for read-only: '.\moodle_db\model_has_permissions.ibd' OS error: 203
2026-07-19 17:09:05 0 [ERROR] InnoDB: Operating system error number 203 in a file operation.
2026-07-19 17:09:05 0 [Note] InnoDB: Some operating system error numbers are described at https://mariadb.com/kb/en/library/operating-system-error-codes/
2026-07-19 17:09:05 0 [ERROR] InnoDB: Could not find a valid tablespace file for ``moodle_db`.`model_has_permissions``. Please refer to https://mariadb.com/kb/en/innodb-data-dictionary-troubleshooting/ for how to resolve the issue.
2026-07-19 17:09:05 0 [Warning] InnoDB: Ignoring tablespace for `moodle_db`.`model_has_permissions` because it could not be opened.
2026-07-19 17:09:05 0 [ERROR] InnoDB: Operating system error number 3 in a file operation.
2026-07-19 17:09:05 0 [ERROR] InnoDB: The error means the system cannot find the path specified.
2026-07-19 17:09:05 0 [ERROR] InnoDB: If you are installing InnoDB, remember that you must create directories yourself, InnoDB does not create them.
2026-07-19 17:09:05 0 [ERROR] InnoDB: Cannot open datafile for read-only: '.\moodle_db\model_has_roles.ibd' OS error: 203
2026-07-19 17:09:05 0 [ERROR] InnoDB: Operating system error number 203 in a file operation.
2026-07-19 17:09:05 0 [Note] InnoDB: Some operating system error numbers are described at https://mariadb.com/kb/en/library/operating-system-error-codes/
2026-07-19 17:09:05 0 [ERROR] InnoDB: Could not find a valid tablespace file for ``moodle_db`.`model_has_roles``. Please refer to https://mariadb.com/kb/en/innodb-data-dictionary-troubleshooting/ for how to resolve the issue.
2026-07-19 17:09:05 0 [Warning] InnoDB: Ignoring tablespace for `moodle_db`.`model_has_roles` because it could not be opened.
2026-07-19 17:09:05 0 [ERROR] InnoDB: Operating system error number 3 in a file operation.
2026-07-19 17:09:05 0 [ERROR] InnoDB: The error means the system cannot find the path specified.
2026-07-19 17:09:05 0 [ERROR] InnoDB: If you are installing InnoDB, remember that you must create directories yourself, InnoDB does not create them.
2026-07-19 17:09:05 0 [ERROR] InnoDB: Cannot open datafile for read-only: '.\moodle_db\modules.ibd' OS error: 203
2026-07-19 17:09:05 0 [ERROR] InnoDB: Operating system error number 203 in a file operation.
2026-07-19 17:09:05 0 [Note] InnoDB: Some operating system error numbers are described at https://mariadb.com/kb/en/library/operating-system-error-codes/
2026-07-19 17:09:05 0 [ERROR] InnoDB: Could not find a valid tablespace file for ``moodle_db`.`modules``. Please refer to https://mariadb.com/kb/en/innodb-data-dictionary-troubleshooting/ for how to resolve the issue.
2026-07-19 17:09:05 0 [Warning] InnoDB: Ignoring tablespace for `moodle_db`.`modules` because it could not be opened.
2026-07-19 17:09:05 0 [ERROR] InnoDB: Operating system error number 3 in a file operation.
2026-07-19 17:09:05 0 [ERROR] InnoDB: The error means the system cannot find the path specified.
2026-07-19 17:09:05 0 [ERROR] InnoDB: If you are installing InnoDB, remember that you must create directories yourself, InnoDB does not create them.
2026-07-19 17:09:05 0 [ERROR] InnoDB: Cannot open datafile for read-only: '.\moodle_db\my_pages.ibd' OS error: 203
2026-07-19 17:09:05 0 [ERROR] InnoDB: Operating system error number 203 in a file operation.
2026-07-19 17:09:05 0 [Note] InnoDB: Some operating system error numbers are described at https://mariadb.com/kb/en/library/operating-system-error-codes/
2026-07-19 17:09:05 0 [ERROR] InnoDB: Could not find a valid tablespace file for ``moodle_db`.`my_pages``. Please refer to https://mariadb.com/kb/en/innodb-data-dictionary-troubleshooting/ for how to resolve the issue.
2026-07-19 17:09:05 0 [Warning] InnoDB: Ignoring tablespace for `moodle_db`.`my_pages` because it could not be opened.
2026-07-19 17:09:05 0 [ERROR] InnoDB: Operating system error number 3 in a file operation.
2026-07-19 17:09:05 0 [ERROR] InnoDB: The error means the system cannot find the path specified.
2026-07-19 17:09:05 0 [ERROR] InnoDB: If you are installing InnoDB, remember that you must create directories yourself, InnoDB does not create them.
2026-07-19 17:09:05 0 [ERROR] InnoDB: Cannot open datafile for read-only: '.\moodle_db\news.ibd' OS error: 203
2026-07-19 17:09:05 0 [ERROR] InnoDB: Operating system error number 203 in a file operation.
2026-07-19 17:09:05 0 [Note] InnoDB: Some operating system error numbers are described at https://mariadb.com/kb/en/library/operating-system-error-codes/
2026-07-19 17:09:05 0 [ERROR] InnoDB: Could not find a valid tablespace file for ``moodle_db`.`news``. Please refer to https://mariadb.com/kb/en/innodb-data-dictionary-troubleshooting/ for how to resolve the issue.
2026-07-19 17:09:05 0 [Warning] InnoDB: Ignoring tablespace for `moodle_db`.`news` because it could not be opened.
2026-07-19 17:09:05 0 [ERROR] InnoDB: Operating system error number 3 in a file operation.
2026-07-19 17:09:05 0 [ERROR] InnoDB: The error means the system cannot find the path specified.
2026-07-19 17:09:05 0 [ERROR] InnoDB: If you are installing InnoDB, remember that you must create directories yourself, InnoDB does not create them.
2026-07-19 17:09:05 0 [ERROR] InnoDB: Cannot open datafile for read-only: '.\moodle_db\notifications.ibd' OS error: 203
2026-07-19 17:09:05 0 [ERROR] InnoDB: Operating system error number 203 in a file operation.
2026-07-19 17:09:05 0 [Note] InnoDB: Some operating system error numbers are described at https://mariadb.com/kb/en/library/operating-system-error-codes/
2026-07-19 17:09:05 0 [ERROR] InnoDB: Could not find a valid tablespace file for ``moodle_db`.`notifications``. Please refer to https://mariadb.com/kb/en/innodb-data-dictionary-troubleshooting/ for how to resolve the issue.
2026-07-19 17:09:05 0 [Warning] InnoDB: Ignoring tablespace for `moodle_db`.`notifications` because it could not be opened.
2026-07-19 17:09:05 0 [ERROR] InnoDB: Operating system error number 3 in a file operation.
2026-07-19 17:09:05 0 [ERROR] InnoDB: The error means the system cannot find the path specified.
2026-07-19 17:09:05 0 [ERROR] InnoDB: If you are installing InnoDB, remember that you must create directories yourself, InnoDB does not create them.
2026-07-19 17:09:05 0 [ERROR] InnoDB: Cannot open datafile for read-only: '.\moodle_db\oauth2_access_token.ibd' OS error: 203
2026-07-19 17:09:05 0 [ERROR] InnoDB: Operating system error number 203 in a file operation.
2026-07-19 17:09:05 0 [Note] InnoDB: Some operating system error numbers are described at https://mariadb.com/kb/en/library/operating-system-error-codes/
2026-07-19 17:09:05 0 [ERROR] InnoDB: Could not find a valid tablespace file for ``moodle_db`.`oauth2_access_token``. Please refer to https://mariadb.com/kb/en/innodb-data-dictionary-troubleshooting/ for how to resolve the issue.
2026-07-19 17:09:05 0 [Warning] InnoDB: Ignoring tablespace for `moodle_db`.`oauth2_access_token` because it could not be opened.
2026-07-19 17:09:05 0 [ERROR] InnoDB: Operating system error number 3 in a file operation.
2026-07-19 17:09:05 0 [ERROR] InnoDB: The error means the system cannot find the path specified.
2026-07-19 17:09:05 0 [ERROR] InnoDB: If you are installing InnoDB, remember that you must create directories yourself, InnoDB does not create them.
2026-07-19 17:09:05 0 [ERROR] InnoDB: Cannot open datafile for read-only: '.\moodle_db\oauth2_endpoint.ibd' OS error: 203
2026-07-19 17:09:05 0 [ERROR] InnoDB: Operating system error number 203 in a file operation.
2026-07-19 17:09:05 0 [Note] InnoDB: Some operating system error numbers are described at https://mariadb.com/kb/en/library/operating-system-error-codes/
2026-07-19 17:09:05 0 [ERROR] InnoDB: Could not find a valid tablespace file for ``moodle_db`.`oauth2_endpoint``. Please refer to https://mariadb.com/kb/en/innodb-data-dictionary-troubleshooting/ for how to resolve the issue.
2026-07-19 17:09:05 0 [Warning] InnoDB: Ignoring tablespace for `moodle_db`.`oauth2_endpoint` because it could not be opened.
2026-07-19 17:09:05 0 [ERROR] InnoDB: Operating system error number 3 in a file operation.
2026-07-19 17:09:05 0 [ERROR] InnoDB: The error means the system cannot find the path specified.
2026-07-19 17:09:05 0 [ERROR] InnoDB: If you are installing InnoDB, remember that you must create directories yourself, InnoDB does not create them.
2026-07-19 17:09:05 0 [ERROR] InnoDB: Cannot open datafile for read-only: '.\moodle_db\oauth2_issuer.ibd' OS error: 203
2026-07-19 17:09:05 0 [ERROR] InnoDB: Operating system error number 203 in a file operation.
2026-07-19 17:09:05 0 [Note] InnoDB: Some operating system error numbers are described at https://mariadb.com/kb/en/library/operating-system-error-codes/
2026-07-19 17:09:05 0 [ERROR] InnoDB: Could not find a valid tablespace file for ``moodle_db`.`oauth2_issuer``. Please refer to https://mariadb.com/kb/en/innodb-data-dictionary-troubleshooting/ for how to resolve the issue.
2026-07-19 17:09:05 0 [Warning] InnoDB: Ignoring tablespace for `moodle_db`.`oauth2_issuer` because it could not be opened.
2026-07-19 17:09:05 0 [ERROR] InnoDB: Operating system error number 3 in a file operation.
2026-07-19 17:09:05 0 [ERROR] InnoDB: The error means the system cannot find the path specified.
2026-07-19 17:09:05 0 [ERROR] InnoDB: If you are installing InnoDB, remember that you must create directories yourself, InnoDB does not create them.
2026-07-19 17:09:05 0 [ERROR] InnoDB: Cannot open datafile for read-only: '.\moodle_db\oauth2_refresh_token.ibd' OS error: 203
2026-07-19 17:09:05 0 [ERROR] InnoDB: Operating system error number 203 in a file operation.
2026-07-19 17:09:05 0 [Note] InnoDB: Some operating system error numbers are described at https://mariadb.com/kb/en/library/operating-system-error-codes/
2026-07-19 17:09:05 0 [ERROR] InnoDB: Could not find a valid tablespace file for ``moodle_db`.`oauth2_refresh_token``. Please refer to https://mariadb.com/kb/en/innodb-data-dictionary-troubleshooting/ for how to resolve the issue.
2026-07-19 17:09:05 0 [Warning] InnoDB: Ignoring tablespace for `moodle_db`.`oauth2_refresh_token` because it could not be opened.
2026-07-19 17:09:05 0 [ERROR] InnoDB: Operating system error number 3 in a file operation.
2026-07-19 17:09:05 0 [ERROR] InnoDB: The error means the system cannot find the path specified.
2026-07-19 17:09:05 0 [ERROR] InnoDB: If you are installing InnoDB, remember that you must create directories yourself, InnoDB does not create them.
2026-07-19 17:09:05 0 [ERROR] InnoDB: Cannot open datafile for read-only: '.\moodle_db\oauth2_system_account.ibd' OS error: 203
2026-07-19 17:09:05 0 [ERROR] InnoDB: Operating system error number 203 in a file operation.
2026-07-19 17:09:05 0 [Note] InnoDB: Some operating system error numbers are described at https://mariadb.com/kb/en/library/operating-system-error-codes/
2026-07-19 17:09:05 0 [ERROR] InnoDB: Could not find a valid tablespace file for ``moodle_db`.`oauth2_system_account``. Please refer to https://mariadb.com/kb/en/innodb-data-dictionary-troubleshooting/ for how to resolve the issue.
2026-07-19 17:09:05 0 [Warning] InnoDB: Ignoring tablespace for `moodle_db`.`oauth2_system_account` because it could not be opened.
2026-07-19 17:09:05 0 [ERROR] InnoDB: Operating system error number 3 in a file operation.
2026-07-19 17:09:05 0 [ERROR] InnoDB: The error means the system cannot find the path specified.
2026-07-19 17:09:05 0 [ERROR] InnoDB: If you are installing InnoDB, remember that you must create directories yourself, InnoDB does not create them.
2026-07-19 17:09:05 0 [ERROR] InnoDB: Cannot open datafile for read-only: '.\moodle_db\oauth2_user_field_mapping.ibd' OS error: 203
2026-07-19 17:09:05 0 [ERROR] InnoDB: Operating system error number 203 in a file operation.
2026-07-19 17:09:05 0 [Note] InnoDB: Some operating system error numbers are described at https://mariadb.com/kb/en/library/operating-system-error-codes/
2026-07-19 17:09:05 0 [ERROR] InnoDB: Could not find a valid tablespace file for ``moodle_db`.`oauth2_user_field_mapping``. Please refer to https://mariadb.com/kb/en/innodb-data-dictionary-troubleshooting/ for how to resolve the issue.
2026-07-19 17:09:05 0 [Warning] InnoDB: Ignoring tablespace for `moodle_db`.`oauth2_user_field_mapping` because it could not be opened.
2026-07-19 17:09:05 0 [ERROR] InnoDB: Operating system error number 3 in a file operation.
2026-07-19 17:09:05 0 [ERROR] InnoDB: The error means the system cannot find the path specified.
2026-07-19 17:09:05 0 [ERROR] InnoDB: If you are installing InnoDB, remember that you must create directories yourself, InnoDB does not create them.
2026-07-19 17:09:05 0 [ERROR] InnoDB: Cannot open datafile for read-only: '.\moodle_db\page.ibd' OS error: 203
2026-07-19 17:09:05 0 [ERROR] InnoDB: Operating system error number 203 in a file operation.
2026-07-19 17:09:05 0 [Note] InnoDB: Some operating system error numbers are described at https://mariadb.com/kb/en/library/operating-system-error-codes/
2026-07-19 17:09:05 0 [ERROR] InnoDB: Could not find a valid tablespace file for ``moodle_db`.`page``. Please refer to https://mariadb.com/kb/en/innodb-data-dictionary-troubleshooting/ for how to resolve the issue.
2026-07-19 17:09:05 0 [Warning] InnoDB: Ignoring tablespace for `moodle_db`.`page` because it could not be opened.
2026-07-19 17:09:05 0 [ERROR] InnoDB: Operating system error number 3 in a file operation.
2026-07-19 17:09:05 0 [ERROR] InnoDB: The error means the system cannot find the path specified.
2026-07-19 17:09:05 0 [ERROR] InnoDB: If you are installing InnoDB, remember that you must create directories yourself, InnoDB does not create them.
2026-07-19 17:09:05 0 [ERROR] InnoDB: Cannot open datafile for read-only: '.\moodle_db\participants.ibd' OS error: 203
2026-07-19 17:09:05 0 [ERROR] InnoDB: Operating system error number 203 in a file operation.
2026-07-19 17:09:05 0 [Note] InnoDB: Some operating system error numbers are described at https://mariadb.com/kb/en/library/operating-system-error-codes/
2026-07-19 17:09:05 0 [ERROR] InnoDB: Could not find a valid tablespace file for ``moodle_db`.`participants``. Please refer to https://mariadb.com/kb/en/innodb-data-dictionary-troubleshooting/ for how to resolve the issue.
2026-07-19 17:09:05 0 [Warning] InnoDB: Ignoring tablespace for `moodle_db`.`participants` because it could not be opened.
2026-07-19 17:09:05 0 [ERROR] InnoDB: Operating system error number 3 in a file operation.
2026-07-19 17:09:05 0 [ERROR] InnoDB: The error means the system cannot find the path specified.
2026-07-19 17:09:05 0 [ERROR] InnoDB: If you are installing InnoDB, remember that you must create directories yourself, InnoDB does not create them.
2026-07-19 17:09:05 0 [ERROR] InnoDB: Cannot open datafile for read-only: '.\moodle_db\password_reset_tokens.ibd' OS error: 203
2026-07-19 17:09:05 0 [ERROR] InnoDB: Operating system error number 203 in a file operation.
2026-07-19 17:09:05 0 [Note] InnoDB: Some operating system error numbers are described at https://mariadb.com/kb/en/library/operating-system-error-codes/
2026-07-19 17:09:05 0 [ERROR] InnoDB: Could not find a valid tablespace file for ``moodle_db`.`password_reset_tokens``. Please refer to https://mariadb.com/kb/en/innodb-data-dictionary-troubleshooting/ for how to resolve the issue.
2026-07-19 17:09:05 0 [Warning] InnoDB: Ignoring tablespace for `moodle_db`.`password_reset_tokens` because it could not be opened.
2026-07-19 17:09:05 0 [ERROR] InnoDB: Operating system error number 3 in a file operation.
2026-07-19 17:09:05 0 [ERROR] InnoDB: The error means the system cannot find the path specified.
2026-07-19 17:09:05 0 [ERROR] InnoDB: If you are installing InnoDB, remember that you must create directories yourself, InnoDB does not create them.
2026-07-19 17:09:05 0 [ERROR] InnoDB: Cannot open datafile for read-only: '.\moodle_db\paygw_paypal.ibd' OS error: 203
2026-07-19 17:09:05 0 [ERROR] InnoDB: Operating system error number 203 in a file operation.
2026-07-19 17:09:05 0 [Note] InnoDB: Some operating system error numbers are described at https://mariadb.com/kb/en/library/operating-system-error-codes/
2026-07-19 17:09:05 0 [ERROR] InnoDB: Could not find a valid tablespace file for ``moodle_db`.`paygw_paypal``. Please refer to https://mariadb.com/kb/en/innodb-data-dictionary-troubleshooting/ for how to resolve the issue.
2026-07-19 17:09:05 0 [Warning] InnoDB: Ignoring tablespace for `moodle_db`.`paygw_paypal` because it could not be opened.
2026-07-19 17:09:05 0 [ERROR] InnoDB: Operating system error number 3 in a file operation.
2026-07-19 17:09:05 0 [ERROR] InnoDB: The error means the system cannot find the path specified.
2026-07-19 17:09:05 0 [ERROR] InnoDB: If you are installing InnoDB, remember that you must create directories yourself, InnoDB does not create them.
2026-07-19 17:09:05 0 [ERROR] InnoDB: Cannot open datafile for read-only: '.\moodle_db\payment_accounts.ibd' OS error: 203
2026-07-19 17:09:05 0 [ERROR] InnoDB: Operating system error number 203 in a file operation.
2026-07-19 17:09:05 0 [Note] InnoDB: Some operating system error numbers are described at https://mariadb.com/kb/en/library/operating-system-error-codes/
2026-07-19 17:09:05 0 [ERROR] InnoDB: Could not find a valid tablespace file for ``moodle_db`.`payment_accounts``. Please refer to https://mariadb.com/kb/en/innodb-data-dictionary-troubleshooting/ for how to resolve the issue.
2026-07-19 17:09:05 0 [Warning] InnoDB: Ignoring tablespace for `moodle_db`.`payment_accounts` because it could not be opened.
2026-07-19 17:09:05 0 [ERROR] InnoDB: Operating system error number 3 in a file operation.
2026-07-19 17:09:05 0 [ERROR] InnoDB: The error means the system cannot find the path specified.
2026-07-19 17:09:05 0 [ERROR] InnoDB: If you are installing InnoDB, remember that you must create directories yourself, InnoDB does not create them.
2026-07-19 17:09:05 0 [ERROR] InnoDB: Cannot open datafile for read-only: '.\moodle_db\payment_gateways.ibd' OS error: 203
2026-07-19 17:09:05 0 [ERROR] InnoDB: Operating system error number 203 in a file operation.
2026-07-19 17:09:05 0 [Note] InnoDB: Some operating system error numbers are described at https://mariadb.com/kb/en/library/operating-system-error-codes/
2026-07-19 17:09:05 0 [ERROR] InnoDB: Could not find a valid tablespace file for ``moodle_db`.`payment_gateways``. Please refer to https://mariadb.com/kb/en/innodb-data-dictionary-troubleshooting/ for how to resolve the issue.
2026-07-19 17:09:05 0 [Warning] InnoDB: Ignoring tablespace for `moodle_db`.`payment_gateways` because it could not be opened.
2026-07-19 17:09:05 0 [ERROR] InnoDB: Operating system error number 3 in a file operation.
2026-07-19 17:09:05 0 [ERROR] InnoDB: The error means the system cannot find the path specified.
2026-07-19 17:09:05 0 [ERROR] InnoDB: If you are installing InnoDB, remember that you must create directories yourself, InnoDB does not create them.
2026-07-19 17:09:05 0 [ERROR] InnoDB: Cannot open datafile for read-only: '.\moodle_db\payments.ibd' OS error: 203
2026-07-19 17:09:05 0 [ERROR] InnoDB: Operating system error number 203 in a file operation.
2026-07-19 17:09:05 0 [Note] InnoDB: Some operating system error numbers are described at https://mariadb.com/kb/en/library/operating-system-error-codes/
2026-07-19 17:09:05 0 [ERROR] InnoDB: Could not find a valid tablespace file for ``moodle_db`.`payments``. Please refer to https://mariadb.com/kb/en/innodb-data-dictionary-troubleshooting/ for how to resolve the issue.
2026-07-19 17:09:05 0 [Warning] InnoDB: Ignoring tablespace for `moodle_db`.`payments` because it could not be opened.
2026-07-19 17:09:05 0 [ERROR] InnoDB: Operating system error number 3 in a file operation.
2026-07-19 17:09:05 0 [ERROR] InnoDB: The error means the system cannot find the path specified.
2026-07-19 17:09:05 0 [ERROR] InnoDB: If you are installing InnoDB, remember that you must create directories yourself, InnoDB does not create them.
2026-07-19 17:09:05 0 [ERROR] InnoDB: Cannot open datafile for read-only: '.\moodle_db\permissions.ibd' OS error: 203
2026-07-19 17:09:05 0 [ERROR] InnoDB: Operating system error number 203 in a file operation.
2026-07-19 17:09:05 0 [Note] InnoDB: Some operating system error numbers are described at https://mariadb.com/kb/en/library/operating-system-error-codes/
2026-07-19 17:09:05 0 [ERROR] InnoDB: Could not find a valid tablespace file for ``moodle_db`.`permissions``. Please refer to https://mariadb.com/kb/en/innodb-data-dictionary-troubleshooting/ for how to resolve the issue.
2026-07-19 17:09:05 0 [Warning] InnoDB: Ignoring tablespace for `moodle_db`.`permissions` because it could not be opened.
2026-07-19 17:09:05 0 [ERROR] InnoDB: Operating system error number 3 in a file operation.
2026-07-19 17:09:05 0 [ERROR] InnoDB: The error means the system cannot find the path specified.
2026-07-19 17:09:05 0 [ERROR] InnoDB: If you are installing InnoDB, remember that you must create directories yourself, InnoDB does not create them.
2026-07-19 17:09:05 0 [ERROR] InnoDB: Cannot open datafile for read-only: '.\moodle_db\personal_access_tokens.ibd' OS error: 203
2026-07-19 17:09:05 0 [ERROR] InnoDB: Operating system error number 203 in a file operation.
2026-07-19 17:09:05 0 [Note] InnoDB: Some operating system error numbers are described at https://mariadb.com/kb/en/library/operating-system-error-codes/
2026-07-19 17:09:05 0 [ERROR] InnoDB: Could not find a valid tablespace file for ``moodle_db`.`personal_access_tokens``. Please refer to https://mariadb.com/kb/en/innodb-data-dictionary-troubleshooting/ for how to resolve the issue.
2026-07-19 17:09:05 0 [Warning] InnoDB: Ignoring tablespace for `moodle_db`.`personal_access_tokens` because it could not be opened.
2026-07-19 17:09:05 0 [ERROR] InnoDB: Operating system error number 3 in a file operation.
2026-07-19 17:09:05 0 [ERROR] InnoDB: The error means the system cannot find the path specified.
2026-07-19 17:09:05 0 [ERROR] InnoDB: If you are installing InnoDB, remember that you must create directories yourself, InnoDB does not create them.
2026-07-19 17:09:05 0 [ERROR] InnoDB: Cannot open datafile for read-only: '.\moodle_db\portfolio_instance.ibd' OS error: 203
2026-07-19 17:09:05 0 [ERROR] InnoDB: Operating system error number 203 in a file operation.
2026-07-19 17:09:05 0 [Note] InnoDB: Some operating system error numbers are described at https://mariadb.com/kb/en/library/operating-system-error-codes/
2026-07-19 17:09:05 0 [ERROR] InnoDB: Could not find a valid tablespace file for ``moodle_db`.`portfolio_instance``. Please refer to https://mariadb.com/kb/en/innodb-data-dictionary-troubleshooting/ for how to resolve the issue.
2026-07-19 17:09:05 0 [Warning] InnoDB: Ignoring tablespace for `moodle_db`.`portfolio_instance` because it could not be opened.
2026-07-19 17:09:05 0 [ERROR] InnoDB: Operating system error number 3 in a file operation.
2026-07-19 17:09:05 0 [ERROR] InnoDB: The error means the system cannot find the path specified.
2026-07-19 17:09:05 0 [ERROR] InnoDB: If you are installing InnoDB, remember that you must create directories yourself, InnoDB does not create them.
2026-07-19 17:09:05 0 [ERROR] InnoDB: Cannot open datafile for read-only: '.\moodle_db\portfolio_instance_config.ibd' OS error: 203
2026-07-19 17:09:05 0 [ERROR] InnoDB: Operating system error number 203 in a file operation.
2026-07-19 17:09:05 0 [Note] InnoDB: Some operating system error numbers are described at https://mariadb.com/kb/en/library/operating-system-error-codes/
2026-07-19 17:09:05 0 [ERROR] InnoDB: Could not find a valid tablespace file for ``moodle_db`.`portfolio_instance_config``. Please refer to https://mariadb.com/kb/en/innodb-data-dictionary-troubleshooting/ for how to resolve the issue.
2026-07-19 17:09:05 0 [Warning] InnoDB: Ignoring tablespace for `moodle_db`.`portfolio_instance_config` because it could not be opened.
2026-07-19 17:09:05 0 [ERROR] InnoDB: Operating system error number 3 in a file operation.
2026-07-19 17:09:05 0 [ERROR] InnoDB: The error means the system cannot find the path specified.
2026-07-19 17:09:05 0 [ERROR] InnoDB: If you are installing InnoDB, remember that you must create directories yourself, InnoDB does not create them.
2026-07-19 17:09:05 0 [ERROR] InnoDB: Cannot open datafile for read-only: '.\moodle_db\portfolio_instance_user.ibd' OS error: 203
2026-07-19 17:09:05 0 [ERROR] InnoDB: Operating system error number 203 in a file operation.
2026-07-19 17:09:05 0 [Note] InnoDB: Some operating system error numbers are described at https://mariadb.com/kb/en/library/operating-system-error-codes/
2026-07-19 17:09:05 0 [ERROR] InnoDB: Could not find a valid tablespace file for ``moodle_db`.`portfolio_instance_user``. Please refer to https://mariadb.com/kb/en/innodb-data-dictionary-troubleshooting/ for how to resolve the issue.
2026-07-19 17:09:05 0 [Warning] InnoDB: Ignoring tablespace for `moodle_db`.`portfolio_instance_user` because it could not be opened.
2026-07-19 17:09:05 0 [ERROR] InnoDB: Operating system error number 3 in a file operation.
2026-07-19 17:09:05 0 [ERROR] InnoDB: The error means the system cannot find the path specified.
2026-07-19 17:09:05 0 [ERROR] InnoDB: If you are installing InnoDB, remember that you must create directories yourself, InnoDB does not create them.
2026-07-19 17:09:05 0 [ERROR] InnoDB: Cannot open datafile for read-only: '.\moodle_db\portfolio_log.ibd' OS error: 203
2026-07-19 17:09:05 0 [ERROR] InnoDB: Operating system error number 203 in a file operation.
2026-07-19 17:09:05 0 [Note] InnoDB: Some operating system error numbers are described at https://mariadb.com/kb/en/library/operating-system-error-codes/
2026-07-19 17:09:05 0 [ERROR] InnoDB: Could not find a valid tablespace file for ``moodle_db`.`portfolio_log``. Please refer to https://mariadb.com/kb/en/innodb-data-dictionary-troubleshooting/ for how to resolve the issue.
2026-07-19 17:09:05 0 [Warning] InnoDB: Ignoring tablespace for `moodle_db`.`portfolio_log` because it could not be opened.
2026-07-19 17:09:05 0 [ERROR] InnoDB: Operating system error number 3 in a file operation.
2026-07-19 17:09:05 0 [ERROR] InnoDB: The error means the system cannot find the path specified.
2026-07-19 17:09:05 0 [ERROR] InnoDB: If you are installing InnoDB, remember that you must create directories yourself, InnoDB does not create them.
2026-07-19 17:09:05 0 [ERROR] InnoDB: Cannot open datafile for read-only: '.\moodle_db\portfolio_tempdata.ibd' OS error: 203
2026-07-19 17:09:05 0 [ERROR] InnoDB: Operating system error number 203 in a file operation.
2026-07-19 17:09:05 0 [Note] InnoDB: Some operating system error numbers are described at https://mariadb.com/kb/en/library/operating-system-error-codes/
2026-07-19 17:09:05 0 [ERROR] InnoDB: Could not find a valid tablespace file for ``moodle_db`.`portfolio_tempdata``. Please refer to https://mariadb.com/kb/en/innodb-data-dictionary-troubleshooting/ for how to resolve the issue.
2026-07-19 17:09:05 0 [Warning] InnoDB: Ignoring tablespace for `moodle_db`.`portfolio_tempdata` because it could not be opened.
2026-07-19 17:09:05 0 [ERROR] InnoDB: Operating system error number 3 in a file operation.
2026-07-19 17:09:05 0 [ERROR] InnoDB: The error means the system cannot find the path specified.
2026-07-19 17:09:05 0 [ERROR] InnoDB: If you are installing InnoDB, remember that you must create directories yourself, InnoDB does not create them.
2026-07-19 17:09:05 0 [ERROR] InnoDB: Cannot open datafile for read-only: '.\moodle_db\post.ibd' OS error: 203
2026-07-19 17:09:05 0 [ERROR] InnoDB: Operating system error number 203 in a file operation.
2026-07-19 17:09:05 0 [Note] InnoDB: Some operating system error numbers are described at https://mariadb.com/kb/en/library/operating-system-error-codes/
2026-07-19 17:09:05 0 [ERROR] InnoDB: Could not find a valid tablespace file for ``moodle_db`.`post``. Please refer to https://mariadb.com/kb/en/innodb-data-dictionary-troubleshooting/ for how to resolve the issue.
2026-07-19 17:09:05 0 [Warning] InnoDB: Ignoring tablespace for `moodle_db`.`post` because it could not be opened.
2026-07-19 17:09:05 0 [ERROR] InnoDB: Operating system error number 3 in a file operation.
2026-07-19 17:09:05 0 [ERROR] InnoDB: The error means the system cannot find the path specified.
2026-07-19 17:09:05 0 [ERROR] InnoDB: If you are installing InnoDB, remember that you must create directories yourself, InnoDB does not create them.
2026-07-19 17:09:05 0 [ERROR] InnoDB: Cannot open datafile for read-only: '.\moodle_db\profiling.ibd' OS error: 203
2026-07-19 17:09:05 0 [ERROR] InnoDB: Operating system error number 203 in a file operation.
2026-07-19 17:09:05 0 [Note] InnoDB: Some operating system error numbers are described at https://mariadb.com/kb/en/library/operating-system-error-codes/
2026-07-19 17:09:05 0 [ERROR] InnoDB: Could not find a valid tablespace file for ``moodle_db`.`profiling``. Please refer to https://mariadb.com/kb/en/innodb-data-dictionary-troubleshooting/ for how to resolve the issue.
2026-07-19 17:09:05 0 [Warning] InnoDB: Ignoring tablespace for `moodle_db`.`profiling` because it could not be opened.
2026-07-19 17:09:05 0 [ERROR] InnoDB: Operating system error number 3 in a file operation.
2026-07-19 17:09:05 0 [ERROR] InnoDB: The error means the system cannot find the path specified.
2026-07-19 17:09:05 0 [ERROR] InnoDB: If you are installing InnoDB, remember that you must create directories yourself, InnoDB does not create them.
2026-07-19 17:09:05 0 [ERROR] InnoDB: Cannot open datafile for read-only: '.\moodle_db\projects.ibd' OS error: 203
2026-07-19 17:09:05 0 [ERROR] InnoDB: Operating system error number 203 in a file operation.
2026-07-19 17:09:05 0 [Note] InnoDB: Some operating system error numbers are described at https://mariadb.com/kb/en/library/operating-system-error-codes/
2026-07-19 17:09:05 0 [ERROR] InnoDB: Could not find a valid tablespace file for ``moodle_db`.`projects``. Please refer to https://mariadb.com/kb/en/innodb-data-dictionary-troubleshooting/ for how to resolve the issue.
2026-07-19 17:09:05 0 [Warning] InnoDB: Ignoring tablespace for `moodle_db`.`projects` because it could not be opened.
2026-07-19 17:09:05 0 [ERROR] InnoDB: Operating system error number 3 in a file operation.
2026-07-19 17:09:05 0 [ERROR] InnoDB: The error means the system cannot find the path specified.
2026-07-19 17:09:05 0 [ERROR] InnoDB: If you are installing InnoDB, remember that you must create directories yourself, InnoDB does not create them.
2026-07-19 17:09:05 0 [ERROR] InnoDB: Cannot open datafile for read-only: '.\moodle_db\qbank.ibd' OS error: 203
2026-07-19 17:09:05 0 [ERROR] InnoDB: Operating system error number 203 in a file operation.
2026-07-19 17:09:05 0 [Note] InnoDB: Some operating system error numbers are described at https://mariadb.com/kb/en/library/operating-system-error-codes/
2026-07-19 17:09:05 0 [ERROR] InnoDB: Could not find a valid tablespace file for ``moodle_db`.`qbank``. Please refer to https://mariadb.com/kb/en/innodb-data-dictionary-troubleshooting/ for how to resolve the issue.
2026-07-19 17:09:05 0 [Warning] InnoDB: Ignoring tablespace for `moodle_db`.`qbank` because it could not be opened.
2026-07-19 17:09:05 0 [ERROR] InnoDB: Operating system error number 3 in a file operation.
2026-07-19 17:09:05 0 [ERROR] InnoDB: The error means the system cannot find the path specified.
2026-07-19 17:09:05 0 [ERROR] InnoDB: If you are installing InnoDB, remember that you must create directories yourself, InnoDB does not create them.
2026-07-19 17:09:05 0 [ERROR] InnoDB: Cannot open datafile for read-only: '.\moodle_db\qtype_ddimageortext.ibd' OS error: 203
2026-07-19 17:09:05 0 [ERROR] InnoDB: Operating system error number 203 in a file operation.
2026-07-19 17:09:05 0 [Note] InnoDB: Some operating system error numbers are described at https://mariadb.com/kb/en/library/operating-system-error-codes/
2026-07-19 17:09:05 0 [ERROR] InnoDB: Could not find a valid tablespace file for ``moodle_db`.`qtype_ddimageortext``. Please refer to https://mariadb.com/kb/en/innodb-data-dictionary-troubleshooting/ for how to resolve the issue.
2026-07-19 17:09:05 0 [Warning] InnoDB: Ignoring tablespace for `moodle_db`.`qtype_ddimageortext` because it could not be opened.
2026-07-19 17:09:05 0 [ERROR] InnoDB: Operating system error number 3 in a file operation.
2026-07-19 17:09:05 0 [ERROR] InnoDB: The error means the system cannot find the path specified.
2026-07-19 17:09:05 0 [ERROR] InnoDB: If you are installing InnoDB, remember that you must create directories yourself, InnoDB does not create them.
2026-07-19 17:09:05 0 [ERROR] InnoDB: Cannot open datafile for read-only: '.\moodle_db\qtype_ddimageortext_drags.ibd' OS error: 203
2026-07-19 17:09:05 0 [ERROR] InnoDB: Operating system error number 203 in a file operation.
2026-07-19 17:09:05 0 [Note] InnoDB: Some operating system error numbers are described at https://mariadb.com/kb/en/library/operating-system-error-codes/
2026-07-19 17:09:05 0 [ERROR] InnoDB: Could not find a valid tablespace file for ``moodle_db`.`qtype_ddimageortext_drags``. Please refer to https://mariadb.com/kb/en/innodb-data-dictionary-troubleshooting/ for how to resolve the issue.
2026-07-19 17:09:05 0 [Warning] InnoDB: Ignoring tablespace for `moodle_db`.`qtype_ddimageortext_drags` because it could not be opened.
2026-07-19 17:09:05 0 [ERROR] InnoDB: Operating system error number 3 in a file operation.
2026-07-19 17:09:05 0 [ERROR] InnoDB: The error means the system cannot find the path specified.
2026-07-19 17:09:05 0 [ERROR] InnoDB: If you are installing InnoDB, remember that you must create directories yourself, InnoDB does not create them.
2026-07-19 17:09:05 0 [ERROR] InnoDB: Cannot open datafile for read-only: '.\moodle_db\qtype_ddimageortext_drops.ibd' OS error: 203
2026-07-19 17:09:05 0 [ERROR] InnoDB: Operating system error number 203 in a file operation.
2026-07-19 17:09:05 0 [Note] InnoDB: Some operating system error numbers are described at https://mariadb.com/kb/en/library/operating-system-error-codes/
2026-07-19 17:09:05 0 [ERROR] InnoDB: Could not find a valid tablespace file for ``moodle_db`.`qtype_ddimageortext_drops``. Please refer to https://mariadb.com/kb/en/innodb-data-dictionary-troubleshooting/ for how to resolve the issue.
2026-07-19 17:09:05 0 [Warning] InnoDB: Ignoring tablespace for `moodle_db`.`qtype_ddimageortext_drops` because it could not be opened.
2026-07-19 17:09:05 0 [ERROR] InnoDB: Operating system error number 3 in a file operation.
2026-07-19 17:09:05 0 [ERROR] InnoDB: The error means the system cannot find the path specified.
2026-07-19 17:09:05 0 [ERROR] InnoDB: If you are installing InnoDB, remember that you must create directories yourself, InnoDB does not create them.
2026-07-19 17:09:05 0 [ERROR] InnoDB: Cannot open datafile for read-only: '.\moodle_db\qtype_ddmarker.ibd' OS error: 203
2026-07-19 17:09:05 0 [ERROR] InnoDB: Operating system error number 203 in a file operation.
2026-07-19 17:09:05 0 [Note] InnoDB: Some operating system error numbers are described at https://mariadb.com/kb/en/library/operating-system-error-codes/
2026-07-19 17:09:05 0 [ERROR] InnoDB: Could not find a valid tablespace file for ``moodle_db`.`qtype_ddmarker``. Please refer to https://mariadb.com/kb/en/innodb-data-dictionary-troubleshooting/ for how to resolve the issue.
2026-07-19 17:09:05 0 [Warning] InnoDB: Ignoring tablespace for `moodle_db`.`qtype_ddmarker` because it could not be opened.
2026-07-19 17:09:05 0 [ERROR] InnoDB: Operating system error number 3 in a file operation.
2026-07-19 17:09:05 0 [ERROR] InnoDB: The error means the system cannot find the path specified.
2026-07-19 17:09:05 0 [ERROR] InnoDB: If you are installing InnoDB, remember that you must create directories yourself, InnoDB does not create them.
2026-07-19 17:09:05 0 [ERROR] InnoDB: Cannot open datafile for read-only: '.\moodle_db\qtype_ddmarker_drags.ibd' OS error: 203
2026-07-19 17:09:05 0 [ERROR] InnoDB: Operating system error number 203 in a file operation.
2026-07-19 17:09:05 0 [Note] InnoDB: Some operating system error numbers are described at https://mariadb.com/kb/en/library/operating-system-error-codes/
2026-07-19 17:09:05 0 [ERROR] InnoDB: Could not find a valid tablespace file for ``moodle_db`.`qtype_ddmarker_drags``. Please refer to https://mariadb.com/kb/en/innodb-data-dictionary-troubleshooting/ for how to resolve the issue.
2026-07-19 17:09:05 0 [Warning] InnoDB: Ignoring tablespace for `moodle_db`.`qtype_ddmarker_drags` because it could not be opened.
2026-07-19 17:09:05 0 [ERROR] InnoDB: Operating system error number 3 in a file operation.
2026-07-19 17:09:05 0 [ERROR] InnoDB: The error means the system cannot find the path specified.
2026-07-19 17:09:05 0 [ERROR] InnoDB: If you are installing InnoDB, remember that you must create directories yourself, InnoDB does not create them.
2026-07-19 17:09:05 0 [ERROR] InnoDB: Cannot open datafile for read-only: '.\moodle_db\qtype_ddmarker_drops.ibd' OS error: 203
2026-07-19 17:09:05 0 [ERROR] InnoDB: Operating system error number 203 in a file operation.
2026-07-19 17:09:05 0 [Note] InnoDB: Some operating system error numbers are described at https://mariadb.com/kb/en/library/operating-system-error-codes/
2026-07-19 17:09:05 0 [ERROR] InnoDB: Could not find a valid tablespace file for ``moodle_db`.`qtype_ddmarker_drops``. Please refer to https://mariadb.com/kb/en/innodb-data-dictionary-troubleshooting/ for how to resolve the issue.
2026-07-19 17:09:05 0 [Warning] InnoDB: Ignoring tablespace for `moodle_db`.`qtype_ddmarker_drops` because it could not be opened.
2026-07-19 17:09:05 0 [ERROR] InnoDB: Operating system error number 3 in a file operation.
2026-07-19 17:09:05 0 [ERROR] InnoDB: The error means the system cannot find the path specified.
2026-07-19 17:09:05 0 [ERROR] InnoDB: If you are installing InnoDB, remember that you must create directories yourself, InnoDB does not create them.
2026-07-19 17:09:05 0 [ERROR] InnoDB: Cannot open datafile for read-only: '.\moodle_db\qtype_essay_options.ibd' OS error: 203
2026-07-19 17:09:05 0 [ERROR] InnoDB: Operating system error number 203 in a file operation.
2026-07-19 17:09:05 0 [Note] InnoDB: Some operating system error numbers are described at https://mariadb.com/kb/en/library/operating-system-error-codes/
2026-07-19 17:09:05 0 [ERROR] InnoDB: Could not find a valid tablespace file for ``moodle_db`.`qtype_essay_options``. Please refer to https://mariadb.com/kb/en/innodb-data-dictionary-troubleshooting/ for how to resolve the issue.
2026-07-19 17:09:05 0 [Warning] InnoDB: Ignoring tablespace for `moodle_db`.`qtype_essay_options` because it could not be opened.
2026-07-19 17:09:05 0 [ERROR] InnoDB: Operating system error number 3 in a file operation.
2026-07-19 17:09:05 0 [ERROR] InnoDB: The error means the system cannot find the path specified.
2026-07-19 17:09:05 0 [ERROR] InnoDB: If you are installing InnoDB, remember that you must create directories yourself, InnoDB does not create them.
2026-07-19 17:09:05 0 [ERROR] InnoDB: Cannot open datafile for read-only: '.\moodle_db\qtype_match_options.ibd' OS error: 203
2026-07-19 17:09:05 0 [ERROR] InnoDB: Operating system error number 203 in a file operation.
2026-07-19 17:09:05 0 [Note] InnoDB: Some operating system error numbers are described at https://mariadb.com/kb/en/library/operating-system-error-codes/
2026-07-19 17:09:05 0 [ERROR] InnoDB: Could not find a valid tablespace file for ``moodle_db`.`qtype_match_options``. Please refer to https://mariadb.com/kb/en/innodb-data-dictionary-troubleshooting/ for how to resolve the issue.
2026-07-19 17:09:05 0 [Warning] InnoDB: Ignoring tablespace for `moodle_db`.`qtype_match_options` because it could not be opened.
2026-07-19 17:09:05 0 [ERROR] InnoDB: Operating system error number 3 in a file operation.
2026-07-19 17:09:05 0 [ERROR] InnoDB: The error means the system cannot find the path specified.
2026-07-19 17:09:05 0 [ERROR] InnoDB: If you are installing InnoDB, remember that you must create directories yourself, InnoDB does not create them.
2026-07-19 17:09:05 0 [ERROR] InnoDB: Cannot open datafile for read-only: '.\moodle_db\qtype_match_subquestions.ibd' OS error: 203
2026-07-19 17:09:05 0 [ERROR] InnoDB: Operating system error number 203 in a file operation.
2026-07-19 17:09:05 0 [Note] InnoDB: Some operating system error numbers are described at https://mariadb.com/kb/en/library/operating-system-error-codes/
2026-07-19 17:09:05 0 [ERROR] InnoDB: Could not find a valid tablespace file for ``moodle_db`.`qtype_match_subquestions``. Please refer to https://mariadb.com/kb/en/innodb-data-dictionary-troubleshooting/ for how to resolve the issue.
2026-07-19 17:09:05 0 [Warning] InnoDB: Ignoring tablespace for `moodle_db`.`qtype_match_subquestions` because it could not be opened.
2026-07-19 17:09:05 0 [ERROR] InnoDB: Operating system error number 3 in a file operation.
2026-07-19 17:09:05 0 [ERROR] InnoDB: The error means the system cannot find the path specified.
2026-07-19 17:09:05 0 [ERROR] InnoDB: If you are installing InnoDB, remember that you must create directories yourself, InnoDB does not create them.
2026-07-19 17:09:05 0 [ERROR] InnoDB: Cannot open datafile for read-only: '.\moodle_db\qtype_multichoice_options.ibd' OS error: 203
2026-07-19 17:09:05 0 [ERROR] InnoDB: Operating system error number 203 in a file operation.
2026-07-19 17:09:05 0 [Note] InnoDB: Some operating system error numbers are described at https://mariadb.com/kb/en/library/operating-system-error-codes/
2026-07-19 17:09:05 0 [ERROR] InnoDB: Could not find a valid tablespace file for ``moodle_db`.`qtype_multichoice_options``. Please refer to https://mariadb.com/kb/en/innodb-data-dictionary-troubleshooting/ for how to resolve the issue.
2026-07-19 17:09:05 0 [Warning] InnoDB: Ignoring tablespace for `moodle_db`.`qtype_multichoice_options` because it could not be opened.
2026-07-19 17:09:05 0 [ERROR] InnoDB: Operating system error number 3 in a file operation.
2026-07-19 17:09:05 0 [ERROR] InnoDB: The error means the system cannot find the path specified.
2026-07-19 17:09:05 0 [ERROR] InnoDB: If you are installing InnoDB, remember that you must create directories yourself, InnoDB does not create them.
2026-07-19 17:09:05 0 [ERROR] InnoDB: Cannot open datafile for read-only: '.\moodle_db\qtype_ordering_options.ibd' OS error: 203
2026-07-19 17:09:05 0 [ERROR] InnoDB: Operating system error number 203 in a file operation.
2026-07-19 17:09:05 0 [Note] InnoDB: Some operating system error numbers are described at https://mariadb.com/kb/en/library/operating-system-error-codes/
2026-07-19 17:09:05 0 [ERROR] InnoDB: Could not find a valid tablespace file for ``moodle_db`.`qtype_ordering_options``. Please refer to https://mariadb.com/kb/en/innodb-data-dictionary-troubleshooting/ for how to resolve the issue.
2026-07-19 17:09:05 0 [Warning] InnoDB: Ignoring tablespace for `moodle_db`.`qtype_ordering_options` because it could not be opened.
2026-07-19 17:09:05 0 [ERROR] InnoDB: Operating system error number 3 in a file operation.
2026-07-19 17:09:05 0 [ERROR] InnoDB: The error means the system cannot find the path specified.
2026-07-19 17:09:05 0 [ERROR] InnoDB: If you are installing InnoDB, remember that you must create directories yourself, InnoDB does not create them.
2026-07-19 17:09:05 0 [ERROR] InnoDB: Cannot open datafile for read-only: '.\moodle_db\qtype_randomsamatch_options.ibd' OS error: 203
2026-07-19 17:09:05 0 [ERROR] InnoDB: Operating system error number 203 in a file operation.
2026-07-19 17:09:05 0 [Note] InnoDB: Some operating system error numbers are described at https://mariadb.com/kb/en/library/operating-system-error-codes/
2026-07-19 17:09:05 0 [ERROR] InnoDB: Could not find a valid tablespace file for ``moodle_db`.`qtype_randomsamatch_options``. Please refer to https://mariadb.com/kb/en/innodb-data-dictionary-troubleshooting/ for how to resolve the issue.
2026-07-19 17:09:05 0 [Warning] InnoDB: Ignoring tablespace for `moodle_db`.`qtype_randomsamatch_options` because it could not be opened.
2026-07-19 17:09:05 0 [ERROR] InnoDB: Operating system error number 3 in a file operation.
2026-07-19 17:09:05 0 [ERROR] InnoDB: The error means the system cannot find the path specified.
2026-07-19 17:09:05 0 [ERROR] InnoDB: If you are installing InnoDB, remember that you must create directories yourself, InnoDB does not create them.
2026-07-19 17:09:05 0 [ERROR] InnoDB: Cannot open datafile for read-only: '.\moodle_db\qtype_shortanswer_options.ibd' OS error: 203
2026-07-19 17:09:05 0 [ERROR] InnoDB: Operating system error number 203 in a file operation.
2026-07-19 17:09:05 0 [Note] InnoDB: Some operating system error numbers are described at https://mariadb.com/kb/en/library/operating-system-error-codes/
2026-07-19 17:09:05 0 [ERROR] InnoDB: Could not find a valid tablespace file for ``moodle_db`.`qtype_shortanswer_options``. Please refer to https://mariadb.com/kb/en/innodb-data-dictionary-troubleshooting/ for how to resolve the issue.
2026-07-19 17:09:05 0 [Warning] InnoDB: Ignoring tablespace for `moodle_db`.`qtype_shortanswer_options` because it could not be opened.
2026-07-19 17:09:05 0 [ERROR] InnoDB: Operating system error number 3 in a file operation.
2026-07-19 17:09:05 0 [ERROR] InnoDB: The error means the system cannot find the path specified.
2026-07-19 17:09:05 0 [ERROR] InnoDB: If you are installing InnoDB, remember that you must create directories yourself, InnoDB does not create them.
2026-07-19 17:09:05 0 [ERROR] InnoDB: Cannot open datafile for read-only: '.\moodle_db\question.ibd' OS error: 203
2026-07-19 17:09:05 0 [ERROR] InnoDB: Operating system error number 203 in a file operation.
2026-07-19 17:09:05 0 [Note] InnoDB: Some operating system error numbers are described at https://mariadb.com/kb/en/library/operating-system-error-codes/
2026-07-19 17:09:05 0 [ERROR] InnoDB: Could not find a valid tablespace file for ``moodle_db`.`question``. Please refer to https://mariadb.com/kb/en/innodb-data-dictionary-troubleshooting/ for how to resolve the issue.
2026-07-19 17:09:05 0 [Warning] InnoDB: Ignoring tablespace for `moodle_db`.`question` because it could not be opened.
2026-07-19 17:09:05 0 [ERROR] InnoDB: Operating system error number 3 in a file operation.
2026-07-19 17:09:05 0 [ERROR] InnoDB: The error means the system cannot find the path specified.
2026-07-19 17:09:05 0 [ERROR] InnoDB: If you are installing InnoDB, remember that you must create directories yourself, InnoDB does not create them.
2026-07-19 17:09:05 0 [ERROR] InnoDB: Cannot open datafile for read-only: '.\moodle_db\question_answers.ibd' OS error: 203
2026-07-19 17:09:05 0 [ERROR] InnoDB: Operating system error number 203 in a file operation.
2026-07-19 17:09:05 0 [Note] InnoDB: Some operating system error numbers are described at https://mariadb.com/kb/en/library/operating-system-error-codes/
2026-07-19 17:09:05 0 [ERROR] InnoDB: Could not find a valid tablespace file for ``moodle_db`.`question_answers``. Please refer to https://mariadb.com/kb/en/innodb-data-dictionary-troubleshooting/ for how to resolve the issue.
2026-07-19 17:09:05 0 [Warning] InnoDB: Ignoring tablespace for `moodle_db`.`question_answers` because it could not be opened.
2026-07-19 17:09:05 0 [ERROR] InnoDB: Operating system error number 3 in a file operation.
2026-07-19 17:09:05 0 [ERROR] InnoDB: The error means the system cannot find the path specified.
2026-07-19 17:09:05 0 [ERROR] InnoDB: If you are installing InnoDB, remember that you must create directories yourself, InnoDB does not create them.
2026-07-19 17:09:05 0 [ERROR] InnoDB: Cannot open datafile for read-only: '.\moodle_db\question_attempt_step_data.ibd' OS error: 203
2026-07-19 17:09:05 0 [ERROR] InnoDB: Operating system error number 203 in a file operation.
2026-07-19 17:09:05 0 [Note] InnoDB: Some operating system error numbers are described at https://mariadb.com/kb/en/library/operating-system-error-codes/
2026-07-19 17:09:05 0 [ERROR] InnoDB: Could not find a valid tablespace file for ``moodle_db`.`question_attempt_step_data``. Please refer to https://mariadb.com/kb/en/innodb-data-dictionary-troubleshooting/ for how to resolve the issue.
2026-07-19 17:09:05 0 [Warning] InnoDB: Ignoring tablespace for `moodle_db`.`question_attempt_step_data` because it could not be opened.
2026-07-19 17:09:05 0 [ERROR] InnoDB: Operating system error number 3 in a file operation.
2026-07-19 17:09:05 0 [ERROR] InnoDB: The error means the system cannot find the path specified.
2026-07-19 17:09:05 0 [ERROR] InnoDB: If you are installing InnoDB, remember that you must create directories yourself, InnoDB does not create them.
2026-07-19 17:09:05 0 [ERROR] InnoDB: Cannot open datafile for read-only: '.\moodle_db\question_attempt_steps.ibd' OS error: 203
2026-07-19 17:09:05 0 [ERROR] InnoDB: Operating system error number 203 in a file operation.
2026-07-19 17:09:05 0 [Note] InnoDB: Some operating system error numbers are described at https://mariadb.com/kb/en/library/operating-system-error-codes/
2026-07-19 17:09:05 0 [ERROR] InnoDB: Could not find a valid tablespace file for ``moodle_db`.`question_attempt_steps``. Please refer to https://mariadb.com/kb/en/innodb-data-dictionary-troubleshooting/ for how to resolve the issue.
2026-07-19 17:09:05 0 [Warning] InnoDB: Ignoring tablespace for `moodle_db`.`question_attempt_steps` because it could not be opened.
2026-07-19 17:09:05 0 [ERROR] InnoDB: Operating system error number 3 in a file operation.
2026-07-19 17:09:05 0 [ERROR] InnoDB: The error means the system cannot find the path specified.
2026-07-19 17:09:05 0 [ERROR] InnoDB: If you are installing InnoDB, remember that you must create directories yourself, InnoDB does not create them.
2026-07-19 17:09:05 0 [ERROR] InnoDB: Cannot open datafile for read-only: '.\moodle_db\question_attempts.ibd' OS error: 203
2026-07-19 17:09:05 0 [ERROR] InnoDB: Operating system error number 203 in a file operation.
2026-07-19 17:09:05 0 [Note] InnoDB: Some operating system error numbers are described at https://mariadb.com/kb/en/library/operating-system-error-codes/
2026-07-19 17:09:05 0 [ERROR] InnoDB: Could not find a valid tablespace file for ``moodle_db`.`question_attempts``. Please refer to https://mariadb.com/kb/en/innodb-data-dictionary-troubleshooting/ for how to resolve the issue.
2026-07-19 17:09:05 0 [Warning] InnoDB: Ignoring tablespace for `moodle_db`.`question_attempts` because it could not be opened.
2026-07-19 17:09:05 0 [ERROR] InnoDB: Operating system error number 3 in a file operation.
2026-07-19 17:09:05 0 [ERROR] InnoDB: The error means the system cannot find the path specified.
2026-07-19 17:09:05 0 [ERROR] InnoDB: If you are installing InnoDB, remember that you must create directories yourself, InnoDB does not create them.
2026-07-19 17:09:05 0 [ERROR] InnoDB: Cannot open datafile for read-only: '.\moodle_db\question_bank_entries.ibd' OS error: 203
2026-07-19 17:09:05 0 [ERROR] InnoDB: Operating system error number 203 in a file operation.
2026-07-19 17:09:05 0 [Note] InnoDB: Some operating system error numbers are described at https://mariadb.com/kb/en/library/operating-system-error-codes/
2026-07-19 17:09:05 0 [ERROR] InnoDB: Could not find a valid tablespace file for ``moodle_db`.`question_bank_entries``. Please refer to https://mariadb.com/kb/en/innodb-data-dictionary-troubleshooting/ for how to resolve the issue.
2026-07-19 17:09:05 0 [Warning] InnoDB: Ignoring tablespace for `moodle_db`.`question_bank_entries` because it could not be opened.
2026-07-19 17:09:05 0 [ERROR] InnoDB: Operating system error number 3 in a file operation.
2026-07-19 17:09:05 0 [ERROR] InnoDB: The error means the system cannot find the path specified.
2026-07-19 17:09:05 0 [ERROR] InnoDB: If you are installing InnoDB, remember that you must create directories yourself, InnoDB does not create them.
2026-07-19 17:09:05 0 [ERROR] InnoDB: Cannot open datafile for read-only: '.\moodle_db\question_calculated.ibd' OS error: 203
2026-07-19 17:09:05 0 [ERROR] InnoDB: Operating system error number 203 in a file operation.
2026-07-19 17:09:05 0 [Note] InnoDB: Some operating system error numbers are described at https://mariadb.com/kb/en/library/operating-system-error-codes/
2026-07-19 17:09:05 0 [ERROR] InnoDB: Could not find a valid tablespace file for ``moodle_db`.`question_calculated``. Please refer to https://mariadb.com/kb/en/innodb-data-dictionary-troubleshooting/ for how to resolve the issue.
2026-07-19 17:09:05 0 [Warning] InnoDB: Ignoring tablespace for `moodle_db`.`question_calculated` because it could not be opened.
2026-07-19 17:09:05 0 [ERROR] InnoDB: Operating system error number 3 in a file operation.
2026-07-19 17:09:05 0 [ERROR] InnoDB: The error means the system cannot find the path specified.
2026-07-19 17:09:05 0 [ERROR] InnoDB: If you are installing InnoDB, remember that you must create directories yourself, InnoDB does not create them.
2026-07-19 17:09:05 0 [ERROR] InnoDB: Cannot open datafile for read-only: '.\moodle_db\question_calculated_options.ibd' OS error: 203
2026-07-19 17:09:05 0 [ERROR] InnoDB: Operating system error number 203 in a file operation.
2026-07-19 17:09:05 0 [Note] InnoDB: Some operating system error numbers are described at https://mariadb.com/kb/en/library/operating-system-error-codes/
2026-07-19 17:09:05 0 [ERROR] InnoDB: Could not find a valid tablespace file for ``moodle_db`.`question_calculated_options``. Please refer to https://mariadb.com/kb/en/innodb-data-dictionary-troubleshooting/ for how to resolve the issue.
2026-07-19 17:09:05 0 [Warning] InnoDB: Ignoring tablespace for `moodle_db`.`question_calculated_options` because it could not be opened.
2026-07-19 17:09:05 0 [ERROR] InnoDB: Operating system error number 3 in a file operation.
2026-07-19 17:09:05 0 [ERROR] InnoDB: The error means the system cannot find the path specified.
2026-07-19 17:09:05 0 [ERROR] InnoDB: If you are installing InnoDB, remember that you must create directories yourself, InnoDB does not create them.
2026-07-19 17:09:05 0 [ERROR] InnoDB: Cannot open datafile for read-only: '.\moodle_db\question_categories.ibd' OS error: 203
2026-07-19 17:09:05 0 [ERROR] InnoDB: Operating system error number 203 in a file operation.
2026-07-19 17:09:05 0 [Note] InnoDB: Some operating system error numbers are described at https://mariadb.com/kb/en/library/operating-system-error-codes/
2026-07-19 17:09:05 0 [ERROR] InnoDB: Could not find a valid tablespace file for ``moodle_db`.`question_categories``. Please refer to https://mariadb.com/kb/en/innodb-data-dictionary-troubleshooting/ for how to resolve the issue.
2026-07-19 17:09:05 0 [Warning] InnoDB: Ignoring tablespace for `moodle_db`.`question_categories` because it could not be opened.
2026-07-19 17:09:05 0 [ERROR] InnoDB: Operating system error number 3 in a file operation.
2026-07-19 17:09:05 0 [ERROR] InnoDB: The error means the system cannot find the path specified.
2026-07-19 17:09:05 0 [ERROR] InnoDB: If you are installing InnoDB, remember that you must create directories yourself, InnoDB does not create them.
2026-07-19 17:09:05 0 [ERROR] InnoDB: Cannot open datafile for read-only: '.\moodle_db\question_dataset_definitions.ibd' OS error: 203
2026-07-19 17:09:05 0 [ERROR] InnoDB: Operating system error number 203 in a file operation.
2026-07-19 17:09:05 0 [Note] InnoDB: Some operating system error numbers are described at https://mariadb.com/kb/en/library/operating-system-error-codes/
2026-07-19 17:09:05 0 [ERROR] InnoDB: Could not find a valid tablespace file for ``moodle_db`.`question_dataset_definitions``. Please refer to https://mariadb.com/kb/en/innodb-data-dictionary-troubleshooting/ for how to resolve the issue.
2026-07-19 17:09:05 0 [Warning] InnoDB: Ignoring tablespace for `moodle_db`.`question_dataset_definitions` because it could not be opened.
2026-07-19 17:09:05 0 [ERROR] InnoDB: Operating system error number 3 in a file operation.
2026-07-19 17:09:05 0 [ERROR] InnoDB: The error means the system cannot find the path specified.
2026-07-19 17:09:05 0 [ERROR] InnoDB: If you are installing InnoDB, remember that you must create directories yourself, InnoDB does not create them.
2026-07-19 17:09:05 0 [ERROR] InnoDB: Cannot open datafile for read-only: '.\moodle_db\question_dataset_items.ibd' OS error: 203
2026-07-19 17:09:05 0 [ERROR] InnoDB: Operating system error number 203 in a file operation.
2026-07-19 17:09:05 0 [Note] InnoDB: Some operating system error numbers are described at https://mariadb.com/kb/en/library/operating-system-error-codes/
2026-07-19 17:09:05 0 [ERROR] InnoDB: Could not find a valid tablespace file for ``moodle_db`.`question_dataset_items``. Please refer to https://mariadb.com/kb/en/innodb-data-dictionary-troubleshooting/ for how to resolve the issue.
2026-07-19 17:09:05 0 [Warning] InnoDB: Ignoring tablespace for `moodle_db`.`question_dataset_items` because it could not be opened.
2026-07-19 17:09:05 0 [ERROR] InnoDB: Operating system error number 3 in a file operation.
2026-07-19 17:09:05 0 [ERROR] InnoDB: The error means the system cannot find the path specified.
2026-07-19 17:09:05 0 [ERROR] InnoDB: If you are installing InnoDB, remember that you must create directories yourself, InnoDB does not create them.
2026-07-19 17:09:05 0 [ERROR] InnoDB: Cannot open datafile for read-only: '.\moodle_db\question_datasets.ibd' OS error: 203
2026-07-19 17:09:05 0 [ERROR] InnoDB: Operating system error number 203 in a file operation.
2026-07-19 17:09:05 0 [Note] InnoDB: Some operating system error numbers are described at https://mariadb.com/kb/en/library/operating-system-error-codes/
2026-07-19 17:09:05 0 [ERROR] InnoDB: Could not find a valid tablespace file for ``moodle_db`.`question_datasets``. Please refer to https://mariadb.com/kb/en/innodb-data-dictionary-troubleshooting/ for how to resolve the issue.
2026-07-19 17:09:05 0 [Warning] InnoDB: Ignoring tablespace for `moodle_db`.`question_datasets` because it could not be opened.
2026-07-19 17:09:05 0 [ERROR] InnoDB: Operating system error number 3 in a file operation.
2026-07-19 17:09:05 0 [ERROR] InnoDB: The error means the system cannot find the path specified.
2026-07-19 17:09:05 0 [ERROR] InnoDB: If you are installing InnoDB, remember that you must create directories yourself, InnoDB does not create them.
2026-07-19 17:09:05 0 [ERROR] InnoDB: Cannot open datafile for read-only: '.\moodle_db\question_ddwtos.ibd' OS error: 203
2026-07-19 17:09:05 0 [ERROR] InnoDB: Operating system error number 203 in a file operation.
2026-07-19 17:09:05 0 [Note] InnoDB: Some operating system error numbers are described at https://mariadb.com/kb/en/library/operating-system-error-codes/
2026-07-19 17:09:05 0 [ERROR] InnoDB: Could not find a valid tablespace file for ``moodle_db`.`question_ddwtos``. Please refer to https://mariadb.com/kb/en/innodb-data-dictionary-troubleshooting/ for how to resolve the issue.
2026-07-19 17:09:05 0 [Warning] InnoDB: Ignoring tablespace for `moodle_db`.`question_ddwtos` because it could not be opened.
2026-07-19 17:09:05 0 [ERROR] InnoDB: Operating system error number 3 in a file operation.
2026-07-19 17:09:05 0 [ERROR] InnoDB: The error means the system cannot find the path specified.
2026-07-19 17:09:05 0 [ERROR] InnoDB: If you are installing InnoDB, remember that you must create directories yourself, InnoDB does not create them.
2026-07-19 17:09:05 0 [ERROR] InnoDB: Cannot open datafile for read-only: '.\moodle_db\question_gapselect.ibd' OS error: 203
2026-07-19 17:09:05 0 [ERROR] InnoDB: Operating system error number 203 in a file operation.
2026-07-19 17:09:05 0 [Note] InnoDB: Some operating system error numbers are described at https://mariadb.com/kb/en/library/operating-system-error-codes/
2026-07-19 17:09:05 0 [ERROR] InnoDB: Could not find a valid tablespace file for ``moodle_db`.`question_gapselect``. Please refer to https://mariadb.com/kb/en/innodb-data-dictionary-troubleshooting/ for how to resolve the issue.
2026-07-19 17:09:05 0 [Warning] InnoDB: Ignoring tablespace for `moodle_db`.`question_gapselect` because it could not be opened.
2026-07-19 17:09:05 0 [ERROR] InnoDB: Operating system error number 3 in a file operation.
2026-07-19 17:09:05 0 [ERROR] InnoDB: The error means the system cannot find the path specified.
2026-07-19 17:09:05 0 [ERROR] InnoDB: If you are installing InnoDB, remember that you must create directories yourself, InnoDB does not create them.
2026-07-19 17:09:05 0 [ERROR] InnoDB: Cannot open datafile for read-only: '.\moodle_db\question_hints.ibd' OS error: 203
2026-07-19 17:09:05 0 [ERROR] InnoDB: Operating system error number 203 in a file operation.
2026-07-19 17:09:05 0 [Note] InnoDB: Some operating system error numbers are described at https://mariadb.com/kb/en/library/operating-system-error-codes/
2026-07-19 17:09:05 0 [ERROR] InnoDB: Could not find a valid tablespace file for ``moodle_db`.`question_hints``. Please refer to https://mariadb.com/kb/en/innodb-data-dictionary-troubleshooting/ for how to resolve the issue.
2026-07-19 17:09:05 0 [Warning] InnoDB: Ignoring tablespace for `moodle_db`.`question_hints` because it could not be opened.
2026-07-19 17:09:05 0 [ERROR] InnoDB: Operating system error number 3 in a file operation.
2026-07-19 17:09:05 0 [ERROR] InnoDB: The error means the system cannot find the path specified.
2026-07-19 17:09:05 0 [ERROR] InnoDB: If you are installing InnoDB, remember that you must create directories yourself, InnoDB does not create them.
2026-07-19 17:09:05 0 [ERROR] InnoDB: Cannot open datafile for read-only: '.\moodle_db\question_multianswer.ibd' OS error: 203
2026-07-19 17:09:05 0 [ERROR] InnoDB: Operating system error number 203 in a file operation.
2026-07-19 17:09:05 0 [Note] InnoDB: Some operating system error numbers are described at https://mariadb.com/kb/en/library/operating-system-error-codes/
2026-07-19 17:09:05 0 [ERROR] InnoDB: Could not find a valid tablespace file for ``moodle_db`.`question_multianswer``. Please refer to https://mariadb.com/kb/en/innodb-data-dictionary-troubleshooting/ for how to resolve the issue.
2026-07-19 17:09:05 0 [Warning] InnoDB: Ignoring tablespace for `moodle_db`.`question_multianswer` because it could not be opened.
2026-07-19 17:09:05 0 [ERROR] InnoDB: Operating system error number 3 in a file operation.
2026-07-19 17:09:05 0 [ERROR] InnoDB: The error means the system cannot find the path specified.
2026-07-19 17:09:05 0 [ERROR] InnoDB: If you are installing InnoDB, remember that you must create directories yourself, InnoDB does not create them.
2026-07-19 17:09:05 0 [ERROR] InnoDB: Cannot open datafile for read-only: '.\moodle_db\question_numerical.ibd' OS error: 203
2026-07-19 17:09:05 0 [ERROR] InnoDB: Operating system error number 203 in a file operation.
2026-07-19 17:09:05 0 [Note] InnoDB: Some operating system error numbers are described at https://mariadb.com/kb/en/library/operating-system-error-codes/
2026-07-19 17:09:05 0 [ERROR] InnoDB: Could not find a valid tablespace file for ``moodle_db`.`question_numerical``. Please refer to https://mariadb.com/kb/en/innodb-data-dictionary-troubleshooting/ for how to resolve the issue.
2026-07-19 17:09:05 0 [Warning] InnoDB: Ignoring tablespace for `moodle_db`.`question_numerical` because it could not be opened.
2026-07-19 17:09:05 0 [ERROR] InnoDB: Operating system error number 3 in a file operation.
2026-07-19 17:09:05 0 [ERROR] InnoDB: The error means the system cannot find the path specified.
2026-07-19 17:09:05 0 [ERROR] InnoDB: If you are installing InnoDB, remember that you must create directories yourself, InnoDB does not create them.
2026-07-19 17:09:05 0 [ERROR] InnoDB: Cannot open datafile for read-only: '.\moodle_db\question_numerical_options.ibd' OS error: 203
2026-07-19 17:09:05 0 [ERROR] InnoDB: Operating system error number 203 in a file operation.
2026-07-19 17:09:05 0 [Note] InnoDB: Some operating system error numbers are described at https://mariadb.com/kb/en/library/operating-system-error-codes/
2026-07-19 17:09:05 0 [ERROR] InnoDB: Could not find a valid tablespace file for ``moodle_db`.`question_numerical_options``. Please refer to https://mariadb.com/kb/en/innodb-data-dictionary-troubleshooting/ for how to resolve the issue.
2026-07-19 17:09:05 0 [Warning] InnoDB: Ignoring tablespace for `moodle_db`.`question_numerical_options` because it could not be opened.
2026-07-19 17:09:05 0 [ERROR] InnoDB: Operating system error number 3 in a file operation.
2026-07-19 17:09:05 0 [ERROR] InnoDB: The error means the system cannot find the path specified.
2026-07-19 17:09:05 0 [ERROR] InnoDB: If you are installing InnoDB, remember that you must create directories yourself, InnoDB does not create them.
2026-07-19 17:09:05 0 [ERROR] InnoDB: Cannot open datafile for read-only: '.\moodle_db\question_numerical_units.ibd' OS error: 203
2026-07-19 17:09:05 0 [ERROR] InnoDB: Operating system error number 203 in a file operation.
2026-07-19 17:09:05 0 [Note] InnoDB: Some operating system error numbers are described at https://mariadb.com/kb/en/library/operating-system-error-codes/
2026-07-19 17:09:05 0 [ERROR] InnoDB: Could not find a valid tablespace file for ``moodle_db`.`question_numerical_units``. Please refer to https://mariadb.com/kb/en/innodb-data-dictionary-troubleshooting/ for how to resolve the issue.
2026-07-19 17:09:05 0 [Warning] InnoDB: Ignoring tablespace for `moodle_db`.`question_numerical_units` because it could not be opened.
2026-07-19 17:09:05 0 [ERROR] InnoDB: Operating system error number 3 in a file operation.
2026-07-19 17:09:05 0 [ERROR] InnoDB: The error means the system cannot find the path specified.
2026-07-19 17:09:05 0 [ERROR] InnoDB: If you are installing InnoDB, remember that you must create directories yourself, InnoDB does not create them.
2026-07-19 17:09:05 0 [ERROR] InnoDB: Cannot open datafile for read-only: '.\moodle_db\question_references.ibd' OS error: 203
2026-07-19 17:09:05 0 [ERROR] InnoDB: Operating system error number 203 in a file operation.
2026-07-19 17:09:05 0 [Note] InnoDB: Some operating system error numbers are described at https://mariadb.com/kb/en/library/operating-system-error-codes/
2026-07-19 17:09:05 0 [ERROR] InnoDB: Could not find a valid tablespace file for ``moodle_db`.`question_references``. Please refer to https://mariadb.com/kb/en/innodb-data-dictionary-troubleshooting/ for how to resolve the issue.
2026-07-19 17:09:05 0 [Warning] InnoDB: Ignoring tablespace for `moodle_db`.`question_references` because it could not be opened.
2026-07-19 17:09:05 0 [ERROR] InnoDB: Operating system error number 3 in a file operation.
2026-07-19 17:09:05 0 [ERROR] InnoDB: The error means the system cannot find the path specified.
2026-07-19 17:09:05 0 [ERROR] InnoDB: If you are installing InnoDB, remember that you must create directories yourself, InnoDB does not create them.
2026-07-19 17:09:05 0 [ERROR] InnoDB: Cannot open datafile for read-only: '.\moodle_db\question_response_analysis.ibd' OS error: 203
2026-07-19 17:09:05 0 [ERROR] InnoDB: Operating system error number 203 in a file operation.
2026-07-19 17:09:05 0 [Note] InnoDB: Some operating system error numbers are described at https://mariadb.com/kb/en/library/operating-system-error-codes/
2026-07-19 17:09:05 0 [ERROR] InnoDB: Could not find a valid tablespace file for ``moodle_db`.`question_response_analysis``. Please refer to https://mariadb.com/kb/en/innodb-data-dictionary-troubleshooting/ for how to resolve the issue.
2026-07-19 17:09:05 0 [Warning] InnoDB: Ignoring tablespace for `moodle_db`.`question_response_analysis` because it could not be opened.
2026-07-19 17:09:05 0 [ERROR] InnoDB: Operating system error number 3 in a file operation.
2026-07-19 17:09:05 0 [ERROR] InnoDB: The error means the system cannot find the path specified.
2026-07-19 17:09:05 0 [ERROR] InnoDB: If you are installing InnoDB, remember that you must create directories yourself, InnoDB does not create them.
2026-07-19 17:09:05 0 [ERROR] InnoDB: Cannot open datafile for read-only: '.\moodle_db\question_response_count.ibd' OS error: 203
2026-07-19 17:09:05 0 [ERROR] InnoDB: Operating system error number 203 in a file operation.
2026-07-19 17:09:05 0 [Note] InnoDB: Some operating system error numbers are described at https://mariadb.com/kb/en/library/operating-system-error-codes/
2026-07-19 17:09:05 0 [ERROR] InnoDB: Could not find a valid tablespace file for ``moodle_db`.`question_response_count``. Please refer to https://mariadb.com/kb/en/innodb-data-dictionary-troubleshooting/ for how to resolve the issue.
2026-07-19 17:09:05 0 [Warning] InnoDB: Ignoring tablespace for `moodle_db`.`question_response_count` because it could not be opened.
2026-07-19 17:09:05 0 [ERROR] InnoDB: Operating system error number 3 in a file operation.
2026-07-19 17:09:05 0 [ERROR] InnoDB: The error means the system cannot find the path specified.
2026-07-19 17:09:05 0 [ERROR] InnoDB: If you are installing InnoDB, remember that you must create directories yourself, InnoDB does not create them.
2026-07-19 17:09:05 0 [ERROR] InnoDB: Cannot open datafile for read-only: '.\moodle_db\question_set_references.ibd' OS error: 203
2026-07-19 17:09:05 0 [ERROR] InnoDB: Operating system error number 203 in a file operation.
2026-07-19 17:09:05 0 [Note] InnoDB: Some operating system error numbers are described at https://mariadb.com/kb/en/library/operating-system-error-codes/
2026-07-19 17:09:05 0 [ERROR] InnoDB: Could not find a valid tablespace file for ``moodle_db`.`question_set_references``. Please refer to https://mariadb.com/kb/en/innodb-data-dictionary-troubleshooting/ for how to resolve the issue.
2026-07-19 17:09:05 0 [Warning] InnoDB: Ignoring tablespace for `moodle_db`.`question_set_references` because it could not be opened.
2026-07-19 17:09:05 0 [ERROR] InnoDB: Operating system error number 3 in a file operation.
2026-07-19 17:09:05 0 [ERROR] InnoDB: The error means the system cannot find the path specified.
2026-07-19 17:09:05 0 [ERROR] InnoDB: If you are installing InnoDB, remember that you must create directories yourself, InnoDB does not create them.
2026-07-19 17:09:05 0 [ERROR] InnoDB: Cannot open datafile for read-only: '.\moodle_db\question_statistics.ibd' OS error: 203
2026-07-19 17:09:05 0 [ERROR] InnoDB: Operating system error number 203 in a file operation.
2026-07-19 17:09:05 0 [Note] InnoDB: Some operating system error numbers are described at https://mariadb.com/kb/en/library/operating-system-error-codes/
2026-07-19 17:09:05 0 [ERROR] InnoDB: Could not find a valid tablespace file for ``moodle_db`.`question_statistics``. Please refer to https://mariadb.com/kb/en/innodb-data-dictionary-troubleshooting/ for how to resolve the issue.
2026-07-19 17:09:05 0 [Warning] InnoDB: Ignoring tablespace for `moodle_db`.`question_statistics` because it could not be opened.
2026-07-19 17:09:05 0 [ERROR] InnoDB: Operating system error number 3 in a file operation.
2026-07-19 17:09:05 0 [ERROR] InnoDB: The error means the system cannot find the path specified.
2026-07-19 17:09:05 0 [ERROR] InnoDB: If you are installing InnoDB, remember that you must create directories yourself, InnoDB does not create them.
2026-07-19 17:09:05 0 [ERROR] InnoDB: Cannot open datafile for read-only: '.\moodle_db\question_truefalse.ibd' OS error: 203
2026-07-19 17:09:05 0 [ERROR] InnoDB: Operating system error number 203 in a file operation.
2026-07-19 17:09:05 0 [Note] InnoDB: Some operating system error numbers are described at https://mariadb.com/kb/en/library/operating-system-error-codes/
2026-07-19 17:09:05 0 [ERROR] InnoDB: Could not find a valid tablespace file for ``moodle_db`.`question_truefalse``. Please refer to https://mariadb.com/kb/en/innodb-data-dictionary-troubleshooting/ for how to resolve the issue.
2026-07-19 17:09:05 0 [Warning] InnoDB: Ignoring tablespace for `moodle_db`.`question_truefalse` because it could not be opened.
2026-07-19 17:09:05 0 [ERROR] InnoDB: Operating system error number 3 in a file operation.
2026-07-19 17:09:05 0 [ERROR] InnoDB: The error means the system cannot find the path specified.
2026-07-19 17:09:05 0 [ERROR] InnoDB: If you are installing InnoDB, remember that you must create directories yourself, InnoDB does not create them.
2026-07-19 17:09:05 0 [ERROR] InnoDB: Cannot open datafile for read-only: '.\moodle_db\question_usages.ibd' OS error: 203
2026-07-19 17:09:05 0 [ERROR] InnoDB: Operating system error number 203 in a file operation.
2026-07-19 17:09:05 0 [Note] InnoDB: Some operating system error numbers are described at https://mariadb.com/kb/en/library/operating-system-error-codes/
2026-07-19 17:09:05 0 [ERROR] InnoDB: Could not find a valid tablespace file for ``moodle_db`.`question_usages``. Please refer to https://mariadb.com/kb/en/innodb-data-dictionary-troubleshooting/ for how to resolve the issue.
2026-07-19 17:09:05 0 [Warning] InnoDB: Ignoring tablespace for `moodle_db`.`question_usages` because it could not be opened.
2026-07-19 17:09:05 0 [ERROR] InnoDB: Operating system error number 3 in a file operation.
2026-07-19 17:09:05 0 [ERROR] InnoDB: The error means the system cannot find the path specified.
2026-07-19 17:09:05 0 [ERROR] InnoDB: If you are installing InnoDB, remember that you must create directories yourself, InnoDB does not create them.
2026-07-19 17:09:05 0 [ERROR] InnoDB: Cannot open datafile for read-only: '.\moodle_db\question_versions.ibd' OS error: 203
2026-07-19 17:09:05 0 [ERROR] InnoDB: Operating system error number 203 in a file operation.
2026-07-19 17:09:05 0 [Note] InnoDB: Some operating system error numbers are described at https://mariadb.com/kb/en/library/operating-system-error-codes/
2026-07-19 17:09:05 0 [ERROR] InnoDB: Could not find a valid tablespace file for ``moodle_db`.`question_versions``. Please refer to https://mariadb.com/kb/en/innodb-data-dictionary-troubleshooting/ for how to resolve the issue.
2026-07-19 17:09:05 0 [Warning] InnoDB: Ignoring tablespace for `moodle_db`.`question_versions` because it could not be opened.
2026-07-19 17:09:05 0 [ERROR] InnoDB: Operating system error number 3 in a file operation.
2026-07-19 17:09:05 0 [ERROR] InnoDB: The error means the system cannot find the path specified.
2026-07-19 17:09:05 0 [ERROR] InnoDB: If you are installing InnoDB, remember that you must create directories yourself, InnoDB does not create them.
2026-07-19 17:09:05 0 [ERROR] InnoDB: Cannot open datafile for read-only: '.\moodle_db\quiz.ibd' OS error: 203
2026-07-19 17:09:05 0 [ERROR] InnoDB: Operating system error number 203 in a file operation.
2026-07-19 17:09:05 0 [Note] InnoDB: Some operating system error numbers are described at https://mariadb.com/kb/en/library/operating-system-error-codes/
2026-07-19 17:09:05 0 [ERROR] InnoDB: Could not find a valid tablespace file for ``moodle_db`.`quiz``. Please refer to https://mariadb.com/kb/en/innodb-data-dictionary-troubleshooting/ for how to resolve the issue.
2026-07-19 17:09:05 0 [Warning] InnoDB: Ignoring tablespace for `moodle_db`.`quiz` because it could not be opened.
2026-07-19 17:09:05 0 [ERROR] InnoDB: Operating system error number 3 in a file operation.
2026-07-19 17:09:05 0 [ERROR] InnoDB: The error means the system cannot find the path specified.
2026-07-19 17:09:05 0 [ERROR] InnoDB: If you are installing InnoDB, remember that you must create directories yourself, InnoDB does not create them.
2026-07-19 17:09:05 0 [ERROR] InnoDB: Cannot open datafile for read-only: '.\moodle_db\quiz_attempts.ibd' OS error: 203
2026-07-19 17:09:05 0 [ERROR] InnoDB: Operating system error number 203 in a file operation.
2026-07-19 17:09:05 0 [Note] InnoDB: Some operating system error numbers are described at https://mariadb.com/kb/en/library/operating-system-error-codes/
2026-07-19 17:09:05 0 [ERROR] InnoDB: Could not find a valid tablespace file for ``moodle_db`.`quiz_attempts``. Please refer to https://mariadb.com/kb/en/innodb-data-dictionary-troubleshooting/ for how to resolve the issue.
2026-07-19 17:09:05 0 [Warning] InnoDB: Ignoring tablespace for `moodle_db`.`quiz_attempts` because it could not be opened.
2026-07-19 17:09:05 0 [ERROR] InnoDB: Operating system error number 3 in a file operation.
2026-07-19 17:09:05 0 [ERROR] InnoDB: The error means the system cannot find the path specified.
2026-07-19 17:09:05 0 [ERROR] InnoDB: If you are installing InnoDB, remember that you must create directories yourself, InnoDB does not create them.
2026-07-19 17:09:05 0 [ERROR] InnoDB: Cannot open datafile for read-only: '.\moodle_db\quiz_feedback.ibd' OS error: 203
2026-07-19 17:09:05 0 [ERROR] InnoDB: Operating system error number 203 in a file operation.
2026-07-19 17:09:05 0 [Note] InnoDB: Some operating system error numbers are described at https://mariadb.com/kb/en/library/operating-system-error-codes/
2026-07-19 17:09:05 0 [ERROR] InnoDB: Could not find a valid tablespace file for ``moodle_db`.`quiz_feedback``. Please refer to https://mariadb.com/kb/en/innodb-data-dictionary-troubleshooting/ for how to resolve the issue.
2026-07-19 17:09:05 0 [Warning] InnoDB: Ignoring tablespace for `moodle_db`.`quiz_feedback` because it could not be opened.
2026-07-19 17:09:05 0 [ERROR] InnoDB: Operating system error number 3 in a file operation.
2026-07-19 17:09:05 0 [ERROR] InnoDB: The error means the system cannot find the path specified.
2026-07-19 17:09:05 0 [ERROR] InnoDB: If you are installing InnoDB, remember that you must create directories yourself, InnoDB does not create them.
2026-07-19 17:09:05 0 [ERROR] InnoDB: Cannot open datafile for read-only: '.\moodle_db\quiz_grade_items.ibd' OS error: 203
2026-07-19 17:09:05 0 [ERROR] InnoDB: Operating system error number 203 in a file operation.
2026-07-19 17:09:05 0 [Note] InnoDB: Some operating system error numbers are described at https://mariadb.com/kb/en/library/operating-system-error-codes/
2026-07-19 17:09:05 0 [ERROR] InnoDB: Could not find a valid tablespace file for ``moodle_db`.`quiz_grade_items``. Please refer to https://mariadb.com/kb/en/innodb-data-dictionary-troubleshooting/ for how to resolve the issue.
2026-07-19 17:09:05 0 [Warning] InnoDB: Ignoring tablespace for `moodle_db`.`quiz_grade_items` because it could not be opened.
2026-07-19 17:09:05 0 [ERROR] InnoDB: Operating system error number 3 in a file operation.
2026-07-19 17:09:05 0 [ERROR] InnoDB: The error means the system cannot find the path specified.
2026-07-19 17:09:05 0 [ERROR] InnoDB: If you are installing InnoDB, remember that you must create directories yourself, InnoDB does not create them.
2026-07-19 17:09:05 0 [ERROR] InnoDB: Cannot open datafile for read-only: '.\moodle_db\quiz_grades.ibd' OS error: 203
2026-07-19 17:09:05 0 [ERROR] InnoDB: Operating system error number 203 in a file operation.
2026-07-19 17:09:05 0 [Note] InnoDB: Some operating system error numbers are described at https://mariadb.com/kb/en/library/operating-system-error-codes/
2026-07-19 17:09:05 0 [ERROR] InnoDB: Could not find a valid tablespace file for ``moodle_db`.`quiz_grades``. Please refer to https://mariadb.com/kb/en/innodb-data-dictionary-troubleshooting/ for how to resolve the issue.
2026-07-19 17:09:05 0 [Warning] InnoDB: Ignoring tablespace for `moodle_db`.`quiz_grades` because it could not be opened.
2026-07-19 17:09:05 0 [ERROR] InnoDB: Operating system error number 3 in a file operation.
2026-07-19 17:09:05 0 [ERROR] InnoDB: The error means the system cannot find the path specified.
2026-07-19 17:09:05 0 [ERROR] InnoDB: If you are installing InnoDB, remember that you must create directories yourself, InnoDB does not create them.
2026-07-19 17:09:05 0 [ERROR] InnoDB: Cannot open datafile for read-only: '.\moodle_db\quiz_overrides.ibd' OS error: 203
2026-07-19 17:09:05 0 [ERROR] InnoDB: Operating system error number 203 in a file operation.
2026-07-19 17:09:05 0 [Note] InnoDB: Some operating system error numbers are described at https://mariadb.com/kb/en/library/operating-system-error-codes/
2026-07-19 17:09:05 0 [ERROR] InnoDB: Could not find a valid tablespace file for ``moodle_db`.`quiz_overrides``. Please refer to https://mariadb.com/kb/en/innodb-data-dictionary-troubleshooting/ for how to resolve the issue.
2026-07-19 17:09:05 0 [Warning] InnoDB: Ignoring tablespace for `moodle_db`.`quiz_overrides` because it could not be opened.
2026-07-19 17:09:05 0 [ERROR] InnoDB: Operating system error number 3 in a file operation.
2026-07-19 17:09:05 0 [ERROR] InnoDB: The error means the system cannot find the path specified.
2026-07-19 17:09:05 0 [ERROR] InnoDB: If you are installing InnoDB, remember that you must create directories yourself, InnoDB does not create them.
2026-07-19 17:09:05 0 [ERROR] InnoDB: Cannot open datafile for read-only: '.\moodle_db\quiz_overview_regrades.ibd' OS error: 203
2026-07-19 17:09:05 0 [ERROR] InnoDB: Operating system error number 203 in a file operation.
2026-07-19 17:09:05 0 [Note] InnoDB: Some operating system error numbers are described at https://mariadb.com/kb/en/library/operating-system-error-codes/
2026-07-19 17:09:05 0 [ERROR] InnoDB: Could not find a valid tablespace file for ``moodle_db`.`quiz_overview_regrades``. Please refer to https://mariadb.com/kb/en/innodb-data-dictionary-troubleshooting/ for how to resolve the issue.
2026-07-19 17:09:05 0 [Warning] InnoDB: Ignoring tablespace for `moodle_db`.`quiz_overview_regrades` because it could not be opened.
2026-07-19 17:09:05 0 [ERROR] InnoDB: Operating system error number 3 in a file operation.
2026-07-19 17:09:05 0 [ERROR] InnoDB: The error means the system cannot find the path specified.
2026-07-19 17:09:05 0 [ERROR] InnoDB: If you are installing InnoDB, remember that you must create directories yourself, InnoDB does not create them.
2026-07-19 17:09:05 0 [ERROR] InnoDB: Cannot open datafile for read-only: '.\moodle_db\quiz_reports.ibd' OS error: 203
2026-07-19 17:09:05 0 [ERROR] InnoDB: Operating system error number 203 in a file operation.
2026-07-19 17:09:05 0 [Note] InnoDB: Some operating system error numbers are described at https://mariadb.com/kb/en/library/operating-system-error-codes/
2026-07-19 17:09:05 0 [ERROR] InnoDB: Could not find a valid tablespace file for ``moodle_db`.`quiz_reports``. Please refer to https://mariadb.com/kb/en/innodb-data-dictionary-troubleshooting/ for how to resolve the issue.
2026-07-19 17:09:05 0 [Warning] InnoDB: Ignoring tablespace for `moodle_db`.`quiz_reports` because it could not be opened.
2026-07-19 17:09:05 0 [ERROR] InnoDB: Operating system error number 3 in a file operation.
2026-07-19 17:09:05 0 [ERROR] InnoDB: The error means the system cannot find the path specified.
2026-07-19 17:09:05 0 [ERROR] InnoDB: If you are installing InnoDB, remember that you must create directories yourself, InnoDB does not create them.
2026-07-19 17:09:05 0 [ERROR] InnoDB: Cannot open datafile for read-only: '.\moodle_db\quiz_sections.ibd' OS error: 203
2026-07-19 17:09:05 0 [ERROR] InnoDB: Operating system error number 203 in a file operation.
2026-07-19 17:09:05 0 [Note] InnoDB: Some operating system error numbers are described at https://mariadb.com/kb/en/library/operating-system-error-codes/
2026-07-19 17:09:05 0 [ERROR] InnoDB: Could not find a valid tablespace file for ``moodle_db`.`quiz_sections``. Please refer to https://mariadb.com/kb/en/innodb-data-dictionary-troubleshooting/ for how to resolve the issue.
2026-07-19 17:09:05 0 [Warning] InnoDB: Ignoring tablespace for `moodle_db`.`quiz_sections` because it could not be opened.
2026-07-19 17:09:05 0 [ERROR] InnoDB: Operating system error number 3 in a file operation.
2026-07-19 17:09:05 0 [ERROR] InnoDB: The error means the system cannot find the path specified.
2026-07-19 17:09:05 0 [ERROR] InnoDB: If you are installing InnoDB, remember that you must create directories yourself, InnoDB does not create them.
2026-07-19 17:09:05 0 [ERROR] InnoDB: Cannot open datafile for read-only: '.\moodle_db\quiz_slots.ibd' OS error: 203
2026-07-19 17:09:05 0 [ERROR] InnoDB: Operating system error number 203 in a file operation.
2026-07-19 17:09:05 0 [Note] InnoDB: Some operating system error numbers are described at https://mariadb.com/kb/en/library/operating-system-error-codes/
2026-07-19 17:09:05 0 [ERROR] InnoDB: Could not find a valid tablespace file for ``moodle_db`.`quiz_slots``. Please refer to https://mariadb.com/kb/en/innodb-data-dictionary-troubleshooting/ for how to resolve the issue.
2026-07-19 17:09:05 0 [Warning] InnoDB: Ignoring tablespace for `moodle_db`.`quiz_slots` because it could not be opened.
2026-07-19 17:09:05 0 [ERROR] InnoDB: Operating system error number 3 in a file operation.
2026-07-19 17:09:05 0 [ERROR] InnoDB: The error means the system cannot find the path specified.
2026-07-19 17:09:05 0 [ERROR] InnoDB: If you are installing InnoDB, remember that you must create directories yourself, InnoDB does not create them.
2026-07-19 17:09:05 0 [ERROR] InnoDB: Cannot open datafile for read-only: '.\moodle_db\quiz_statistics.ibd' OS error: 203
2026-07-19 17:09:05 0 [ERROR] InnoDB: Operating system error number 203 in a file operation.
2026-07-19 17:09:05 0 [Note] InnoDB: Some operating system error numbers are described at https://mariadb.com/kb/en/library/operating-system-error-codes/
2026-07-19 17:09:05 0 [ERROR] InnoDB: Could not find a valid tablespace file for ``moodle_db`.`quiz_statistics``. Please refer to https://mariadb.com/kb/en/innodb-data-dictionary-troubleshooting/ for how to resolve the issue.
2026-07-19 17:09:05 0 [Warning] InnoDB: Ignoring tablespace for `moodle_db`.`quiz_statistics` because it could not be opened.
2026-07-19 17:09:05 0 [ERROR] InnoDB: Operating system error number 3 in a file operation.
2026-07-19 17:09:05 0 [ERROR] InnoDB: The error means the system cannot find the path specified.
2026-07-19 17:09:05 0 [ERROR] InnoDB: If you are installing InnoDB, remember that you must create directories yourself, InnoDB does not create them.
2026-07-19 17:09:05 0 [ERROR] InnoDB: Cannot open datafile for read-only: '.\moodle_db\quizaccess_seb_quizsettings.ibd' OS error: 203
2026-07-19 17:09:05 0 [ERROR] InnoDB: Operating system error number 203 in a file operation.
2026-07-19 17:09:05 0 [Note] InnoDB: Some operating system error numbers are described at https://mariadb.com/kb/en/library/operating-system-error-codes/
2026-07-19 17:09:05 0 [ERROR] InnoDB: Could not find a valid tablespace file for ``moodle_db`.`quizaccess_seb_quizsettings``. Please refer to https://mariadb.com/kb/en/innodb-data-dictionary-troubleshooting/ for how to resolve the issue.
2026-07-19 17:09:05 0 [Warning] InnoDB: Ignoring tablespace for `moodle_db`.`quizaccess_seb_quizsettings` because it could not be opened.
2026-07-19 17:09:05 0 [ERROR] InnoDB: Operating system error number 3 in a file operation.
2026-07-19 17:09:05 0 [ERROR] InnoDB: The error means the system cannot find the path specified.
2026-07-19 17:09:05 0 [ERROR] InnoDB: If you are installing InnoDB, remember that you must create directories yourself, InnoDB does not create them.
2026-07-19 17:09:05 0 [ERROR] InnoDB: Cannot open datafile for read-only: '.\moodle_db\quizaccess_seb_template.ibd' OS error: 203
2026-07-19 17:09:05 0 [ERROR] InnoDB: Operating system error number 203 in a file operation.
2026-07-19 17:09:05 0 [Note] InnoDB: Some operating system error numbers are described at https://mariadb.com/kb/en/library/operating-system-error-codes/
2026-07-19 17:09:05 0 [ERROR] InnoDB: Could not find a valid tablespace file for ``moodle_db`.`quizaccess_seb_template``. Please refer to https://mariadb.com/kb/en/innodb-data-dictionary-troubleshooting/ for how to resolve the issue.
2026-07-19 17:09:05 0 [Warning] InnoDB: Ignoring tablespace for `moodle_db`.`quizaccess_seb_template` because it could not be opened.
2026-07-19 17:09:05 0 [ERROR] InnoDB: Operating system error number 3 in a file operation.
2026-07-19 17:09:05 0 [ERROR] InnoDB: The error means the system cannot find the path specified.
2026-07-19 17:09:05 0 [ERROR] InnoDB: If you are installing InnoDB, remember that you must create directories yourself, InnoDB does not create them.
2026-07-19 17:09:05 0 [ERROR] InnoDB: Cannot open datafile for read-only: '.\moodle_db\rating.ibd' OS error: 203
2026-07-19 17:09:05 0 [ERROR] InnoDB: Operating system error number 203 in a file operation.
2026-07-19 17:09:05 0 [Note] InnoDB: Some operating system error numbers are described at https://mariadb.com/kb/en/library/operating-system-error-codes/
2026-07-19 17:09:05 0 [ERROR] InnoDB: Could not find a valid tablespace file for ``moodle_db`.`rating``. Please refer to https://mariadb.com/kb/en/innodb-data-dictionary-troubleshooting/ for how to resolve the issue.
2026-07-19 17:09:05 0 [Warning] InnoDB: Ignoring tablespace for `moodle_db`.`rating` because it could not be opened.
2026-07-19 17:09:05 0 [ERROR] InnoDB: Operating system error number 3 in a file operation.
2026-07-19 17:09:05 0 [ERROR] InnoDB: The error means the system cannot find the path specified.
2026-07-19 17:09:05 0 [ERROR] InnoDB: If you are installing InnoDB, remember that you must create directories yourself, InnoDB does not create them.
2026-07-19 17:09:05 0 [ERROR] InnoDB: Cannot open datafile for read-only: '.\moodle_db\registration_hubs.ibd' OS error: 203
2026-07-19 17:09:05 0 [ERROR] InnoDB: Operating system error number 203 in a file operation.
2026-07-19 17:09:05 0 [Note] InnoDB: Some operating system error numbers are described at https://mariadb.com/kb/en/library/operating-system-error-codes/
2026-07-19 17:09:05 0 [ERROR] InnoDB: Could not find a valid tablespace file for ``moodle_db`.`registration_hubs``. Please refer to https://mariadb.com/kb/en/innodb-data-dictionary-troubleshooting/ for how to resolve the issue.
2026-07-19 17:09:05 0 [Warning] InnoDB: Ignoring tablespace for `moodle_db`.`registration_hubs` because it could not be opened.
2026-07-19 17:09:05 0 [ERROR] InnoDB: Operating system error number 3 in a file operation.
2026-07-19 17:09:05 0 [ERROR] InnoDB: The error means the system cannot find the path specified.
2026-07-19 17:09:05 0 [ERROR] InnoDB: If you are installing InnoDB, remember that you must create directories yourself, InnoDB does not create them.
2026-07-19 17:09:05 0 [ERROR] InnoDB: Cannot open datafile for read-only: '.\moodle_db\reportbuilder_audience.ibd' OS error: 203
2026-07-19 17:09:05 0 [ERROR] InnoDB: Operating system error number 203 in a file operation.
2026-07-19 17:09:05 0 [Note] InnoDB: Some operating system error numbers are described at https://mariadb.com/kb/en/library/operating-system-error-codes/
2026-07-19 17:09:05 0 [ERROR] InnoDB: Could not find a valid tablespace file for ``moodle_db`.`reportbuilder_audience``. Please refer to https://mariadb.com/kb/en/innodb-data-dictionary-troubleshooting/ for how to resolve the issue.
2026-07-19 17:09:05 0 [Warning] InnoDB: Ignoring tablespace for `moodle_db`.`reportbuilder_audience` because it could not be opened.
2026-07-19 17:09:05 0 [ERROR] InnoDB: Operating system error number 3 in a file operation.
2026-07-19 17:09:05 0 [ERROR] InnoDB: The error means the system cannot find the path specified.
2026-07-19 17:09:05 0 [ERROR] InnoDB: If you are installing InnoDB, remember that you must create directories yourself, InnoDB does not create them.
2026-07-19 17:09:05 0 [ERROR] InnoDB: Cannot open datafile for read-only: '.\moodle_db\reportbuilder_column.ibd' OS error: 203
2026-07-19 17:09:05 0 [ERROR] InnoDB: Operating system error number 203 in a file operation.
2026-07-19 17:09:05 0 [Note] InnoDB: Some operating system error numbers are described at https://mariadb.com/kb/en/library/operating-system-error-codes/
2026-07-19 17:09:05 0 [ERROR] InnoDB: Could not find a valid tablespace file for ``moodle_db`.`reportbuilder_column``. Please refer to https://mariadb.com/kb/en/innodb-data-dictionary-troubleshooting/ for how to resolve the issue.
2026-07-19 17:09:05 0 [Warning] InnoDB: Ignoring tablespace for `moodle_db`.`reportbuilder_column` because it could not be opened.
2026-07-19 17:09:05 0 [ERROR] InnoDB: Operating system error number 3 in a file operation.
2026-07-19 17:09:05 0 [ERROR] InnoDB: The error means the system cannot find the path specified.
2026-07-19 17:09:05 0 [ERROR] InnoDB: If you are installing InnoDB, remember that you must create directories yourself, InnoDB does not create them.
2026-07-19 17:09:05 0 [ERROR] InnoDB: Cannot open datafile for read-only: '.\moodle_db\reportbuilder_filter.ibd' OS error: 203
2026-07-19 17:09:05 0 [ERROR] InnoDB: Operating system error number 203 in a file operation.
2026-07-19 17:09:05 0 [Note] InnoDB: Some operating system error numbers are described at https://mariadb.com/kb/en/library/operating-system-error-codes/
2026-07-19 17:09:05 0 [ERROR] InnoDB: Could not find a valid tablespace file for ``moodle_db`.`reportbuilder_filter``. Please refer to https://mariadb.com/kb/en/innodb-data-dictionary-troubleshooting/ for how to resolve the issue.
2026-07-19 17:09:05 0 [Warning] InnoDB: Ignoring tablespace for `moodle_db`.`reportbuilder_filter` because it could not be opened.
2026-07-19 17:09:05 0 [ERROR] InnoDB: Operating system error number 3 in a file operation.
2026-07-19 17:09:05 0 [ERROR] InnoDB: The error means the system cannot find the path specified.
2026-07-19 17:09:05 0 [ERROR] InnoDB: If you are installing InnoDB, remember that you must create directories yourself, InnoDB does not create them.
2026-07-19 17:09:05 0 [ERROR] InnoDB: Cannot open datafile for read-only: '.\moodle_db\reportbuilder_report.ibd' OS error: 203
2026-07-19 17:09:05 0 [ERROR] InnoDB: Operating system error number 203 in a file operation.
2026-07-19 17:09:05 0 [Note] InnoDB: Some operating system error numbers are described at https://mariadb.com/kb/en/library/operating-system-error-codes/
2026-07-19 17:09:05 0 [ERROR] InnoDB: Could not find a valid tablespace file for ``moodle_db`.`reportbuilder_report``. Please refer to https://mariadb.com/kb/en/innodb-data-dictionary-troubleshooting/ for how to resolve the issue.
2026-07-19 17:09:05 0 [Warning] InnoDB: Ignoring tablespace for `moodle_db`.`reportbuilder_report` because it could not be opened.
2026-07-19 17:09:05 0 [ERROR] InnoDB: Operating system error number 3 in a file operation.
2026-07-19 17:09:05 0 [ERROR] InnoDB: The error means the system cannot find the path specified.
2026-07-19 17:09:05 0 [ERROR] InnoDB: If you are installing InnoDB, remember that you must create directories yourself, InnoDB does not create them.
2026-07-19 17:09:05 0 [ERROR] InnoDB: Cannot open datafile for read-only: '.\moodle_db\reportbuilder_schedule.ibd' OS error: 203
2026-07-19 17:09:05 0 [ERROR] InnoDB: Operating system error number 203 in a file operation.
2026-07-19 17:09:05 0 [Note] InnoDB: Some operating system error numbers are described at https://mariadb.com/kb/en/library/operating-system-error-codes/
2026-07-19 17:09:05 0 [ERROR] InnoDB: Could not find a valid tablespace file for ``moodle_db`.`reportbuilder_schedule``. Please refer to https://mariadb.com/kb/en/innodb-data-dictionary-troubleshooting/ for how to resolve the issue.
2026-07-19 17:09:05 0 [Warning] InnoDB: Ignoring tablespace for `moodle_db`.`reportbuilder_schedule` because it could not be opened.
2026-07-19 17:09:05 0 [ERROR] InnoDB: Operating system error number 3 in a file operation.
2026-07-19 17:09:05 0 [ERROR] InnoDB: The error means the system cannot find the path specified.
2026-07-19 17:09:05 0 [ERROR] InnoDB: If you are installing InnoDB, remember that you must create directories yourself, InnoDB does not create them.
2026-07-19 17:09:05 0 [ERROR] InnoDB: Cannot open datafile for read-only: '.\moodle_db\reportbuilder_user_filter.ibd' OS error: 203
2026-07-19 17:09:05 0 [ERROR] InnoDB: Operating system error number 203 in a file operation.
2026-07-19 17:09:05 0 [Note] InnoDB: Some operating system error numbers are described at https://mariadb.com/kb/en/library/operating-system-error-codes/
2026-07-19 17:09:05 0 [ERROR] InnoDB: Could not find a valid tablespace file for ``moodle_db`.`reportbuilder_user_filter``. Please refer to https://mariadb.com/kb/en/innodb-data-dictionary-troubleshooting/ for how to resolve the issue.
2026-07-19 17:09:05 0 [Warning] InnoDB: Ignoring tablespace for `moodle_db`.`reportbuilder_user_filter` because it could not be opened.
2026-07-19 17:09:05 0 [ERROR] InnoDB: Operating system error number 3 in a file operation.
2026-07-19 17:09:05 0 [ERROR] InnoDB: The error means the system cannot find the path specified.
2026-07-19 17:09:05 0 [ERROR] InnoDB: If you are installing InnoDB, remember that you must create directories yourself, InnoDB does not create them.
2026-07-19 17:09:05 0 [ERROR] InnoDB: Cannot open datafile for read-only: '.\moodle_db\repository.ibd' OS error: 203
2026-07-19 17:09:05 0 [ERROR] InnoDB: Operating system error number 203 in a file operation.
2026-07-19 17:09:05 0 [Note] InnoDB: Some operating system error numbers are described at https://mariadb.com/kb/en/library/operating-system-error-codes/
2026-07-19 17:09:05 0 [ERROR] InnoDB: Could not find a valid tablespace file for ``moodle_db`.`repository``. Please refer to https://mariadb.com/kb/en/innodb-data-dictionary-troubleshooting/ for how to resolve the issue.
2026-07-19 17:09:05 0 [Warning] InnoDB: Ignoring tablespace for `moodle_db`.`repository` because it could not be opened.
2026-07-19 17:09:05 0 [ERROR] InnoDB: Operating system error number 3 in a file operation.
2026-07-19 17:09:05 0 [ERROR] InnoDB: The error means the system cannot find the path specified.
2026-07-19 17:09:05 0 [ERROR] InnoDB: If you are installing InnoDB, remember that you must create directories yourself, InnoDB does not create them.
2026-07-19 17:09:05 0 [ERROR] InnoDB: Cannot open datafile for read-only: '.\moodle_db\repository_instance_config.ibd' OS error: 203
2026-07-19 17:09:05 0 [ERROR] InnoDB: Operating system error number 203 in a file operation.
2026-07-19 17:09:05 0 [Note] InnoDB: Some operating system error numbers are described at https://mariadb.com/kb/en/library/operating-system-error-codes/
2026-07-19 17:09:05 0 [ERROR] InnoDB: Could not find a valid tablespace file for ``moodle_db`.`repository_instance_config``. Please refer to https://mariadb.com/kb/en/innodb-data-dictionary-troubleshooting/ for how to resolve the issue.
2026-07-19 17:09:05 0 [Warning] InnoDB: Ignoring tablespace for `moodle_db`.`repository_instance_config` because it could not be opened.
2026-07-19 17:09:05 0 [ERROR] InnoDB: Operating system error number 3 in a file operation.
2026-07-19 17:09:05 0 [ERROR] InnoDB: The error means the system cannot find the path specified.
2026-07-19 17:09:05 0 [ERROR] InnoDB: If you are installing InnoDB, remember that you must create directories yourself, InnoDB does not create them.
2026-07-19 17:09:05 0 [ERROR] InnoDB: Cannot open datafile for read-only: '.\moodle_db\repository_instances.ibd' OS error: 203
2026-07-19 17:09:05 0 [ERROR] InnoDB: Operating system error number 203 in a file operation.
2026-07-19 17:09:05 0 [Note] InnoDB: Some operating system error numbers are described at https://mariadb.com/kb/en/library/operating-system-error-codes/
2026-07-19 17:09:05 0 [ERROR] InnoDB: Could not find a valid tablespace file for ``moodle_db`.`repository_instances``. Please refer to https://mariadb.com/kb/en/innodb-data-dictionary-troubleshooting/ for how to resolve the issue.
2026-07-19 17:09:05 0 [Warning] InnoDB: Ignoring tablespace for `moodle_db`.`repository_instances` because it could not be opened.
2026-07-19 17:09:05 0 [ERROR] InnoDB: Operating system error number 3 in a file operation.
2026-07-19 17:09:05 0 [ERROR] InnoDB: The error means the system cannot find the path specified.
2026-07-19 17:09:05 0 [ERROR] InnoDB: If you are installing InnoDB, remember that you must create directories yourself, InnoDB does not create them.
2026-07-19 17:09:05 0 [ERROR] InnoDB: Cannot open datafile for read-only: '.\moodle_db\repository_onedrive_access.ibd' OS error: 203
2026-07-19 17:09:05 0 [ERROR] InnoDB: Operating system error number 203 in a file operation.
2026-07-19 17:09:05 0 [Note] InnoDB: Some operating system error numbers are described at https://mariadb.com/kb/en/library/operating-system-error-codes/
2026-07-19 17:09:05 0 [ERROR] InnoDB: Could not find a valid tablespace file for ``moodle_db`.`repository_onedrive_access``. Please refer to https://mariadb.com/kb/en/innodb-data-dictionary-troubleshooting/ for how to resolve the issue.
2026-07-19 17:09:05 0 [Warning] InnoDB: Ignoring tablespace for `moodle_db`.`repository_onedrive_access` because it could not be opened.
2026-07-19 17:09:05 0 [ERROR] InnoDB: Operating system error number 3 in a file operation.
2026-07-19 17:09:05 0 [ERROR] InnoDB: The error means the system cannot find the path specified.
2026-07-19 17:09:05 0 [ERROR] InnoDB: If you are installing InnoDB, remember that you must create directories yourself, InnoDB does not create them.
2026-07-19 17:09:05 0 [ERROR] InnoDB: Cannot open datafile for read-only: '.\moodle_db\resource.ibd' OS error: 203
2026-07-19 17:09:05 0 [ERROR] InnoDB: Operating system error number 203 in a file operation.
2026-07-19 17:09:05 0 [Note] InnoDB: Some operating system error numbers are described at https://mariadb.com/kb/en/library/operating-system-error-codes/
2026-07-19 17:09:05 0 [ERROR] InnoDB: Could not find a valid tablespace file for ``moodle_db`.`resource``. Please refer to https://mariadb.com/kb/en/innodb-data-dictionary-troubleshooting/ for how to resolve the issue.
2026-07-19 17:09:05 0 [Warning] InnoDB: Ignoring tablespace for `moodle_db`.`resource` because it could not be opened.
2026-07-19 17:09:05 0 [ERROR] InnoDB: Operating system error number 3 in a file operation.
2026-07-19 17:09:05 0 [ERROR] InnoDB: The error means the system cannot find the path specified.
2026-07-19 17:09:05 0 [ERROR] InnoDB: If you are installing InnoDB, remember that you must create directories yourself, InnoDB does not create them.
2026-07-19 17:09:05 0 [ERROR] InnoDB: Cannot open datafile for read-only: '.\moodle_db\resource_old.ibd' OS error: 203
2026-07-19 17:09:05 0 [ERROR] InnoDB: Operating system error number 203 in a file operation.
2026-07-19 17:09:05 0 [Note] InnoDB: Some operating system error numbers are described at https://mariadb.com/kb/en/library/operating-system-error-codes/
2026-07-19 17:09:05 0 [ERROR] InnoDB: Could not find a valid tablespace file for ``moodle_db`.`resource_old``. Please refer to https://mariadb.com/kb/en/innodb-data-dictionary-troubleshooting/ for how to resolve the issue.
2026-07-19 17:09:05 0 [Warning] InnoDB: Ignoring tablespace for `moodle_db`.`resource_old` because it could not be opened.
2026-07-19 17:09:05 0 [ERROR] InnoDB: Operating system error number 3 in a file operation.
2026-07-19 17:09:05 0 [ERROR] InnoDB: The error means the system cannot find the path specified.
2026-07-19 17:09:05 0 [ERROR] InnoDB: If you are installing InnoDB, remember that you must create directories yourself, InnoDB does not create them.
2026-07-19 17:09:05 0 [ERROR] InnoDB: Cannot open datafile for read-only: '.\moodle_db\role.ibd' OS error: 203
2026-07-19 17:09:05 0 [ERROR] InnoDB: Operating system error number 203 in a file operation.
2026-07-19 17:09:05 0 [Note] InnoDB: Some operating system error numbers are described at https://mariadb.com/kb/en/library/operating-system-error-codes/
2026-07-19 17:09:05 0 [ERROR] InnoDB: Could not find a valid tablespace file for ``moodle_db`.`role``. Please refer to https://mariadb.com/kb/en/innodb-data-dictionary-troubleshooting/ for how to resolve the issue.
2026-07-19 17:09:05 0 [Warning] InnoDB: Ignoring tablespace for `moodle_db`.`role` because it could not be opened.
2026-07-19 17:09:05 0 [ERROR] InnoDB: Operating system error number 3 in a file operation.
2026-07-19 17:09:05 0 [ERROR] InnoDB: The error means the system cannot find the path specified.
2026-07-19 17:09:05 0 [ERROR] InnoDB: If you are installing InnoDB, remember that you must create directories yourself, InnoDB does not create them.
2026-07-19 17:09:05 0 [ERROR] InnoDB: Cannot open datafile for read-only: '.\moodle_db\role_allow_assign.ibd' OS error: 203
2026-07-19 17:09:05 0 [ERROR] InnoDB: Operating system error number 203 in a file operation.
2026-07-19 17:09:05 0 [Note] InnoDB: Some operating system error numbers are described at https://mariadb.com/kb/en/library/operating-system-error-codes/
2026-07-19 17:09:05 0 [ERROR] InnoDB: Could not find a valid tablespace file for ``moodle_db`.`role_allow_assign``. Please refer to https://mariadb.com/kb/en/innodb-data-dictionary-troubleshooting/ for how to resolve the issue.
2026-07-19 17:09:05 0 [Warning] InnoDB: Ignoring tablespace for `moodle_db`.`role_allow_assign` because it could not be opened.
2026-07-19 17:09:05 0 [ERROR] InnoDB: Operating system error number 3 in a file operation.
2026-07-19 17:09:05 0 [ERROR] InnoDB: The error means the system cannot find the path specified.
2026-07-19 17:09:05 0 [ERROR] InnoDB: If you are installing InnoDB, remember that you must create directories yourself, InnoDB does not create them.
2026-07-19 17:09:05 0 [ERROR] InnoDB: Cannot open datafile for read-only: '.\moodle_db\role_allow_override.ibd' OS error: 203
2026-07-19 17:09:05 0 [ERROR] InnoDB: Operating system error number 203 in a file operation.
2026-07-19 17:09:05 0 [Note] InnoDB: Some operating system error numbers are described at https://mariadb.com/kb/en/library/operating-system-error-codes/
2026-07-19 17:09:05 0 [ERROR] InnoDB: Could not find a valid tablespace file for ``moodle_db`.`role_allow_override``. Please refer to https://mariadb.com/kb/en/innodb-data-dictionary-troubleshooting/ for how to resolve the issue.
2026-07-19 17:09:05 0 [Warning] InnoDB: Ignoring tablespace for `moodle_db`.`role_allow_override` because it could not be opened.
2026-07-19 17:09:05 0 [ERROR] InnoDB: Operating system error number 3 in a file operation.
2026-07-19 17:09:05 0 [ERROR] InnoDB: The error means the system cannot find the path specified.
2026-07-19 17:09:05 0 [ERROR] InnoDB: If you are installing InnoDB, remember that you must create directories yourself, InnoDB does not create them.
2026-07-19 17:09:05 0 [ERROR] InnoDB: Cannot open datafile for read-only: '.\moodle_db\role_allow_switch.ibd' OS error: 203
2026-07-19 17:09:05 0 [ERROR] InnoDB: Operating system error number 203 in a file operation.
2026-07-19 17:09:05 0 [Note] InnoDB: Some operating system error numbers are described at https://mariadb.com/kb/en/library/operating-system-error-codes/
2026-07-19 17:09:05 0 [ERROR] InnoDB: Could not find a valid tablespace file for ``moodle_db`.`role_allow_switch``. Please refer to https://mariadb.com/kb/en/innodb-data-dictionary-troubleshooting/ for how to resolve the issue.
2026-07-19 17:09:05 0 [Warning] InnoDB: Ignoring tablespace for `moodle_db`.`role_allow_switch` because it could not be opened.
2026-07-19 17:09:05 0 [ERROR] InnoDB: Operating system error number 3 in a file operation.
2026-07-19 17:09:05 0 [ERROR] InnoDB: The error means the system cannot find the path specified.
2026-07-19 17:09:05 0 [ERROR] InnoDB: If you are installing InnoDB, remember that you must create directories yourself, InnoDB does not create them.
2026-07-19 17:09:05 0 [ERROR] InnoDB: Cannot open datafile for read-only: '.\moodle_db\role_allow_view.ibd' OS error: 203
2026-07-19 17:09:05 0 [ERROR] InnoDB: Operating system error number 203 in a file operation.
2026-07-19 17:09:05 0 [Note] InnoDB: Some operating system error numbers are described at https://mariadb.com/kb/en/library/operating-system-error-codes/
2026-07-19 17:09:05 0 [ERROR] InnoDB: Could not find a valid tablespace file for ``moodle_db`.`role_allow_view``. Please refer to https://mariadb.com/kb/en/innodb-data-dictionary-troubleshooting/ for how to resolve the issue.
2026-07-19 17:09:05 0 [Warning] InnoDB: Ignoring tablespace for `moodle_db`.`role_allow_view` because it could not be opened.
2026-07-19 17:09:05 0 [ERROR] InnoDB: Operating system error number 3 in a file operation.
2026-07-19 17:09:05 0 [ERROR] InnoDB: The error means the system cannot find the path specified.
2026-07-19 17:09:05 0 [ERROR] InnoDB: If you are installing InnoDB, remember that you must create directories yourself, InnoDB does not create them.
2026-07-19 17:09:05 0 [ERROR] InnoDB: Cannot open datafile for read-only: '.\moodle_db\role_assignments.ibd' OS error: 203
2026-07-19 17:09:05 0 [ERROR] InnoDB: Operating system error number 203 in a file operation.
2026-07-19 17:09:05 0 [Note] InnoDB: Some operating system error numbers are described at https://mariadb.com/kb/en/library/operating-system-error-codes/
2026-07-19 17:09:05 0 [ERROR] InnoDB: Could not find a valid tablespace file for ``moodle_db`.`role_assignments``. Please refer to https://mariadb.com/kb/en/innodb-data-dictionary-troubleshooting/ for how to resolve the issue.
2026-07-19 17:09:05 0 [Warning] InnoDB: Ignoring tablespace for `moodle_db`.`role_assignments` because it could not be opened.
2026-07-19 17:09:05 0 [ERROR] InnoDB: Operating system error number 3 in a file operation.
2026-07-19 17:09:05 0 [ERROR] InnoDB: The error means the system cannot find the path specified.
2026-07-19 17:09:05 0 [ERROR] InnoDB: If you are installing InnoDB, remember that you must create directories yourself, InnoDB does not create them.
2026-07-19 17:09:05 0 [ERROR] InnoDB: Cannot open datafile for read-only: '.\moodle_db\role_capabilities.ibd' OS error: 203
2026-07-19 17:09:05 0 [ERROR] InnoDB: Operating system error number 203 in a file operation.
2026-07-19 17:09:05 0 [Note] InnoDB: Some operating system error numbers are described at https://mariadb.com/kb/en/library/operating-system-error-codes/
2026-07-19 17:09:05 0 [ERROR] InnoDB: Could not find a valid tablespace file for ``moodle_db`.`role_capabilities``. Please refer to https://mariadb.com/kb/en/innodb-data-dictionary-troubleshooting/ for how to resolve the issue.
2026-07-19 17:09:05 0 [Warning] InnoDB: Ignoring tablespace for `moodle_db`.`role_capabilities` because it could not be opened.
2026-07-19 17:09:05 0 [ERROR] InnoDB: Operating system error number 3 in a file operation.
2026-07-19 17:09:05 0 [ERROR] InnoDB: The error means the system cannot find the path specified.
2026-07-19 17:09:05 0 [ERROR] InnoDB: If you are installing InnoDB, remember that you must create directories yourself, InnoDB does not create them.
2026-07-19 17:09:05 0 [ERROR] InnoDB: Cannot open datafile for read-only: '.\moodle_db\role_context_levels.ibd' OS error: 203
2026-07-19 17:09:05 0 [ERROR] InnoDB: Operating system error number 203 in a file operation.
2026-07-19 17:09:05 0 [Note] InnoDB: Some operating system error numbers are described at https://mariadb.com/kb/en/library/operating-system-error-codes/
2026-07-19 17:09:05 0 [ERROR] InnoDB: Could not find a valid tablespace file for ``moodle_db`.`role_context_levels``. Please refer to https://mariadb.com/kb/en/innodb-data-dictionary-troubleshooting/ for how to resolve the issue.
2026-07-19 17:09:05 0 [Warning] InnoDB: Ignoring tablespace for `moodle_db`.`role_context_levels` because it could not be opened.
2026-07-19 17:09:05 0 [ERROR] InnoDB: Operating system error number 3 in a file operation.
2026-07-19 17:09:05 0 [ERROR] InnoDB: The error means the system cannot find the path specified.
2026-07-19 17:09:05 0 [ERROR] InnoDB: If you are installing InnoDB, remember that you must create directories yourself, InnoDB does not create them.
2026-07-19 17:09:05 0 [ERROR] InnoDB: Cannot open datafile for read-only: '.\moodle_db\role_has_permissions.ibd' OS error: 203
2026-07-19 17:09:05 0 [ERROR] InnoDB: Operating system error number 203 in a file operation.
2026-07-19 17:09:05 0 [Note] InnoDB: Some operating system error numbers are described at https://mariadb.com/kb/en/library/operating-system-error-codes/
2026-07-19 17:09:05 0 [ERROR] InnoDB: Could not find a valid tablespace file for ``moodle_db`.`role_has_permissions``. Please refer to https://mariadb.com/kb/en/innodb-data-dictionary-troubleshooting/ for how to resolve the issue.
2026-07-19 17:09:05 0 [Warning] InnoDB: Ignoring tablespace for `moodle_db`.`role_has_permissions` because it could not be opened.
2026-07-19 17:09:05 0 [ERROR] InnoDB: Operating system error number 3 in a file operation.
2026-07-19 17:09:05 0 [ERROR] InnoDB: The error means the system cannot find the path specified.
2026-07-19 17:09:05 0 [ERROR] InnoDB: If you are installing InnoDB, remember that you must create directories yourself, InnoDB does not create them.
2026-07-19 17:09:05 0 [ERROR] InnoDB: Cannot open datafile for read-only: '.\moodle_db\role_names.ibd' OS error: 203
2026-07-19 17:09:05 0 [ERROR] InnoDB: Operating system error number 203 in a file operation.
2026-07-19 17:09:05 0 [Note] InnoDB: Some operating system error numbers are described at https://mariadb.com/kb/en/library/operating-system-error-codes/
2026-07-19 17:09:05 0 [ERROR] InnoDB: Could not find a valid tablespace file for ``moodle_db`.`role_names``. Please refer to https://mariadb.com/kb/en/innodb-data-dictionary-troubleshooting/ for how to resolve the issue.
2026-07-19 17:09:05 0 [Warning] InnoDB: Ignoring tablespace for `moodle_db`.`role_names` because it could not be opened.
2026-07-19 17:09:05 0 [ERROR] InnoDB: Operating system error number 3 in a file operation.
2026-07-19 17:09:05 0 [ERROR] InnoDB: The error means the system cannot find the path specified.
2026-07-19 17:09:05 0 [ERROR] InnoDB: If you are installing InnoDB, remember that you must create directories yourself, InnoDB does not create them.
2026-07-19 17:09:05 0 [ERROR] InnoDB: Cannot open datafile for read-only: '.\moodle_db\roles.ibd' OS error: 203
2026-07-19 17:09:05 0 [ERROR] InnoDB: Operating system error number 203 in a file operation.
2026-07-19 17:09:05 0 [Note] InnoDB: Some operating system error numbers are described at https://mariadb.com/kb/en/library/operating-system-error-codes/
2026-07-19 17:09:05 0 [ERROR] InnoDB: Could not find a valid tablespace file for ``moodle_db`.`roles``. Please refer to https://mariadb.com/kb/en/innodb-data-dictionary-troubleshooting/ for how to resolve the issue.
2026-07-19 17:09:05 0 [Warning] InnoDB: Ignoring tablespace for `moodle_db`.`roles` because it could not be opened.
2026-07-19 17:09:05 0 [ERROR] InnoDB: Operating system error number 3 in a file operation.
2026-07-19 17:09:05 0 [ERROR] InnoDB: The error means the system cannot find the path specified.
2026-07-19 17:09:05 0 [ERROR] InnoDB: If you are installing InnoDB, remember that you must create directories yourself, InnoDB does not create them.
2026-07-19 17:09:05 0 [ERROR] InnoDB: Cannot open datafile for read-only: '.\moodle_db\scale.ibd' OS error: 203
2026-07-19 17:09:05 0 [ERROR] InnoDB: Operating system error number 203 in a file operation.
2026-07-19 17:09:05 0 [Note] InnoDB: Some operating system error numbers are described at https://mariadb.com/kb/en/library/operating-system-error-codes/
2026-07-19 17:09:05 0 [ERROR] InnoDB: Could not find a valid tablespace file for ``moodle_db`.`scale``. Please refer to https://mariadb.com/kb/en/innodb-data-dictionary-troubleshooting/ for how to resolve the issue.
2026-07-19 17:09:05 0 [Warning] InnoDB: Ignoring tablespace for `moodle_db`.`scale` because it could not be opened.
2026-07-19 17:09:05 0 [ERROR] InnoDB: Operating system error number 3 in a file operation.
2026-07-19 17:09:05 0 [ERROR] InnoDB: The error means the system cannot find the path specified.
2026-07-19 17:09:05 0 [ERROR] InnoDB: If you are installing InnoDB, remember that you must create directories yourself, InnoDB does not create them.
2026-07-19 17:09:05 0 [ERROR] InnoDB: Cannot open datafile for read-only: '.\moodle_db\scale_history.ibd' OS error: 203
2026-07-19 17:09:05 0 [ERROR] InnoDB: Operating system error number 203 in a file operation.
2026-07-19 17:09:05 0 [Note] InnoDB: Some operating system error numbers are described at https://mariadb.com/kb/en/library/operating-system-error-codes/
2026-07-19 17:09:05 0 [ERROR] InnoDB: Could not find a valid tablespace file for ``moodle_db`.`scale_history``. Please refer to https://mariadb.com/kb/en/innodb-data-dictionary-troubleshooting/ for how to resolve the issue.
2026-07-19 17:09:05 0 [Warning] InnoDB: Ignoring tablespace for `moodle_db`.`scale_history` because it could not be opened.
2026-07-19 17:09:05 0 [ERROR] InnoDB: Operating system error number 3 in a file operation.
2026-07-19 17:09:05 0 [ERROR] InnoDB: The error means the system cannot find the path specified.
2026-07-19 17:09:05 0 [ERROR] InnoDB: If you are installing InnoDB, remember that you must create directories yourself, InnoDB does not create them.
2026-07-19 17:09:05 0 [ERROR] InnoDB: Cannot open datafile for read-only: '.\moodle_db\schoolinfos.ibd' OS error: 203
2026-07-19 17:09:05 0 [ERROR] InnoDB: Operating system error number 203 in a file operation.
2026-07-19 17:09:05 0 [Note] InnoDB: Some operating system error numbers are described at https://mariadb.com/kb/en/library/operating-system-error-codes/
2026-07-19 17:09:05 0 [ERROR] InnoDB: Could not find a valid tablespace file for ``moodle_db`.`schoolinfos``. Please refer to https://mariadb.com/kb/en/innodb-data-dictionary-troubleshooting/ for how to resolve the issue.
2026-07-19 17:09:05 0 [Warning] InnoDB: Ignoring tablespace for `moodle_db`.`schoolinfos` because it could not be opened.
2026-07-19 17:09:05 0 [ERROR] InnoDB: Operating system error number 3 in a file operation.
2026-07-19 17:09:05 0 [ERROR] InnoDB: The error means the system cannot find the path specified.
2026-07-19 17:09:05 0 [ERROR] InnoDB: If you are installing InnoDB, remember that you must create directories yourself, InnoDB does not create them.
2026-07-19 17:09:05 0 [ERROR] InnoDB: Cannot open datafile for read-only: '.\moodle_db\schools.ibd' OS error: 203
2026-07-19 17:09:05 0 [ERROR] InnoDB: Operating system error number 203 in a file operation.
2026-07-19 17:09:05 0 [Note] InnoDB: Some operating system error numbers are described at https://mariadb.com/kb/en/library/operating-system-error-codes/
2026-07-19 17:09:05 0 [ERROR] InnoDB: Could not find a valid tablespace file for ``moodle_db`.`schools``. Please refer to https://mariadb.com/kb/en/innodb-data-dictionary-troubleshooting/ for how to resolve the issue.
2026-07-19 17:09:05 0 [Warning] InnoDB: Ignoring tablespace for `moodle_db`.`schools` because it could not be opened.
2026-07-19 17:09:05 0 [ERROR] InnoDB: Operating system error number 3 in a file operation.
2026-07-19 17:09:05 0 [ERROR] InnoDB: The error means the system cannot find the path specified.
2026-07-19 17:09:05 0 [ERROR] InnoDB: If you are installing InnoDB, remember that you must create directories yourself, InnoDB does not create them.
2026-07-19 17:09:05 0 [ERROR] InnoDB: Cannot open datafile for read-only: '.\moodle_db\scorm.ibd' OS error: 203
2026-07-19 17:09:05 0 [ERROR] InnoDB: Operating system error number 203 in a file operation.
2026-07-19 17:09:05 0 [Note] InnoDB: Some operating system error numbers are described at https://mariadb.com/kb/en/library/operating-system-error-codes/
2026-07-19 17:09:05 0 [ERROR] InnoDB: Could not find a valid tablespace file for ``moodle_db`.`scorm``. Please refer to https://mariadb.com/kb/en/innodb-data-dictionary-troubleshooting/ for how to resolve the issue.
2026-07-19 17:09:05 0 [Warning] InnoDB: Ignoring tablespace for `moodle_db`.`scorm` because it could not be opened.
2026-07-19 17:09:05 0 [ERROR] InnoDB: Operating system error number 3 in a file operation.
2026-07-19 17:09:05 0 [ERROR] InnoDB: The error means the system cannot find the path specified.
2026-07-19 17:09:05 0 [ERROR] InnoDB: If you are installing InnoDB, remember that you must create directories yourself, InnoDB does not create them.
2026-07-19 17:09:05 0 [ERROR] InnoDB: Cannot open datafile for read-only: '.\moodle_db\scorm_aicc_session.ibd' OS error: 203
2026-07-19 17:09:05 0 [ERROR] InnoDB: Operating system error number 203 in a file operation.
2026-07-19 17:09:05 0 [Note] InnoDB: Some operating system error numbers are described at https://mariadb.com/kb/en/library/operating-system-error-codes/
2026-07-19 17:09:05 0 [ERROR] InnoDB: Could not find a valid tablespace file for ``moodle_db`.`scorm_aicc_session``. Please refer to https://mariadb.com/kb/en/innodb-data-dictionary-troubleshooting/ for how to resolve the issue.
2026-07-19 17:09:05 0 [Warning] InnoDB: Ignoring tablespace for `moodle_db`.`scorm_aicc_session` because it could not be opened.
2026-07-19 17:09:05 0 [ERROR] InnoDB: Operating system error number 3 in a file operation.
2026-07-19 17:09:05 0 [ERROR] InnoDB: The error means the system cannot find the path specified.
2026-07-19 17:09:05 0 [ERROR] InnoDB: If you are installing InnoDB, remember that you must create directories yourself, InnoDB does not create them.
2026-07-19 17:09:05 0 [ERROR] InnoDB: Cannot open datafile for read-only: '.\moodle_db\scorm_attempt.ibd' OS error: 203
2026-07-19 17:09:05 0 [ERROR] InnoDB: Operating system error number 203 in a file operation.
2026-07-19 17:09:05 0 [Note] InnoDB: Some operating system error numbers are described at https://mariadb.com/kb/en/library/operating-system-error-codes/
2026-07-19 17:09:05 0 [ERROR] InnoDB: Could not find a valid tablespace file for ``moodle_db`.`scorm_attempt``. Please refer to https://mariadb.com/kb/en/innodb-data-dictionary-troubleshooting/ for how to resolve the issue.
2026-07-19 17:09:05 0 [Warning] InnoDB: Ignoring tablespace for `moodle_db`.`scorm_attempt` because it could not be opened.
2026-07-19 17:09:05 0 [ERROR] InnoDB: Operating system error number 3 in a file operation.
2026-07-19 17:09:05 0 [ERROR] InnoDB: The error means the system cannot find the path specified.
2026-07-19 17:09:05 0 [ERROR] InnoDB: If you are installing InnoDB, remember that you must create directories yourself, InnoDB does not create them.
2026-07-19 17:09:05 0 [ERROR] InnoDB: Cannot open datafile for read-only: '.\moodle_db\scorm_element.ibd' OS error: 203
2026-07-19 17:09:05 0 [ERROR] InnoDB: Operating system error number 203 in a file operation.
2026-07-19 17:09:05 0 [Note] InnoDB: Some operating system error numbers are described at https://mariadb.com/kb/en/library/operating-system-error-codes/
2026-07-19 17:09:05 0 [ERROR] InnoDB: Could not find a valid tablespace file for ``moodle_db`.`scorm_element``. Please refer to https://mariadb.com/kb/en/innodb-data-dictionary-troubleshooting/ for how to resolve the issue.
2026-07-19 17:09:05 0 [Warning] InnoDB: Ignoring tablespace for `moodle_db`.`scorm_element` because it could not be opened.
2026-07-19 17:09:05 0 [ERROR] InnoDB: Operating system error number 3 in a file operation.
2026-07-19 17:09:05 0 [ERROR] InnoDB: The error means the system cannot find the path specified.
2026-07-19 17:09:05 0 [ERROR] InnoDB: If you are installing InnoDB, remember that you must create directories yourself, InnoDB does not create them.
2026-07-19 17:09:05 0 [ERROR] InnoDB: Cannot open datafile for read-only: '.\moodle_db\scorm_scoes.ibd' OS error: 203
2026-07-19 17:09:05 0 [ERROR] InnoDB: Operating system error number 203 in a file operation.
2026-07-19 17:09:05 0 [Note] InnoDB: Some operating system error numbers are described at https://mariadb.com/kb/en/library/operating-system-error-codes/
2026-07-19 17:09:05 0 [ERROR] InnoDB: Could not find a valid tablespace file for ``moodle_db`.`scorm_scoes``. Please refer to https://mariadb.com/kb/en/innodb-data-dictionary-troubleshooting/ for how to resolve the issue.
2026-07-19 17:09:05 0 [Warning] InnoDB: Ignoring tablespace for `moodle_db`.`scorm_scoes` because it could not be opened.
2026-07-19 17:09:05 0 [ERROR] InnoDB: Operating system error number 3 in a file operation.
2026-07-19 17:09:05 0 [ERROR] InnoDB: The error means the system cannot find the path specified.
2026-07-19 17:09:05 0 [ERROR] InnoDB: If you are installing InnoDB, remember that you must create directories yourself, InnoDB does not create them.
2026-07-19 17:09:05 0 [ERROR] InnoDB: Cannot open datafile for read-only: '.\moodle_db\scorm_scoes_data.ibd' OS error: 203
2026-07-19 17:09:05 0 [ERROR] InnoDB: Operating system error number 203 in a file operation.
2026-07-19 17:09:05 0 [Note] InnoDB: Some operating system error numbers are described at https://mariadb.com/kb/en/library/operating-system-error-codes/
2026-07-19 17:09:05 0 [ERROR] InnoDB: Could not find a valid tablespace file for ``moodle_db`.`scorm_scoes_data``. Please refer to https://mariadb.com/kb/en/innodb-data-dictionary-troubleshooting/ for how to resolve the issue.
2026-07-19 17:09:05 0 [Warning] InnoDB: Ignoring tablespace for `moodle_db`.`scorm_scoes_data` because it could not be opened.
2026-07-19 17:09:05 0 [ERROR] InnoDB: Operating system error number 3 in a file operation.
2026-07-19 17:09:05 0 [ERROR] InnoDB: The error means the system cannot find the path specified.
2026-07-19 17:09:05 0 [ERROR] InnoDB: If you are installing InnoDB, remember that you must create directories yourself, InnoDB does not create them.
2026-07-19 17:09:05 0 [ERROR] InnoDB: Cannot open datafile for read-only: '.\moodle_db\scorm_scoes_value.ibd' OS error: 203
2026-07-19 17:09:05 0 [ERROR] InnoDB: Operating system error number 203 in a file operation.
2026-07-19 17:09:05 0 [Note] InnoDB: Some operating system error numbers are described at https://mariadb.com/kb/en/library/operating-system-error-codes/
2026-07-19 17:09:05 0 [ERROR] InnoDB: Could not find a valid tablespace file for ``moodle_db`.`scorm_scoes_value``. Please refer to https://mariadb.com/kb/en/innodb-data-dictionary-troubleshooting/ for how to resolve the issue.
2026-07-19 17:09:05 0 [Warning] InnoDB: Ignoring tablespace for `moodle_db`.`scorm_scoes_value` because it could not be opened.
2026-07-19 17:09:05 0 [ERROR] InnoDB: Operating system error number 3 in a file operation.
2026-07-19 17:09:05 0 [ERROR] InnoDB: The error means the system cannot find the path specified.
2026-07-19 17:09:05 0 [ERROR] InnoDB: If you are installing InnoDB, remember that you must create directories yourself, InnoDB does not create them.
2026-07-19 17:09:05 0 [ERROR] InnoDB: Cannot open datafile for read-only: '.\moodle_db\scorm_seq_mapinfo.ibd' OS error: 203
2026-07-19 17:09:05 0 [ERROR] InnoDB: Operating system error number 203 in a file operation.
2026-07-19 17:09:05 0 [Note] InnoDB: Some operating system error numbers are described at https://mariadb.com/kb/en/library/operating-system-error-codes/
2026-07-19 17:09:05 0 [ERROR] InnoDB: Could not find a valid tablespace file for ``moodle_db`.`scorm_seq_mapinfo``. Please refer to https://mariadb.com/kb/en/innodb-data-dictionary-troubleshooting/ for how to resolve the issue.
2026-07-19 17:09:05 0 [Warning] InnoDB: Ignoring tablespace for `moodle_db`.`scorm_seq_mapinfo` because it could not be opened.
2026-07-19 17:09:05 0 [ERROR] InnoDB: Operating system error number 3 in a file operation.
2026-07-19 17:09:05 0 [ERROR] InnoDB: The error means the system cannot find the path specified.
2026-07-19 17:09:05 0 [ERROR] InnoDB: If you are installing InnoDB, remember that you must create directories yourself, InnoDB does not create them.
2026-07-19 17:09:05 0 [ERROR] InnoDB: Cannot open datafile for read-only: '.\moodle_db\scorm_seq_objective.ibd' OS error: 203
2026-07-19 17:09:05 0 [ERROR] InnoDB: Operating system error number 203 in a file operation.
2026-07-19 17:09:05 0 [Note] InnoDB: Some operating system error numbers are described at https://mariadb.com/kb/en/library/operating-system-error-codes/
2026-07-19 17:09:05 0 [ERROR] InnoDB: Could not find a valid tablespace file for ``moodle_db`.`scorm_seq_objective``. Please refer to https://mariadb.com/kb/en/innodb-data-dictionary-troubleshooting/ for how to resolve the issue.
2026-07-19 17:09:05 0 [Warning] InnoDB: Ignoring tablespace for `moodle_db`.`scorm_seq_objective` because it could not be opened.
2026-07-19 17:09:05 0 [ERROR] InnoDB: Operating system error number 3 in a file operation.
2026-07-19 17:09:05 0 [ERROR] InnoDB: The error means the system cannot find the path specified.
2026-07-19 17:09:05 0 [ERROR] InnoDB: If you are installing InnoDB, remember that you must create directories yourself, InnoDB does not create them.
2026-07-19 17:09:05 0 [ERROR] InnoDB: Cannot open datafile for read-only: '.\moodle_db\scorm_seq_rolluprule.ibd' OS error: 203
2026-07-19 17:09:05 0 [ERROR] InnoDB: Operating system error number 203 in a file operation.
2026-07-19 17:09:05 0 [Note] InnoDB: Some operating system error numbers are described at https://mariadb.com/kb/en/library/operating-system-error-codes/
2026-07-19 17:09:05 0 [ERROR] InnoDB: Could not find a valid tablespace file for ``moodle_db`.`scorm_seq_rolluprule``. Please refer to https://mariadb.com/kb/en/innodb-data-dictionary-troubleshooting/ for how to resolve the issue.
2026-07-19 17:09:05 0 [Warning] InnoDB: Ignoring tablespace for `moodle_db`.`scorm_seq_rolluprule` because it could not be opened.
2026-07-19 17:09:05 0 [ERROR] InnoDB: Operating system error number 3 in a file operation.
2026-07-19 17:09:05 0 [ERROR] InnoDB: The error means the system cannot find the path specified.
2026-07-19 17:09:05 0 [ERROR] InnoDB: If you are installing InnoDB, remember that you must create directories yourself, InnoDB does not create them.
2026-07-19 17:09:05 0 [ERROR] InnoDB: Cannot open datafile for read-only: '.\moodle_db\scorm_seq_rolluprulecond.ibd' OS error: 203
2026-07-19 17:09:05 0 [ERROR] InnoDB: Operating system error number 203 in a file operation.
2026-07-19 17:09:05 0 [Note] InnoDB: Some operating system error numbers are described at https://mariadb.com/kb/en/library/operating-system-error-codes/
2026-07-19 17:09:05 0 [ERROR] InnoDB: Could not find a valid tablespace file for ``moodle_db`.`scorm_seq_rolluprulecond``. Please refer to https://mariadb.com/kb/en/innodb-data-dictionary-troubleshooting/ for how to resolve the issue.
2026-07-19 17:09:05 0 [Warning] InnoDB: Ignoring tablespace for `moodle_db`.`scorm_seq_rolluprulecond` because it could not be opened.
2026-07-19 17:09:05 0 [ERROR] InnoDB: Operating system error number 3 in a file operation.
2026-07-19 17:09:05 0 [ERROR] InnoDB: The error means the system cannot find the path specified.
2026-07-19 17:09:05 0 [ERROR] InnoDB: If you are installing InnoDB, remember that you must create directories yourself, InnoDB does not create them.
2026-07-19 17:09:05 0 [ERROR] InnoDB: Cannot open datafile for read-only: '.\moodle_db\scorm_seq_rulecond.ibd' OS error: 203
2026-07-19 17:09:05 0 [ERROR] InnoDB: Operating system error number 203 in a file operation.
2026-07-19 17:09:05 0 [Note] InnoDB: Some operating system error numbers are described at https://mariadb.com/kb/en/library/operating-system-error-codes/
2026-07-19 17:09:05 0 [ERROR] InnoDB: Could not find a valid tablespace file for ``moodle_db`.`scorm_seq_rulecond``. Please refer to https://mariadb.com/kb/en/innodb-data-dictionary-troubleshooting/ for how to resolve the issue.
2026-07-19 17:09:05 0 [Warning] InnoDB: Ignoring tablespace for `moodle_db`.`scorm_seq_rulecond` because it could not be opened.
2026-07-19 17:09:05 0 [ERROR] InnoDB: Operating system error number 3 in a file operation.
2026-07-19 17:09:05 0 [ERROR] InnoDB: The error means the system cannot find the path specified.
2026-07-19 17:09:05 0 [ERROR] InnoDB: If you are installing InnoDB, remember that you must create directories yourself, InnoDB does not create them.
2026-07-19 17:09:05 0 [ERROR] InnoDB: Cannot open datafile for read-only: '.\moodle_db\scorm_seq_ruleconds.ibd' OS error: 203
2026-07-19 17:09:05 0 [ERROR] InnoDB: Operating system error number 203 in a file operation.
2026-07-19 17:09:05 0 [Note] InnoDB: Some operating system error numbers are described at https://mariadb.com/kb/en/library/operating-system-error-codes/
2026-07-19 17:09:05 0 [ERROR] InnoDB: Could not find a valid tablespace file for ``moodle_db`.`scorm_seq_ruleconds``. Please refer to https://mariadb.com/kb/en/innodb-data-dictionary-troubleshooting/ for how to resolve the issue.
2026-07-19 17:09:05 0 [Warning] InnoDB: Ignoring tablespace for `moodle_db`.`scorm_seq_ruleconds` because it could not be opened.
2026-07-19 17:09:05 0 [ERROR] InnoDB: Operating system error number 3 in a file operation.
2026-07-19 17:09:05 0 [ERROR] InnoDB: The error means the system cannot find the path specified.
2026-07-19 17:09:05 0 [ERROR] InnoDB: If you are installing InnoDB, remember that you must create directories yourself, InnoDB does not create them.
2026-07-19 17:09:05 0 [ERROR] InnoDB: Cannot open datafile for read-only: '.\moodle_db\search_index_requests.ibd' OS error: 203
2026-07-19 17:09:05 0 [ERROR] InnoDB: Operating system error number 203 in a file operation.
2026-07-19 17:09:05 0 [Note] InnoDB: Some operating system error numbers are described at https://mariadb.com/kb/en/library/operating-system-error-codes/
2026-07-19 17:09:05 0 [ERROR] InnoDB: Could not find a valid tablespace file for ``moodle_db`.`search_index_requests``. Please refer to https://mariadb.com/kb/en/innodb-data-dictionary-troubleshooting/ for how to resolve the issue.
2026-07-19 17:09:05 0 [Warning] InnoDB: Ignoring tablespace for `moodle_db`.`search_index_requests` because it could not be opened.
2026-07-19 17:09:05 0 [ERROR] InnoDB: Operating system error number 3 in a file operation.
2026-07-19 17:09:05 0 [ERROR] InnoDB: The error means the system cannot find the path specified.
2026-07-19 17:09:05 0 [ERROR] InnoDB: If you are installing InnoDB, remember that you must create directories yourself, InnoDB does not create them.
2026-07-19 17:09:05 0 [ERROR] InnoDB: Cannot open datafile for read-only: '.\moodle_db\search_simpledb_index.ibd' OS error: 203
2026-07-19 17:09:05 0 [ERROR] InnoDB: Operating system error number 203 in a file operation.
2026-07-19 17:09:05 0 [Note] InnoDB: Some operating system error numbers are described at https://mariadb.com/kb/en/library/operating-system-error-codes/
2026-07-19 17:09:05 0 [ERROR] InnoDB: Could not find a valid tablespace file for ``moodle_db`.`search_simpledb_index``. Please refer to https://mariadb.com/kb/en/innodb-data-dictionary-troubleshooting/ for how to resolve the issue.
2026-07-19 17:09:05 0 [Warning] InnoDB: Ignoring tablespace for `moodle_db`.`search_simpledb_index` because it could not be opened.
2026-07-19 17:09:05 0 [ERROR] InnoDB: Operating system error number 3 in a file operation.
2026-07-19 17:09:05 0 [ERROR] InnoDB: The error means the system cannot find the path specified.
2026-07-19 17:09:05 0 [ERROR] InnoDB: If you are installing InnoDB, remember that you must create directories yourself, InnoDB does not create them.
2026-07-19 17:09:05 0 [ERROR] InnoDB: Cannot open datafile for read-only: '.\moodle_db\sessions.ibd' OS error: 203
2026-07-19 17:09:05 0 [ERROR] InnoDB: Operating system error number 203 in a file operation.
2026-07-19 17:09:05 0 [Note] InnoDB: Some operating system error numbers are described at https://mariadb.com/kb/en/library/operating-system-error-codes/
2026-07-19 17:09:05 0 [ERROR] InnoDB: Could not find a valid tablespace file for ``moodle_db`.`sessions``. Please refer to https://mariadb.com/kb/en/innodb-data-dictionary-troubleshooting/ for how to resolve the issue.
2026-07-19 17:09:05 0 [Warning] InnoDB: Ignoring tablespace for `moodle_db`.`sessions` because it could not be opened.
2026-07-19 17:09:05 0 [ERROR] InnoDB: Operating system error number 3 in a file operation.
2026-07-19 17:09:05 0 [ERROR] InnoDB: The error means the system cannot find the path specified.
2026-07-19 17:09:05 0 [ERROR] InnoDB: If you are installing InnoDB, remember that you must create directories yourself, InnoDB does not create them.
2026-07-19 17:09:05 0 [ERROR] InnoDB: Cannot open datafile for read-only: '.\moodle_db\shortlink.ibd' OS error: 203
2026-07-19 17:09:05 0 [ERROR] InnoDB: Operating system error number 203 in a file operation.
2026-07-19 17:09:05 0 [Note] InnoDB: Some operating system error numbers are described at https://mariadb.com/kb/en/library/operating-system-error-codes/
2026-07-19 17:09:05 0 [ERROR] InnoDB: Could not find a valid tablespace file for ``moodle_db`.`shortlink``. Please refer to https://mariadb.com/kb/en/innodb-data-dictionary-troubleshooting/ for how to resolve the issue.
2026-07-19 17:09:05 0 [Warning] InnoDB: Ignoring tablespace for `moodle_db`.`shortlink` because it could not be opened.
2026-07-19 17:09:05 0 [ERROR] InnoDB: Operating system error number 3 in a file operation.
2026-07-19 17:09:05 0 [ERROR] InnoDB: The error means the system cannot find the path specified.
2026-07-19 17:09:05 0 [ERROR] InnoDB: If you are installing InnoDB, remember that you must create directories yourself, InnoDB does not create them.
2026-07-19 17:09:05 0 [ERROR] InnoDB: Cannot open datafile for read-only: '.\moodle_db\sms_gateways.ibd' OS error: 203
2026-07-19 17:09:05 0 [ERROR] InnoDB: Operating system error number 203 in a file operation.
2026-07-19 17:09:05 0 [Note] InnoDB: Some operating system error numbers are described at https://mariadb.com/kb/en/library/operating-system-error-codes/
2026-07-19 17:09:05 0 [ERROR] InnoDB: Could not find a valid tablespace file for ``moodle_db`.`sms_gateways``. Please refer to https://mariadb.com/kb/en/innodb-data-dictionary-troubleshooting/ for how to resolve the issue.
2026-07-19 17:09:05 0 [Warning] InnoDB: Ignoring tablespace for `moodle_db`.`sms_gateways` because it could not be opened.
2026-07-19 17:09:05 0 [ERROR] InnoDB: Operating system error number 3 in a file operation.
2026-07-19 17:09:05 0 [ERROR] InnoDB: The error means the system cannot find the path specified.
2026-07-19 17:09:05 0 [ERROR] InnoDB: If you are installing InnoDB, remember that you must create directories yourself, InnoDB does not create them.
2026-07-19 17:09:05 0 [ERROR] InnoDB: Cannot open datafile for read-only: '.\moodle_db\sms_messages.ibd' OS error: 203
2026-07-19 17:09:05 0 [ERROR] InnoDB: Operating system error number 203 in a file operation.
2026-07-19 17:09:05 0 [Note] InnoDB: Some operating system error numbers are described at https://mariadb.com/kb/en/library/operating-system-error-codes/
2026-07-19 17:09:05 0 [ERROR] InnoDB: Could not find a valid tablespace file for ``moodle_db`.`sms_messages``. Please refer to https://mariadb.com/kb/en/innodb-data-dictionary-troubleshooting/ for how to resolve the issue.
2026-07-19 17:09:05 0 [Warning] InnoDB: Ignoring tablespace for `moodle_db`.`sms_messages` because it could not be opened.
2026-07-19 17:09:05 0 [ERROR] InnoDB: Operating system error number 3 in a file operation.
2026-07-19 17:09:05 0 [ERROR] InnoDB: The error means the system cannot find the path specified.
2026-07-19 17:09:05 0 [ERROR] InnoDB: If you are installing InnoDB, remember that you must create directories yourself, InnoDB does not create them.
2026-07-19 17:09:05 0 [ERROR] InnoDB: Cannot open datafile for read-only: '.\moodle_db\sponsors.ibd' OS error: 203
2026-07-19 17:09:05 0 [ERROR] InnoDB: Operating system error number 203 in a file operation.
2026-07-19 17:09:05 0 [Note] InnoDB: Some operating system error numbers are described at https://mariadb.com/kb/en/library/operating-system-error-codes/
2026-07-19 17:09:05 0 [ERROR] InnoDB: Could not find a valid tablespace file for ``moodle_db`.`sponsors``. Please refer to https://mariadb.com/kb/en/innodb-data-dictionary-troubleshooting/ for how to resolve the issue.
2026-07-19 17:09:05 0 [Warning] InnoDB: Ignoring tablespace for `moodle_db`.`sponsors` because it could not be opened.
2026-07-19 17:09:05 0 [ERROR] InnoDB: Operating system error number 3 in a file operation.
2026-07-19 17:09:05 0 [ERROR] InnoDB: The error means the system cannot find the path specified.
2026-07-19 17:09:05 0 [ERROR] InnoDB: If you are installing InnoDB, remember that you must create directories yourself, InnoDB does not create them.
2026-07-19 17:09:05 0 [ERROR] InnoDB: Cannot open datafile for read-only: '.\moodle_db\states.ibd' OS error: 203
2026-07-19 17:09:05 0 [ERROR] InnoDB: Operating system error number 203 in a file operation.
2026-07-19 17:09:05 0 [Note] InnoDB: Some operating system error numbers are described at https://mariadb.com/kb/en/library/operating-system-error-codes/
2026-07-19 17:09:05 0 [ERROR] InnoDB: Could not find a valid tablespace file for ``moodle_db`.`states``. Please refer to https://mariadb.com/kb/en/innodb-data-dictionary-troubleshooting/ for how to resolve the issue.
2026-07-19 17:09:05 0 [Warning] InnoDB: Ignoring tablespace for `moodle_db`.`states` because it could not be opened.
2026-07-19 17:09:05 0 [ERROR] InnoDB: Operating system error number 3 in a file operation.
2026-07-19 17:09:05 0 [ERROR] InnoDB: The error means the system cannot find the path specified.
2026-07-19 17:09:05 0 [ERROR] InnoDB: If you are installing InnoDB, remember that you must create directories yourself, InnoDB does not create them.
2026-07-19 17:09:05 0 [ERROR] InnoDB: Cannot open datafile for read-only: '.\moodle_db\stats_daily.ibd' OS error: 203
2026-07-19 17:09:05 0 [ERROR] InnoDB: Operating system error number 203 in a file operation.
2026-07-19 17:09:05 0 [Note] InnoDB: Some operating system error numbers are described at https://mariadb.com/kb/en/library/operating-system-error-codes/
2026-07-19 17:09:05 0 [ERROR] InnoDB: Could not find a valid tablespace file for ``moodle_db`.`stats_daily``. Please refer to https://mariadb.com/kb/en/innodb-data-dictionary-troubleshooting/ for how to resolve the issue.
2026-07-19 17:09:05 0 [Warning] InnoDB: Ignoring tablespace for `moodle_db`.`stats_daily` because it could not be opened.
2026-07-19 17:09:05 0 [ERROR] InnoDB: Operating system error number 3 in a file operation.
2026-07-19 17:09:05 0 [ERROR] InnoDB: The error means the system cannot find the path specified.
2026-07-19 17:09:05 0 [ERROR] InnoDB: If you are installing InnoDB, remember that you must create directories yourself, InnoDB does not create them.
2026-07-19 17:09:05 0 [ERROR] InnoDB: Cannot open datafile for read-only: '.\moodle_db\stats_monthly.ibd' OS error: 203
2026-07-19 17:09:05 0 [ERROR] InnoDB: Operating system error number 203 in a file operation.
2026-07-19 17:09:05 0 [Note] InnoDB: Some operating system error numbers are described at https://mariadb.com/kb/en/library/operating-system-error-codes/
2026-07-19 17:09:05 0 [ERROR] InnoDB: Could not find a valid tablespace file for ``moodle_db`.`stats_monthly``. Please refer to https://mariadb.com/kb/en/innodb-data-dictionary-troubleshooting/ for how to resolve the issue.
2026-07-19 17:09:05 0 [Warning] InnoDB: Ignoring tablespace for `moodle_db`.`stats_monthly` because it could not be opened.
2026-07-19 17:09:05 0 [ERROR] InnoDB: Operating system error number 3 in a file operation.
2026-07-19 17:09:05 0 [ERROR] InnoDB: The error means the system cannot find the path specified.
2026-07-19 17:09:05 0 [ERROR] InnoDB: If you are installing InnoDB, remember that you must create directories yourself, InnoDB does not create them.
2026-07-19 17:09:05 0 [ERROR] InnoDB: Cannot open datafile for read-only: '.\moodle_db\stats_user_daily.ibd' OS error: 203
2026-07-19 17:09:05 0 [ERROR] InnoDB: Operating system error number 203 in a file operation.
2026-07-19 17:09:05 0 [Note] InnoDB: Some operating system error numbers are described at https://mariadb.com/kb/en/library/operating-system-error-codes/
2026-07-19 17:09:05 0 [ERROR] InnoDB: Could not find a valid tablespace file for ``moodle_db`.`stats_user_daily``. Please refer to https://mariadb.com/kb/en/innodb-data-dictionary-troubleshooting/ for how to resolve the issue.
2026-07-19 17:09:05 0 [Warning] InnoDB: Ignoring tablespace for `moodle_db`.`stats_user_daily` because it could not be opened.
2026-07-19 17:09:05 0 [ERROR] InnoDB: Operating system error number 3 in a file operation.
2026-07-19 17:09:05 0 [ERROR] InnoDB: The error means the system cannot find the path specified.
2026-07-19 17:09:05 0 [ERROR] InnoDB: If you are installing InnoDB, remember that you must create directories yourself, InnoDB does not create them.
2026-07-19 17:09:05 0 [ERROR] InnoDB: Cannot open datafile for read-only: '.\moodle_db\stats_user_monthly.ibd' OS error: 203
2026-07-19 17:09:05 0 [ERROR] InnoDB: Operating system error number 203 in a file operation.
2026-07-19 17:09:05 0 [Note] InnoDB: Some operating system error numbers are described at https://mariadb.com/kb/en/library/operating-system-error-codes/
2026-07-19 17:09:05 0 [ERROR] InnoDB: Could not find a valid tablespace file for ``moodle_db`.`stats_user_monthly``. Please refer to https://mariadb.com/kb/en/innodb-data-dictionary-troubleshooting/ for how to resolve the issue.
2026-07-19 17:09:05 0 [Warning] InnoDB: Ignoring tablespace for `moodle_db`.`stats_user_monthly` because it could not be opened.
2026-07-19 17:09:05 0 [ERROR] InnoDB: Operating system error number 3 in a file operation.
2026-07-19 17:09:05 0 [ERROR] InnoDB: The error means the system cannot find the path specified.
2026-07-19 17:09:05 0 [ERROR] InnoDB: If you are installing InnoDB, remember that you must create directories yourself, InnoDB does not create them.
2026-07-19 17:09:05 0 [ERROR] InnoDB: Cannot open datafile for read-only: '.\moodle_db\stats_user_weekly.ibd' OS error: 203
2026-07-19 17:09:05 0 [ERROR] InnoDB: Operating system error number 203 in a file operation.
2026-07-19 17:09:05 0 [Note] InnoDB: Some operating system error numbers are described at https://mariadb.com/kb/en/library/operating-system-error-codes/
2026-07-19 17:09:05 0 [ERROR] InnoDB: Could not find a valid tablespace file for ``moodle_db`.`stats_user_weekly``. Please refer to https://mariadb.com/kb/en/innodb-data-dictionary-troubleshooting/ for how to resolve the issue.
2026-07-19 17:09:05 0 [Warning] InnoDB: Ignoring tablespace for `moodle_db`.`stats_user_weekly` because it could not be opened.
2026-07-19 17:09:05 0 [ERROR] InnoDB: Operating system error number 3 in a file operation.
2026-07-19 17:09:05 0 [ERROR] InnoDB: The error means the system cannot find the path specified.
2026-07-19 17:09:05 0 [ERROR] InnoDB: If you are installing InnoDB, remember that you must create directories yourself, InnoDB does not create them.
2026-07-19 17:09:05 0 [ERROR] InnoDB: Cannot open datafile for read-only: '.\moodle_db\stats_weekly.ibd' OS error: 203
2026-07-19 17:09:05 0 [ERROR] InnoDB: Operating system error number 203 in a file operation.
2026-07-19 17:09:05 0 [Note] InnoDB: Some operating system error numbers are described at https://mariadb.com/kb/en/library/operating-system-error-codes/
2026-07-19 17:09:05 0 [ERROR] InnoDB: Could not find a valid tablespace file for ``moodle_db`.`stats_weekly``. Please refer to https://mariadb.com/kb/en/innodb-data-dictionary-troubleshooting/ for how to resolve the issue.
2026-07-19 17:09:05 0 [Warning] InnoDB: Ignoring tablespace for `moodle_db`.`stats_weekly` because it could not be opened.
2026-07-19 17:09:05 0 [ERROR] InnoDB: Operating system error number 3 in a file operation.
2026-07-19 17:09:05 0 [ERROR] InnoDB: The error means the system cannot find the path specified.
2026-07-19 17:09:05 0 [ERROR] InnoDB: If you are installing InnoDB, remember that you must create directories yourself, InnoDB does not create them.
2026-07-19 17:09:05 0 [ERROR] InnoDB: Cannot open datafile for read-only: '.\moodle_db\stored_progress.ibd' OS error: 203
2026-07-19 17:09:05 0 [ERROR] InnoDB: Operating system error number 203 in a file operation.
2026-07-19 17:09:05 0 [Note] InnoDB: Some operating system error numbers are described at https://mariadb.com/kb/en/library/operating-system-error-codes/
2026-07-19 17:09:05 0 [ERROR] InnoDB: Could not find a valid tablespace file for ``moodle_db`.`stored_progress``. Please refer to https://mariadb.com/kb/en/innodb-data-dictionary-troubleshooting/ for how to resolve the issue.
2026-07-19 17:09:05 0 [Warning] InnoDB: Ignoring tablespace for `moodle_db`.`stored_progress` because it could not be opened.
2026-07-19 17:09:05 0 [ERROR] InnoDB: Operating system error number 3 in a file operation.
2026-07-19 17:09:05 0 [ERROR] InnoDB: The error means the system cannot find the path specified.
2026-07-19 17:09:05 0 [ERROR] InnoDB: If you are installing InnoDB, remember that you must create directories yourself, InnoDB does not create them.
2026-07-19 17:09:05 0 [ERROR] InnoDB: Cannot open datafile for read-only: '.\moodle_db\subsection.ibd' OS error: 203
2026-07-19 17:09:05 0 [ERROR] InnoDB: Operating system error number 203 in a file operation.
2026-07-19 17:09:05 0 [Note] InnoDB: Some operating system error numbers are described at https://mariadb.com/kb/en/library/operating-system-error-codes/
2026-07-19 17:09:05 0 [ERROR] InnoDB: Could not find a valid tablespace file for ``moodle_db`.`subsection``. Please refer to https://mariadb.com/kb/en/innodb-data-dictionary-troubleshooting/ for how to resolve the issue.
2026-07-19 17:09:05 0 [Warning] InnoDB: Ignoring tablespace for `moodle_db`.`subsection` because it could not be opened.
2026-07-19 17:09:05 0 [ERROR] InnoDB: Operating system error number 3 in a file operation.
2026-07-19 17:09:05 0 [ERROR] InnoDB: The error means the system cannot find the path specified.
2026-07-19 17:09:05 0 [ERROR] InnoDB: If you are installing InnoDB, remember that you must create directories yourself, InnoDB does not create them.
2026-07-19 17:09:05 0 [ERROR] InnoDB: Cannot open datafile for read-only: '.\moodle_db\tag.ibd' OS error: 203
2026-07-19 17:09:05 0 [ERROR] InnoDB: Operating system error number 203 in a file operation.
2026-07-19 17:09:05 0 [Note] InnoDB: Some operating system error numbers are described at https://mariadb.com/kb/en/library/operating-system-error-codes/
2026-07-19 17:09:05 0 [ERROR] InnoDB: Could not find a valid tablespace file for ``moodle_db`.`tag``. Please refer to https://mariadb.com/kb/en/innodb-data-dictionary-troubleshooting/ for how to resolve the issue.
2026-07-19 17:09:05 0 [Warning] InnoDB: Ignoring tablespace for `moodle_db`.`tag` because it could not be opened.
2026-07-19 17:09:05 0 [ERROR] InnoDB: Operating system error number 3 in a file operation.
2026-07-19 17:09:05 0 [ERROR] InnoDB: The error means the system cannot find the path specified.
2026-07-19 17:09:05 0 [ERROR] InnoDB: If you are installing InnoDB, remember that you must create directories yourself, InnoDB does not create them.
2026-07-19 17:09:05 0 [ERROR] InnoDB: Cannot open datafile for read-only: '.\moodle_db\tag_area.ibd' OS error: 203
2026-07-19 17:09:05 0 [ERROR] InnoDB: Operating system error number 203 in a file operation.
2026-07-19 17:09:05 0 [Note] InnoDB: Some operating system error numbers are described at https://mariadb.com/kb/en/library/operating-system-error-codes/
2026-07-19 17:09:05 0 [ERROR] InnoDB: Could not find a valid tablespace file for ``moodle_db`.`tag_area``. Please refer to https://mariadb.com/kb/en/innodb-data-dictionary-troubleshooting/ for how to resolve the issue.
2026-07-19 17:09:05 0 [Warning] InnoDB: Ignoring tablespace for `moodle_db`.`tag_area` because it could not be opened.
2026-07-19 17:09:05 0 [ERROR] InnoDB: Operating system error number 3 in a file operation.
2026-07-19 17:09:05 0 [ERROR] InnoDB: The error means the system cannot find the path specified.
2026-07-19 17:09:05 0 [ERROR] InnoDB: If you are installing InnoDB, remember that you must create directories yourself, InnoDB does not create them.
2026-07-19 17:09:05 0 [ERROR] InnoDB: Cannot open datafile for read-only: '.\moodle_db\tag_coll.ibd' OS error: 203
2026-07-19 17:09:05 0 [ERROR] InnoDB: Operating system error number 203 in a file operation.
2026-07-19 17:09:05 0 [Note] InnoDB: Some operating system error numbers are described at https://mariadb.com/kb/en/library/operating-system-error-codes/
2026-07-19 17:09:05 0 [ERROR] InnoDB: Could not find a valid tablespace file for ``moodle_db`.`tag_coll``. Please refer to https://mariadb.com/kb/en/innodb-data-dictionary-troubleshooting/ for how to resolve the issue.
2026-07-19 17:09:05 0 [Warning] InnoDB: Ignoring tablespace for `moodle_db`.`tag_coll` because it could not be opened.
2026-07-19 17:09:05 0 [ERROR] InnoDB: Operating system error number 3 in a file operation.
2026-07-19 17:09:05 0 [ERROR] InnoDB: The error means the system cannot find the path specified.
2026-07-19 17:09:05 0 [ERROR] InnoDB: If you are installing InnoDB, remember that you must create directories yourself, InnoDB does not create them.
2026-07-19 17:09:05 0 [ERROR] InnoDB: Cannot open datafile for read-only: '.\moodle_db\tag_correlation.ibd' OS error: 203
2026-07-19 17:09:05 0 [ERROR] InnoDB: Operating system error number 203 in a file operation.
2026-07-19 17:09:05 0 [Note] InnoDB: Some operating system error numbers are described at https://mariadb.com/kb/en/library/operating-system-error-codes/
2026-07-19 17:09:05 0 [ERROR] InnoDB: Could not find a valid tablespace file for ``moodle_db`.`tag_correlation``. Please refer to https://mariadb.com/kb/en/innodb-data-dictionary-troubleshooting/ for how to resolve the issue.
2026-07-19 17:09:05 0 [Warning] InnoDB: Ignoring tablespace for `moodle_db`.`tag_correlation` because it could not be opened.
2026-07-19 17:09:05 0 [ERROR] InnoDB: Operating system error number 3 in a file operation.
2026-07-19 17:09:05 0 [ERROR] InnoDB: The error means the system cannot find the path specified.
2026-07-19 17:09:05 0 [ERROR] InnoDB: If you are installing InnoDB, remember that you must create directories yourself, InnoDB does not create them.
2026-07-19 17:09:05 0 [ERROR] InnoDB: Cannot open datafile for read-only: '.\moodle_db\tag_instance.ibd' OS error: 203
2026-07-19 17:09:05 0 [ERROR] InnoDB: Operating system error number 203 in a file operation.
2026-07-19 17:09:05 0 [Note] InnoDB: Some operating system error numbers are described at https://mariadb.com/kb/en/library/operating-system-error-codes/
2026-07-19 17:09:05 0 [ERROR] InnoDB: Could not find a valid tablespace file for ``moodle_db`.`tag_instance``. Please refer to https://mariadb.com/kb/en/innodb-data-dictionary-troubleshooting/ for how to resolve the issue.
2026-07-19 17:09:05 0 [Warning] InnoDB: Ignoring tablespace for `moodle_db`.`tag_instance` because it could not be opened.
2026-07-19 17:09:05 0 [ERROR] InnoDB: Operating system error number 3 in a file operation.
2026-07-19 17:09:05 0 [ERROR] InnoDB: The error means the system cannot find the path specified.
2026-07-19 17:09:05 0 [ERROR] InnoDB: If you are installing InnoDB, remember that you must create directories yourself, InnoDB does not create them.
2026-07-19 17:09:05 0 [ERROR] InnoDB: Cannot open datafile for read-only: '.\moodle_db\task_adhoc.ibd' OS error: 203
2026-07-19 17:09:05 0 [ERROR] InnoDB: Operating system error number 203 in a file operation.
2026-07-19 17:09:05 0 [Note] InnoDB: Some operating system error numbers are described at https://mariadb.com/kb/en/library/operating-system-error-codes/
2026-07-19 17:09:05 0 [ERROR] InnoDB: Could not find a valid tablespace file for ``moodle_db`.`task_adhoc``. Please refer to https://mariadb.com/kb/en/innodb-data-dictionary-troubleshooting/ for how to resolve the issue.
2026-07-19 17:09:05 0 [Warning] InnoDB: Ignoring tablespace for `moodle_db`.`task_adhoc` because it could not be opened.
2026-07-19 17:09:05 0 [ERROR] InnoDB: Operating system error number 3 in a file operation.
2026-07-19 17:09:05 0 [ERROR] InnoDB: The error means the system cannot find the path specified.
2026-07-19 17:09:05 0 [ERROR] InnoDB: If you are installing InnoDB, remember that you must create directories yourself, InnoDB does not create them.
2026-07-19 17:09:05 0 [ERROR] InnoDB: Cannot open datafile for read-only: '.\moodle_db\task_log.ibd' OS error: 203
2026-07-19 17:09:05 0 [ERROR] InnoDB: Operating system error number 203 in a file operation.
2026-07-19 17:09:05 0 [Note] InnoDB: Some operating system error numbers are described at https://mariadb.com/kb/en/library/operating-system-error-codes/
2026-07-19 17:09:05 0 [ERROR] InnoDB: Could not find a valid tablespace file for ``moodle_db`.`task_log``. Please refer to https://mariadb.com/kb/en/innodb-data-dictionary-troubleshooting/ for how to resolve the issue.
2026-07-19 17:09:05 0 [Warning] InnoDB: Ignoring tablespace for `moodle_db`.`task_log` because it could not be opened.
2026-07-19 17:09:05 0 [ERROR] InnoDB: Operating system error number 3 in a file operation.
2026-07-19 17:09:05 0 [ERROR] InnoDB: The error means the system cannot find the path specified.
2026-07-19 17:09:05 0 [ERROR] InnoDB: If you are installing InnoDB, remember that you must create directories yourself, InnoDB does not create them.
2026-07-19 17:09:05 0 [ERROR] InnoDB: Cannot open datafile for read-only: '.\moodle_db\task_scheduled.ibd' OS error: 203
2026-07-19 17:09:05 0 [ERROR] InnoDB: Operating system error number 203 in a file operation.
2026-07-19 17:09:05 0 [Note] InnoDB: Some operating system error numbers are described at https://mariadb.com/kb/en/library/operating-system-error-codes/
2026-07-19 17:09:05 0 [ERROR] InnoDB: Could not find a valid tablespace file for ``moodle_db`.`task_scheduled``. Please refer to https://mariadb.com/kb/en/innodb-data-dictionary-troubleshooting/ for how to resolve the issue.
2026-07-19 17:09:05 0 [Warning] InnoDB: Ignoring tablespace for `moodle_db`.`task_scheduled` because it could not be opened.
2026-07-19 17:09:05 0 [ERROR] InnoDB: Operating system error number 3 in a file operation.
2026-07-19 17:09:05 0 [ERROR] InnoDB: The error means the system cannot find the path specified.
2026-07-19 17:09:05 0 [ERROR] InnoDB: If you are installing InnoDB, remember that you must create directories yourself, InnoDB does not create them.
2026-07-19 17:09:05 0 [ERROR] InnoDB: Cannot open datafile for read-only: '.\moodle_db\tiny_autosave.ibd' OS error: 203
2026-07-19 17:09:05 0 [ERROR] InnoDB: Operating system error number 203 in a file operation.
2026-07-19 17:09:05 0 [Note] InnoDB: Some operating system error numbers are described at https://mariadb.com/kb/en/library/operating-system-error-codes/
2026-07-19 17:09:05 0 [ERROR] InnoDB: Could not find a valid tablespace file for ``moodle_db`.`tiny_autosave``. Please refer to https://mariadb.com/kb/en/innodb-data-dictionary-troubleshooting/ for how to resolve the issue.
2026-07-19 17:09:05 0 [Warning] InnoDB: Ignoring tablespace for `moodle_db`.`tiny_autosave` because it could not be opened.
2026-07-19 17:09:05 0 [ERROR] InnoDB: Operating system error number 3 in a file operation.
2026-07-19 17:09:05 0 [ERROR] InnoDB: The error means the system cannot find the path specified.
2026-07-19 17:09:05 0 [ERROR] InnoDB: If you are installing InnoDB, remember that you must create directories yourself, InnoDB does not create them.
2026-07-19 17:09:05 0 [ERROR] InnoDB: Cannot open datafile for read-only: '.\moodle_db\tool_brickfield_areas.ibd' OS error: 203
2026-07-19 17:09:05 0 [ERROR] InnoDB: Operating system error number 203 in a file operation.
2026-07-19 17:09:05 0 [Note] InnoDB: Some operating system error numbers are described at https://mariadb.com/kb/en/library/operating-system-error-codes/
2026-07-19 17:09:05 0 [ERROR] InnoDB: Could not find a valid tablespace file for ``moodle_db`.`tool_brickfield_areas``. Please refer to https://mariadb.com/kb/en/innodb-data-dictionary-troubleshooting/ for how to resolve the issue.
2026-07-19 17:09:05 0 [Warning] InnoDB: Ignoring tablespace for `moodle_db`.`tool_brickfield_areas` because it could not be opened.
2026-07-19 17:09:05 0 [ERROR] InnoDB: Operating system error number 3 in a file operation.
2026-07-19 17:09:05 0 [ERROR] InnoDB: The error means the system cannot find the path specified.
2026-07-19 17:09:05 0 [ERROR] InnoDB: If you are installing InnoDB, remember that you must create directories yourself, InnoDB does not create them.
2026-07-19 17:09:05 0 [ERROR] InnoDB: Cannot open datafile for read-only: '.\moodle_db\tool_brickfield_cache_acts.ibd' OS error: 203
2026-07-19 17:09:05 0 [ERROR] InnoDB: Operating system error number 203 in a file operation.
2026-07-19 17:09:05 0 [Note] InnoDB: Some operating system error numbers are described at https://mariadb.com/kb/en/library/operating-system-error-codes/
2026-07-19 17:09:05 0 [ERROR] InnoDB: Could not find a valid tablespace file for ``moodle_db`.`tool_brickfield_cache_acts``. Please refer to https://mariadb.com/kb/en/innodb-data-dictionary-troubleshooting/ for how to resolve the issue.
2026-07-19 17:09:05 0 [Warning] InnoDB: Ignoring tablespace for `moodle_db`.`tool_brickfield_cache_acts` because it could not be opened.
2026-07-19 17:09:05 0 [ERROR] InnoDB: Operating system error number 3 in a file operation.
2026-07-19 17:09:05 0 [ERROR] InnoDB: The error means the system cannot find the path specified.
2026-07-19 17:09:05 0 [ERROR] InnoDB: If you are installing InnoDB, remember that you must create directories yourself, InnoDB does not create them.
2026-07-19 17:09:05 0 [ERROR] InnoDB: Cannot open datafile for read-only: '.\moodle_db\tool_brickfield_cache_check.ibd' OS error: 203
2026-07-19 17:09:05 0 [ERROR] InnoDB: Operating system error number 203 in a file operation.
2026-07-19 17:09:05 0 [Note] InnoDB: Some operating system error numbers are described at https://mariadb.com/kb/en/library/operating-system-error-codes/
2026-07-19 17:09:05 0 [ERROR] InnoDB: Could not find a valid tablespace file for ``moodle_db`.`tool_brickfield_cache_check``. Please refer to https://mariadb.com/kb/en/innodb-data-dictionary-troubleshooting/ for how to resolve the issue.
2026-07-19 17:09:05 0 [Warning] InnoDB: Ignoring tablespace for `moodle_db`.`tool_brickfield_cache_check` because it could not be opened.
2026-07-19 17:09:05 0 [ERROR] InnoDB: Operating system error number 3 in a file operation.
2026-07-19 17:09:05 0 [ERROR] InnoDB: The error means the system cannot find the path specified.
2026-07-19 17:09:05 0 [ERROR] InnoDB: If you are installing InnoDB, remember that you must create directories yourself, InnoDB does not create them.
2026-07-19 17:09:05 0 [ERROR] InnoDB: Cannot open datafile for read-only: '.\moodle_db\tool_brickfield_checks.ibd' OS error: 203
2026-07-19 17:09:05 0 [ERROR] InnoDB: Operating system error number 203 in a file operation.
2026-07-19 17:09:05 0 [Note] InnoDB: Some operating system error numbers are described at https://mariadb.com/kb/en/library/operating-system-error-codes/
2026-07-19 17:09:05 0 [ERROR] InnoDB: Could not find a valid tablespace file for ``moodle_db`.`tool_brickfield_checks``. Please refer to https://mariadb.com/kb/en/innodb-data-dictionary-troubleshooting/ for how to resolve the issue.
2026-07-19 17:09:05 0 [Warning] InnoDB: Ignoring tablespace for `moodle_db`.`tool_brickfield_checks` because it could not be opened.
2026-07-19 17:09:05 0 [ERROR] InnoDB: Operating system error number 3 in a file operation.
2026-07-19 17:09:05 0 [ERROR] InnoDB: The error means the system cannot find the path specified.
2026-07-19 17:09:05 0 [ERROR] InnoDB: If you are installing InnoDB, remember that you must create directories yourself, InnoDB does not create them.
2026-07-19 17:09:05 0 [ERROR] InnoDB: Cannot open datafile for read-only: '.\moodle_db\tool_brickfield_content.ibd' OS error: 203
2026-07-19 17:09:05 0 [ERROR] InnoDB: Operating system error number 203 in a file operation.
2026-07-19 17:09:05 0 [Note] InnoDB: Some operating system error numbers are described at https://mariadb.com/kb/en/library/operating-system-error-codes/
2026-07-19 17:09:05 0 [ERROR] InnoDB: Could not find a valid tablespace file for ``moodle_db`.`tool_brickfield_content``. Please refer to https://mariadb.com/kb/en/innodb-data-dictionary-troubleshooting/ for how to resolve the issue.
2026-07-19 17:09:05 0 [Warning] InnoDB: Ignoring tablespace for `moodle_db`.`tool_brickfield_content` because it could not be opened.
2026-07-19 17:09:05 0 [ERROR] InnoDB: Operating system error number 3 in a file operation.
2026-07-19 17:09:05 0 [ERROR] InnoDB: The error means the system cannot find the path specified.
2026-07-19 17:09:05 0 [ERROR] InnoDB: If you are installing InnoDB, remember that you must create directories yourself, InnoDB does not create them.
2026-07-19 17:09:05 0 [ERROR] InnoDB: Cannot open datafile for read-only: '.\moodle_db\tool_brickfield_errors.ibd' OS error: 203
2026-07-19 17:09:05 0 [ERROR] InnoDB: Operating system error number 203 in a file operation.
2026-07-19 17:09:05 0 [Note] InnoDB: Some operating system error numbers are described at https://mariadb.com/kb/en/library/operating-system-error-codes/
2026-07-19 17:09:05 0 [ERROR] InnoDB: Could not find a valid tablespace file for ``moodle_db`.`tool_brickfield_errors``. Please refer to https://mariadb.com/kb/en/innodb-data-dictionary-troubleshooting/ for how to resolve the issue.
2026-07-19 17:09:05 0 [Warning] InnoDB: Ignoring tablespace for `moodle_db`.`tool_brickfield_errors` because it could not be opened.
2026-07-19 17:09:05 0 [ERROR] InnoDB: Operating system error number 3 in a file operation.
2026-07-19 17:09:05 0 [ERROR] InnoDB: The error means the system cannot find the path specified.
2026-07-19 17:09:05 0 [ERROR] InnoDB: If you are installing InnoDB, remember that you must create directories yourself, InnoDB does not create them.
2026-07-19 17:09:05 0 [ERROR] InnoDB: Cannot open datafile for read-only: '.\moodle_db\tool_brickfield_process.ibd' OS error: 203
2026-07-19 17:09:05 0 [ERROR] InnoDB: Operating system error number 203 in a file operation.
2026-07-19 17:09:05 0 [Note] InnoDB: Some operating system error numbers are described at https://mariadb.com/kb/en/library/operating-system-error-codes/
2026-07-19 17:09:05 0 [ERROR] InnoDB: Could not find a valid tablespace file for ``moodle_db`.`tool_brickfield_process``. Please refer to https://mariadb.com/kb/en/innodb-data-dictionary-troubleshooting/ for how to resolve the issue.
2026-07-19 17:09:05 0 [Warning] InnoDB: Ignoring tablespace for `moodle_db`.`tool_brickfield_process` because it could not be opened.
2026-07-19 17:09:05 0 [ERROR] InnoDB: Operating system error number 3 in a file operation.
2026-07-19 17:09:05 0 [ERROR] InnoDB: The error means the system cannot find the path specified.
2026-07-19 17:09:05 0 [ERROR] InnoDB: If you are installing InnoDB, remember that you must create directories yourself, InnoDB does not create them.
2026-07-19 17:09:05 0 [ERROR] InnoDB: Cannot open datafile for read-only: '.\moodle_db\tool_brickfield_results.ibd' OS error: 203
2026-07-19 17:09:05 0 [ERROR] InnoDB: Operating system error number 203 in a file operation.
2026-07-19 17:09:05 0 [Note] InnoDB: Some operating system error numbers are described at https://mariadb.com/kb/en/library/operating-system-error-codes/
2026-07-19 17:09:05 0 [ERROR] InnoDB: Could not find a valid tablespace file for ``moodle_db`.`tool_brickfield_results``. Please refer to https://mariadb.com/kb/en/innodb-data-dictionary-troubleshooting/ for how to resolve the issue.
2026-07-19 17:09:05 0 [Warning] InnoDB: Ignoring tablespace for `moodle_db`.`tool_brickfield_results` because it could not be opened.
2026-07-19 17:09:05 0 [ERROR] InnoDB: Operating system error number 3 in a file operation.
2026-07-19 17:09:05 0 [ERROR] InnoDB: The error means the system cannot find the path specified.
2026-07-19 17:09:05 0 [ERROR] InnoDB: If you are installing InnoDB, remember that you must create directories yourself, InnoDB does not create them.
2026-07-19 17:09:05 0 [ERROR] InnoDB: Cannot open datafile for read-only: '.\moodle_db\tool_brickfield_schedule.ibd' OS error: 203
2026-07-19 17:09:05 0 [ERROR] InnoDB: Operating system error number 203 in a file operation.
2026-07-19 17:09:05 0 [Note] InnoDB: Some operating system error numbers are described at https://mariadb.com/kb/en/library/operating-system-error-codes/
2026-07-19 17:09:05 0 [ERROR] InnoDB: Could not find a valid tablespace file for ``moodle_db`.`tool_brickfield_schedule``. Please refer to https://mariadb.com/kb/en/innodb-data-dictionary-troubleshooting/ for how to resolve the issue.
2026-07-19 17:09:05 0 [Warning] InnoDB: Ignoring tablespace for `moodle_db`.`tool_brickfield_schedule` because it could not be opened.
2026-07-19 17:09:05 0 [ERROR] InnoDB: Operating system error number 3 in a file operation.
2026-07-19 17:09:05 0 [ERROR] InnoDB: The error means the system cannot find the path specified.
2026-07-19 17:09:05 0 [ERROR] InnoDB: If you are installing InnoDB, remember that you must create directories yourself, InnoDB does not create them.
2026-07-19 17:09:05 0 [ERROR] InnoDB: Cannot open datafile for read-only: '.\moodle_db\tool_brickfield_summary.ibd' OS error: 203
2026-07-19 17:09:05 0 [ERROR] InnoDB: Operating system error number 203 in a file operation.
2026-07-19 17:09:05 0 [Note] InnoDB: Some operating system error numbers are described at https://mariadb.com/kb/en/library/operating-system-error-codes/
2026-07-19 17:09:05 0 [ERROR] InnoDB: Could not find a valid tablespace file for ``moodle_db`.`tool_brickfield_summary``. Please refer to https://mariadb.com/kb/en/innodb-data-dictionary-troubleshooting/ for how to resolve the issue.
2026-07-19 17:09:05 0 [Warning] InnoDB: Ignoring tablespace for `moodle_db`.`tool_brickfield_summary` because it could not be opened.
2026-07-19 17:09:05 0 [ERROR] InnoDB: Operating system error number 3 in a file operation.
2026-07-19 17:09:05 0 [ERROR] InnoDB: The error means the system cannot find the path specified.
2026-07-19 17:09:05 0 [ERROR] InnoDB: If you are installing InnoDB, remember that you must create directories yourself, InnoDB does not create them.
2026-07-19 17:09:05 0 [ERROR] InnoDB: Cannot open datafile for read-only: '.\moodle_db\tool_cohortroles.ibd' OS error: 203
2026-07-19 17:09:05 0 [ERROR] InnoDB: Operating system error number 203 in a file operation.
2026-07-19 17:09:05 0 [Note] InnoDB: Some operating system error numbers are described at https://mariadb.com/kb/en/library/operating-system-error-codes/
2026-07-19 17:09:05 0 [ERROR] InnoDB: Could not find a valid tablespace file for ``moodle_db`.`tool_cohortroles``. Please refer to https://mariadb.com/kb/en/innodb-data-dictionary-troubleshooting/ for how to resolve the issue.
2026-07-19 17:09:05 0 [Warning] InnoDB: Ignoring tablespace for `moodle_db`.`tool_cohortroles` because it could not be opened.
2026-07-19 17:09:05 0 [ERROR] InnoDB: Operating system error number 3 in a file operation.
2026-07-19 17:09:05 0 [ERROR] InnoDB: The error means the system cannot find the path specified.
2026-07-19 17:09:05 0 [ERROR] InnoDB: If you are installing InnoDB, remember that you must create directories yourself, InnoDB does not create them.
2026-07-19 17:09:05 0 [ERROR] InnoDB: Cannot open datafile for read-only: '.\moodle_db\tool_customlang.ibd' OS error: 203
2026-07-19 17:09:05 0 [ERROR] InnoDB: Operating system error number 203 in a file operation.
2026-07-19 17:09:05 0 [Note] InnoDB: Some operating system error numbers are described at https://mariadb.com/kb/en/library/operating-system-error-codes/
2026-07-19 17:09:05 0 [ERROR] InnoDB: Could not find a valid tablespace file for ``moodle_db`.`tool_customlang``. Please refer to https://mariadb.com/kb/en/innodb-data-dictionary-troubleshooting/ for how to resolve the issue.
2026-07-19 17:09:05 0 [Warning] InnoDB: Ignoring tablespace for `moodle_db`.`tool_customlang` because it could not be opened.
2026-07-19 17:09:05 0 [ERROR] InnoDB: Operating system error number 3 in a file operation.
2026-07-19 17:09:05 0 [ERROR] InnoDB: The error means the system cannot find the path specified.
2026-07-19 17:09:05 0 [ERROR] InnoDB: If you are installing InnoDB, remember that you must create directories yourself, InnoDB does not create them.
2026-07-19 17:09:05 0 [ERROR] InnoDB: Cannot open datafile for read-only: '.\moodle_db\tool_customlang_components.ibd' OS error: 203
2026-07-19 17:09:05 0 [ERROR] InnoDB: Operating system error number 203 in a file operation.
2026-07-19 17:09:05 0 [Note] InnoDB: Some operating system error numbers are described at https://mariadb.com/kb/en/library/operating-system-error-codes/
2026-07-19 17:09:05 0 [ERROR] InnoDB: Could not find a valid tablespace file for ``moodle_db`.`tool_customlang_components``. Please refer to https://mariadb.com/kb/en/innodb-data-dictionary-troubleshooting/ for how to resolve the issue.
2026-07-19 17:09:05 0 [Warning] InnoDB: Ignoring tablespace for `moodle_db`.`tool_customlang_components` because it could not be opened.
2026-07-19 17:09:05 0 [ERROR] InnoDB: Operating system error number 3 in a file operation.
2026-07-19 17:09:05 0 [ERROR] InnoDB: The error means the system cannot find the path specified.
2026-07-19 17:09:05 0 [ERROR] InnoDB: If you are installing InnoDB, remember that you must create directories yourself, InnoDB does not create them.
2026-07-19 17:09:05 0 [ERROR] InnoDB: Cannot open datafile for read-only: '.\moodle_db\tool_dataprivacy_category.ibd' OS error: 203
2026-07-19 17:09:05 0 [ERROR] InnoDB: Operating system error number 203 in a file operation.
2026-07-19 17:09:05 0 [Note] InnoDB: Some operating system error numbers are described at https://mariadb.com/kb/en/library/operating-system-error-codes/
2026-07-19 17:09:05 0 [ERROR] InnoDB: Could not find a valid tablespace file for ``moodle_db`.`tool_dataprivacy_category``. Please refer to https://mariadb.com/kb/en/innodb-data-dictionary-troubleshooting/ for how to resolve the issue.
2026-07-19 17:09:05 0 [Warning] InnoDB: Ignoring tablespace for `moodle_db`.`tool_dataprivacy_category` because it could not be opened.
2026-07-19 17:09:05 0 [ERROR] InnoDB: Operating system error number 3 in a file operation.
2026-07-19 17:09:05 0 [ERROR] InnoDB: The error means the system cannot find the path specified.
2026-07-19 17:09:05 0 [ERROR] InnoDB: If you are installing InnoDB, remember that you must create directories yourself, InnoDB does not create them.
2026-07-19 17:09:05 0 [ERROR] InnoDB: Cannot open datafile for read-only: '.\moodle_db\tool_dataprivacy_contextlist.ibd' OS error: 203
2026-07-19 17:09:05 0 [ERROR] InnoDB: Operating system error number 203 in a file operation.
2026-07-19 17:09:05 0 [Note] InnoDB: Some operating system error numbers are described at https://mariadb.com/kb/en/library/operating-system-error-codes/
2026-07-19 17:09:05 0 [ERROR] InnoDB: Could not find a valid tablespace file for ``moodle_db`.`tool_dataprivacy_contextlist``. Please refer to https://mariadb.com/kb/en/innodb-data-dictionary-troubleshooting/ for how to resolve the issue.
2026-07-19 17:09:05 0 [Warning] InnoDB: Ignoring tablespace for `moodle_db`.`tool_dataprivacy_contextlist` because it could not be opened.
2026-07-19 17:09:05 0 [ERROR] InnoDB: Operating system error number 3 in a file operation.
2026-07-19 17:09:05 0 [ERROR] InnoDB: The error means the system cannot find the path specified.
2026-07-19 17:09:05 0 [ERROR] InnoDB: If you are installing InnoDB, remember that you must create directories yourself, InnoDB does not create them.
2026-07-19 17:09:05 0 [ERROR] InnoDB: Cannot open datafile for read-only: '.\moodle_db\tool_dataprivacy_ctxexpired.ibd' OS error: 203
2026-07-19 17:09:05 0 [ERROR] InnoDB: Operating system error number 203 in a file operation.
2026-07-19 17:09:05 0 [Note] InnoDB: Some operating system error numbers are described at https://mariadb.com/kb/en/library/operating-system-error-codes/
2026-07-19 17:09:05 0 [ERROR] InnoDB: Could not find a valid tablespace file for ``moodle_db`.`tool_dataprivacy_ctxexpired``. Please refer to https://mariadb.com/kb/en/innodb-data-dictionary-troubleshooting/ for how to resolve the issue.
2026-07-19 17:09:05 0 [Warning] InnoDB: Ignoring tablespace for `moodle_db`.`tool_dataprivacy_ctxexpired` because it could not be opened.
2026-07-19 17:09:05 0 [ERROR] InnoDB: Operating system error number 3 in a file operation.
2026-07-19 17:09:05 0 [ERROR] InnoDB: The error means the system cannot find the path specified.
2026-07-19 17:09:05 0 [ERROR] InnoDB: If you are installing InnoDB, remember that you must create directories yourself, InnoDB does not create them.
2026-07-19 17:09:05 0 [ERROR] InnoDB: Cannot open datafile for read-only: '.\moodle_db\tool_dataprivacy_ctxinstance.ibd' OS error: 203
2026-07-19 17:09:05 0 [ERROR] InnoDB: Operating system error number 203 in a file operation.
2026-07-19 17:09:05 0 [Note] InnoDB: Some operating system error numbers are described at https://mariadb.com/kb/en/library/operating-system-error-codes/
2026-07-19 17:09:05 0 [ERROR] InnoDB: Could not find a valid tablespace file for ``moodle_db`.`tool_dataprivacy_ctxinstance``. Please refer to https://mariadb.com/kb/en/innodb-data-dictionary-troubleshooting/ for how to resolve the issue.
2026-07-19 17:09:05 0 [Warning] InnoDB: Ignoring tablespace for `moodle_db`.`tool_dataprivacy_ctxinstance` because it could not be opened.
2026-07-19 17:09:05 0 [ERROR] InnoDB: Operating system error number 3 in a file operation.
2026-07-19 17:09:05 0 [ERROR] InnoDB: The error means the system cannot find the path specified.
2026-07-19 17:09:05 0 [ERROR] InnoDB: If you are installing InnoDB, remember that you must create directories yourself, InnoDB does not create them.
2026-07-19 17:09:05 0 [ERROR] InnoDB: Cannot open datafile for read-only: '.\moodle_db\tool_dataprivacy_ctxlevel.ibd' OS error: 203
2026-07-19 17:09:05 0 [ERROR] InnoDB: Operating system error number 203 in a file operation.
2026-07-19 17:09:05 0 [Note] InnoDB: Some operating system error numbers are described at https://mariadb.com/kb/en/library/operating-system-error-codes/
2026-07-19 17:09:05 0 [ERROR] InnoDB: Could not find a valid tablespace file for ``moodle_db`.`tool_dataprivacy_ctxlevel``. Please refer to https://mariadb.com/kb/en/innodb-data-dictionary-troubleshooting/ for how to resolve the issue.
2026-07-19 17:09:05 0 [Warning] InnoDB: Ignoring tablespace for `moodle_db`.`tool_dataprivacy_ctxlevel` because it could not be opened.
2026-07-19 17:09:05 0 [ERROR] InnoDB: Operating system error number 3 in a file operation.
2026-07-19 17:09:05 0 [ERROR] InnoDB: The error means the system cannot find the path specified.
2026-07-19 17:09:05 0 [ERROR] InnoDB: If you are installing InnoDB, remember that you must create directories yourself, InnoDB does not create them.
2026-07-19 17:09:05 0 [ERROR] InnoDB: Cannot open datafile for read-only: '.\moodle_db\tool_dataprivacy_ctxlst_ctx.ibd' OS error: 203
2026-07-19 17:09:05 0 [ERROR] InnoDB: Operating system error number 203 in a file operation.
2026-07-19 17:09:05 0 [Note] InnoDB: Some operating system error numbers are described at https://mariadb.com/kb/en/library/operating-system-error-codes/
2026-07-19 17:09:05 0 [ERROR] InnoDB: Could not find a valid tablespace file for ``moodle_db`.`tool_dataprivacy_ctxlst_ctx``. Please refer to https://mariadb.com/kb/en/innodb-data-dictionary-troubleshooting/ for how to resolve the issue.
2026-07-19 17:09:05 0 [Warning] InnoDB: Ignoring tablespace for `moodle_db`.`tool_dataprivacy_ctxlst_ctx` because it could not be opened.
2026-07-19 17:09:05 0 [ERROR] InnoDB: Operating system error number 3 in a file operation.
2026-07-19 17:09:05 0 [ERROR] InnoDB: The error means the system cannot find the path specified.
2026-07-19 17:09:05 0 [ERROR] InnoDB: If you are installing InnoDB, remember that you must create directories yourself, InnoDB does not create them.
2026-07-19 17:09:05 0 [ERROR] InnoDB: Cannot open datafile for read-only: '.\moodle_db\tool_dataprivacy_purpose.ibd' OS error: 203
2026-07-19 17:09:05 0 [ERROR] InnoDB: Operating system error number 203 in a file operation.
2026-07-19 17:09:05 0 [Note] InnoDB: Some operating system error numbers are described at https://mariadb.com/kb/en/library/operating-system-error-codes/
2026-07-19 17:09:05 0 [ERROR] InnoDB: Could not find a valid tablespace file for ``moodle_db`.`tool_dataprivacy_purpose``. Please refer to https://mariadb.com/kb/en/innodb-data-dictionary-troubleshooting/ for how to resolve the issue.
2026-07-19 17:09:05 0 [Warning] InnoDB: Ignoring tablespace for `moodle_db`.`tool_dataprivacy_purpose` because it could not be opened.
2026-07-19 17:09:05 0 [ERROR] InnoDB: Operating system error number 3 in a file operation.
2026-07-19 17:09:05 0 [ERROR] InnoDB: The error means the system cannot find the path specified.
2026-07-19 17:09:05 0 [ERROR] InnoDB: If you are installing InnoDB, remember that you must create directories yourself, InnoDB does not create them.
2026-07-19 17:09:05 0 [ERROR] InnoDB: Cannot open datafile for read-only: '.\moodle_db\tool_dataprivacy_purposerole.ibd' OS error: 203
2026-07-19 17:09:05 0 [ERROR] InnoDB: Operating system error number 203 in a file operation.
2026-07-19 17:09:05 0 [Note] InnoDB: Some operating system error numbers are described at https://mariadb.com/kb/en/library/operating-system-error-codes/
2026-07-19 17:09:05 0 [ERROR] InnoDB: Could not find a valid tablespace file for ``moodle_db`.`tool_dataprivacy_purposerole``. Please refer to https://mariadb.com/kb/en/innodb-data-dictionary-troubleshooting/ for how to resolve the issue.
2026-07-19 17:09:05 0 [Warning] InnoDB: Ignoring tablespace for `moodle_db`.`tool_dataprivacy_purposerole` because it could not be opened.
2026-07-19 17:09:05 0 [ERROR] InnoDB: Operating system error number 3 in a file operation.
2026-07-19 17:09:05 0 [ERROR] InnoDB: The error means the system cannot find the path specified.
2026-07-19 17:09:05 0 [ERROR] InnoDB: If you are installing InnoDB, remember that you must create directories yourself, InnoDB does not create them.
2026-07-19 17:09:05 0 [ERROR] InnoDB: Cannot open datafile for read-only: '.\moodle_db\tool_dataprivacy_request.ibd' OS error: 203
2026-07-19 17:09:05 0 [ERROR] InnoDB: Operating system error number 203 in a file operation.
2026-07-19 17:09:05 0 [Note] InnoDB: Some operating system error numbers are described at https://mariadb.com/kb/en/library/operating-system-error-codes/
2026-07-19 17:09:05 0 [ERROR] InnoDB: Could not find a valid tablespace file for ``moodle_db`.`tool_dataprivacy_request``. Please refer to https://mariadb.com/kb/en/innodb-data-dictionary-troubleshooting/ for how to resolve the issue.
2026-07-19 17:09:05 0 [Warning] InnoDB: Ignoring tablespace for `moodle_db`.`tool_dataprivacy_request` because it could not be opened.
2026-07-19 17:09:05 0 [ERROR] InnoDB: Operating system error number 3 in a file operation.
2026-07-19 17:09:05 0 [ERROR] InnoDB: The error means the system cannot find the path specified.
2026-07-19 17:09:05 0 [ERROR] InnoDB: If you are installing InnoDB, remember that you must create directories yourself, InnoDB does not create them.
2026-07-19 17:09:05 0 [ERROR] InnoDB: Cannot open datafile for read-only: '.\moodle_db\tool_dataprivacy_rqst_ctxlst.ibd' OS error: 203
2026-07-19 17:09:05 0 [ERROR] InnoDB: Operating system error number 203 in a file operation.
2026-07-19 17:09:05 0 [Note] InnoDB: Some operating system error numbers are described at https://mariadb.com/kb/en/library/operating-system-error-codes/
2026-07-19 17:09:05 0 [ERROR] InnoDB: Could not find a valid tablespace file for ``moodle_db`.`tool_dataprivacy_rqst_ctxlst``. Please refer to https://mariadb.com/kb/en/innodb-data-dictionary-troubleshooting/ for how to resolve the issue.
2026-07-19 17:09:05 0 [Warning] InnoDB: Ignoring tablespace for `moodle_db`.`tool_dataprivacy_rqst_ctxlst` because it could not be opened.
2026-07-19 17:09:05 0 [ERROR] InnoDB: Operating system error number 3 in a file operation.
2026-07-19 17:09:05 0 [ERROR] InnoDB: The error means the system cannot find the path specified.
2026-07-19 17:09:05 0 [ERROR] InnoDB: If you are installing InnoDB, remember that you must create directories yourself, InnoDB does not create them.
2026-07-19 17:09:05 0 [ERROR] InnoDB: Cannot open datafile for read-only: '.\moodle_db\tool_mfa.ibd' OS error: 203
2026-07-19 17:09:05 0 [ERROR] InnoDB: Operating system error number 203 in a file operation.
2026-07-19 17:09:05 0 [Note] InnoDB: Some operating system error numbers are described at https://mariadb.com/kb/en/library/operating-system-error-codes/
2026-07-19 17:09:05 0 [ERROR] InnoDB: Could not find a valid tablespace file for ``moodle_db`.`tool_mfa``. Please refer to https://mariadb.com/kb/en/innodb-data-dictionary-troubleshooting/ for how to resolve the issue.
2026-07-19 17:09:05 0 [Warning] InnoDB: Ignoring tablespace for `moodle_db`.`tool_mfa` because it could not be opened.
2026-07-19 17:09:05 0 [ERROR] InnoDB: Operating system error number 3 in a file operation.
2026-07-19 17:09:05 0 [ERROR] InnoDB: The error means the system cannot find the path specified.
2026-07-19 17:09:05 0 [ERROR] InnoDB: If you are installing InnoDB, remember that you must create directories yourself, InnoDB does not create them.
2026-07-19 17:09:05 0 [ERROR] InnoDB: Cannot open datafile for read-only: '.\moodle_db\tool_mfa_auth.ibd' OS error: 203
2026-07-19 17:09:05 0 [ERROR] InnoDB: Operating system error number 203 in a file operation.
2026-07-19 17:09:05 0 [Note] InnoDB: Some operating system error numbers are described at https://mariadb.com/kb/en/library/operating-system-error-codes/
2026-07-19 17:09:05 0 [ERROR] InnoDB: Could not find a valid tablespace file for ``moodle_db`.`tool_mfa_auth``. Please refer to https://mariadb.com/kb/en/innodb-data-dictionary-troubleshooting/ for how to resolve the issue.
2026-07-19 17:09:05 0 [Warning] InnoDB: Ignoring tablespace for `moodle_db`.`tool_mfa_auth` because it could not be opened.
2026-07-19 17:09:05 0 [ERROR] InnoDB: Operating system error number 3 in a file operation.
2026-07-19 17:09:05 0 [ERROR] InnoDB: The error means the system cannot find the path specified.
2026-07-19 17:09:05 0 [ERROR] InnoDB: If you are installing InnoDB, remember that you must create directories yourself, InnoDB does not create them.
2026-07-19 17:09:05 0 [ERROR] InnoDB: Cannot open datafile for read-only: '.\moodle_db\tool_mfa_secrets.ibd' OS error: 203
2026-07-19 17:09:05 0 [ERROR] InnoDB: Operating system error number 203 in a file operation.
2026-07-19 17:09:05 0 [Note] InnoDB: Some operating system error numbers are described at https://mariadb.com/kb/en/library/operating-system-error-codes/
2026-07-19 17:09:05 0 [ERROR] InnoDB: Could not find a valid tablespace file for ``moodle_db`.`tool_mfa_secrets``. Please refer to https://mariadb.com/kb/en/innodb-data-dictionary-troubleshooting/ for how to resolve the issue.
2026-07-19 17:09:05 0 [Warning] InnoDB: Ignoring tablespace for `moodle_db`.`tool_mfa_secrets` because it could not be opened.
2026-07-19 17:09:05 0 [ERROR] InnoDB: Operating system error number 3 in a file operation.
2026-07-19 17:09:05 0 [ERROR] InnoDB: The error means the system cannot find the path specified.
2026-07-19 17:09:05 0 [ERROR] InnoDB: If you are installing InnoDB, remember that you must create directories yourself, InnoDB does not create them.
2026-07-19 17:09:05 0 [ERROR] InnoDB: Cannot open datafile for read-only: '.\moodle_db\tool_monitor_events.ibd' OS error: 203
2026-07-19 17:09:05 0 [ERROR] InnoDB: Operating system error number 203 in a file operation.
2026-07-19 17:09:05 0 [Note] InnoDB: Some operating system error numbers are described at https://mariadb.com/kb/en/library/operating-system-error-codes/
2026-07-19 17:09:05 0 [ERROR] InnoDB: Could not find a valid tablespace file for ``moodle_db`.`tool_monitor_events``. Please refer to https://mariadb.com/kb/en/innodb-data-dictionary-troubleshooting/ for how to resolve the issue.
2026-07-19 17:09:05 0 [Warning] InnoDB: Ignoring tablespace for `moodle_db`.`tool_monitor_events` because it could not be opened.
2026-07-19 17:09:05 0 [ERROR] InnoDB: Operating system error number 3 in a file operation.
2026-07-19 17:09:05 0 [ERROR] InnoDB: The error means the system cannot find the path specified.
2026-07-19 17:09:05 0 [ERROR] InnoDB: If you are installing InnoDB, remember that you must create directories yourself, InnoDB does not create them.
2026-07-19 17:09:05 0 [ERROR] InnoDB: Cannot open datafile for read-only: '.\moodle_db\tool_monitor_history.ibd' OS error: 203
2026-07-19 17:09:05 0 [ERROR] InnoDB: Operating system error number 203 in a file operation.
2026-07-19 17:09:05 0 [Note] InnoDB: Some operating system error numbers are described at https://mariadb.com/kb/en/library/operating-system-error-codes/
2026-07-19 17:09:05 0 [ERROR] InnoDB: Could not find a valid tablespace file for ``moodle_db`.`tool_monitor_history``. Please refer to https://mariadb.com/kb/en/innodb-data-dictionary-troubleshooting/ for how to resolve the issue.
2026-07-19 17:09:05 0 [Warning] InnoDB: Ignoring tablespace for `moodle_db`.`tool_monitor_history` because it could not be opened.
2026-07-19 17:09:05 0 [ERROR] InnoDB: Operating system error number 3 in a file operation.
2026-07-19 17:09:05 0 [ERROR] InnoDB: The error means the system cannot find the path specified.
2026-07-19 17:09:05 0 [ERROR] InnoDB: If you are installing InnoDB, remember that you must create directories yourself, InnoDB does not create them.
2026-07-19 17:09:05 0 [ERROR] InnoDB: Cannot open datafile for read-only: '.\moodle_db\tool_monitor_rules.ibd' OS error: 203
2026-07-19 17:09:05 0 [ERROR] InnoDB: Operating system error number 203 in a file operation.
2026-07-19 17:09:05 0 [Note] InnoDB: Some operating system error numbers are described at https://mariadb.com/kb/en/library/operating-system-error-codes/
2026-07-19 17:09:05 0 [ERROR] InnoDB: Could not find a valid tablespace file for ``moodle_db`.`tool_monitor_rules``. Please refer to https://mariadb.com/kb/en/innodb-data-dictionary-troubleshooting/ for how to resolve the issue.
2026-07-19 17:09:05 0 [Warning] InnoDB: Ignoring tablespace for `moodle_db`.`tool_monitor_rules` because it could not be opened.
2026-07-19 17:09:05 0 [ERROR] InnoDB: Operating system error number 3 in a file operation.
2026-07-19 17:09:05 0 [ERROR] InnoDB: The error means the system cannot find the path specified.
2026-07-19 17:09:05 0 [ERROR] InnoDB: If you are installing InnoDB, remember that you must create directories yourself, InnoDB does not create them.
2026-07-19 17:09:05 0 [ERROR] InnoDB: Cannot open datafile for read-only: '.\moodle_db\tool_monitor_subscriptions.ibd' OS error: 203
2026-07-19 17:09:05 0 [ERROR] InnoDB: Operating system error number 203 in a file operation.
2026-07-19 17:09:05 0 [Note] InnoDB: Some operating system error numbers are described at https://mariadb.com/kb/en/library/operating-system-error-codes/
2026-07-19 17:09:05 0 [ERROR] InnoDB: Could not find a valid tablespace file for ``moodle_db`.`tool_monitor_subscriptions``. Please refer to https://mariadb.com/kb/en/innodb-data-dictionary-troubleshooting/ for how to resolve the issue.
2026-07-19 17:09:05 0 [Warning] InnoDB: Ignoring tablespace for `moodle_db`.`tool_monitor_subscriptions` because it could not be opened.
2026-07-19 17:09:05 0 [ERROR] InnoDB: Operating system error number 3 in a file operation.
2026-07-19 17:09:05 0 [ERROR] InnoDB: The error means the system cannot find the path specified.
2026-07-19 17:09:05 0 [ERROR] InnoDB: If you are installing InnoDB, remember that you must create directories yourself, InnoDB does not create them.
2026-07-19 17:09:05 0 [ERROR] InnoDB: Cannot open datafile for read-only: '.\moodle_db\tool_policy.ibd' OS error: 203
2026-07-19 17:09:05 0 [ERROR] InnoDB: Operating system error number 203 in a file operation.
2026-07-19 17:09:05 0 [Note] InnoDB: Some operating system error numbers are described at https://mariadb.com/kb/en/library/operating-system-error-codes/
2026-07-19 17:09:05 0 [ERROR] InnoDB: Could not find a valid tablespace file for ``moodle_db`.`tool_policy``. Please refer to https://mariadb.com/kb/en/innodb-data-dictionary-troubleshooting/ for how to resolve the issue.
2026-07-19 17:09:05 0 [Warning] InnoDB: Ignoring tablespace for `moodle_db`.`tool_policy` because it could not be opened.
2026-07-19 17:09:05 0 [ERROR] InnoDB: Operating system error number 3 in a file operation.
2026-07-19 17:09:05 0 [ERROR] InnoDB: The error means the system cannot find the path specified.
2026-07-19 17:09:05 0 [ERROR] InnoDB: If you are installing InnoDB, remember that you must create directories yourself, InnoDB does not create them.
2026-07-19 17:09:05 0 [ERROR] InnoDB: Cannot open datafile for read-only: '.\moodle_db\tool_policy_acceptances.ibd' OS error: 203
2026-07-19 17:09:05 0 [ERROR] InnoDB: Operating system error number 203 in a file operation.
2026-07-19 17:09:05 0 [Note] InnoDB: Some operating system error numbers are described at https://mariadb.com/kb/en/library/operating-system-error-codes/
2026-07-19 17:09:05 0 [ERROR] InnoDB: Could not find a valid tablespace file for ``moodle_db`.`tool_policy_acceptances``. Please refer to https://mariadb.com/kb/en/innodb-data-dictionary-troubleshooting/ for how to resolve the issue.
2026-07-19 17:09:05 0 [Warning] InnoDB: Ignoring tablespace for `moodle_db`.`tool_policy_acceptances` because it could not be opened.
2026-07-19 17:09:05 0 [ERROR] InnoDB: Operating system error number 3 in a file operation.
2026-07-19 17:09:05 0 [ERROR] InnoDB: The error means the system cannot find the path specified.
2026-07-19 17:09:05 0 [ERROR] InnoDB: If you are installing InnoDB, remember that you must create directories yourself, InnoDB does not create them.
2026-07-19 17:09:05 0 [ERROR] InnoDB: Cannot open datafile for read-only: '.\moodle_db\tool_policy_versions.ibd' OS error: 203
2026-07-19 17:09:05 0 [ERROR] InnoDB: Operating system error number 203 in a file operation.
2026-07-19 17:09:05 0 [Note] InnoDB: Some operating system error numbers are described at https://mariadb.com/kb/en/library/operating-system-error-codes/
2026-07-19 17:09:05 0 [ERROR] InnoDB: Could not find a valid tablespace file for ``moodle_db`.`tool_policy_versions``. Please refer to https://mariadb.com/kb/en/innodb-data-dictionary-troubleshooting/ for how to resolve the issue.
2026-07-19 17:09:05 0 [Warning] InnoDB: Ignoring tablespace for `moodle_db`.`tool_policy_versions` because it could not be opened.
2026-07-19 17:09:05 0 [ERROR] InnoDB: Operating system error number 3 in a file operation.
2026-07-19 17:09:05 0 [ERROR] InnoDB: The error means the system cannot find the path specified.
2026-07-19 17:09:05 0 [ERROR] InnoDB: If you are installing InnoDB, remember that you must create directories yourself, InnoDB does not create them.
2026-07-19 17:09:05 0 [ERROR] InnoDB: Cannot open datafile for read-only: '.\moodle_db\tool_recyclebin_category.ibd' OS error: 203
2026-07-19 17:09:05 0 [ERROR] InnoDB: Operating system error number 203 in a file operation.
2026-07-19 17:09:05 0 [Note] InnoDB: Some operating system error numbers are described at https://mariadb.com/kb/en/library/operating-system-error-codes/
2026-07-19 17:09:05 0 [ERROR] InnoDB: Could not find a valid tablespace file for ``moodle_db`.`tool_recyclebin_category``. Please refer to https://mariadb.com/kb/en/innodb-data-dictionary-troubleshooting/ for how to resolve the issue.
2026-07-19 17:09:05 0 [Warning] InnoDB: Ignoring tablespace for `moodle_db`.`tool_recyclebin_category` because it could not be opened.
2026-07-19 17:09:05 0 [ERROR] InnoDB: Operating system error number 3 in a file operation.
2026-07-19 17:09:05 0 [ERROR] InnoDB: The error means the system cannot find the path specified.
2026-07-19 17:09:05 0 [ERROR] InnoDB: If you are installing InnoDB, remember that you must create directories yourself, InnoDB does not create them.
2026-07-19 17:09:05 0 [ERROR] InnoDB: Cannot open datafile for read-only: '.\moodle_db\tool_recyclebin_course.ibd' OS error: 203
2026-07-19 17:09:05 0 [ERROR] InnoDB: Operating system error number 203 in a file operation.
2026-07-19 17:09:05 0 [Note] InnoDB: Some operating system error numbers are described at https://mariadb.com/kb/en/library/operating-system-error-codes/
2026-07-19 17:09:05 0 [ERROR] InnoDB: Could not find a valid tablespace file for ``moodle_db`.`tool_recyclebin_course``. Please refer to https://mariadb.com/kb/en/innodb-data-dictionary-troubleshooting/ for how to resolve the issue.
2026-07-19 17:09:05 0 [Warning] InnoDB: Ignoring tablespace for `moodle_db`.`tool_recyclebin_course` because it could not be opened.
2026-07-19 17:09:05 0 [ERROR] InnoDB: Operating system error number 3 in a file operation.
2026-07-19 17:09:05 0 [ERROR] InnoDB: The error means the system cannot find the path specified.
2026-07-19 17:09:05 0 [ERROR] InnoDB: If you are installing InnoDB, remember that you must create directories yourself, InnoDB does not create them.
2026-07-19 17:09:05 0 [ERROR] InnoDB: Cannot open datafile for read-only: '.\moodle_db\tool_usertours_steps.ibd' OS error: 203
2026-07-19 17:09:05 0 [ERROR] InnoDB: Operating system error number 203 in a file operation.
2026-07-19 17:09:05 0 [Note] InnoDB: Some operating system error numbers are described at https://mariadb.com/kb/en/library/operating-system-error-codes/
2026-07-19 17:09:05 0 [ERROR] InnoDB: Could not find a valid tablespace file for ``moodle_db`.`tool_usertours_steps``. Please refer to https://mariadb.com/kb/en/innodb-data-dictionary-troubleshooting/ for how to resolve the issue.
2026-07-19 17:09:05 0 [Warning] InnoDB: Ignoring tablespace for `moodle_db`.`tool_usertours_steps` because it could not be opened.
2026-07-19 17:09:05 0 [ERROR] InnoDB: Operating system error number 3 in a file operation.
2026-07-19 17:09:05 0 [ERROR] InnoDB: The error means the system cannot find the path specified.
2026-07-19 17:09:05 0 [ERROR] InnoDB: If you are installing InnoDB, remember that you must create directories yourself, InnoDB does not create them.
2026-07-19 17:09:05 0 [ERROR] InnoDB: Cannot open datafile for read-only: '.\moodle_db\tool_usertours_tours.ibd' OS error: 203
2026-07-19 17:09:05 0 [ERROR] InnoDB: Operating system error number 203 in a file operation.
2026-07-19 17:09:05 0 [Note] InnoDB: Some operating system error numbers are described at https://mariadb.com/kb/en/library/operating-system-error-codes/
2026-07-19 17:09:05 0 [ERROR] InnoDB: Could not find a valid tablespace file for ``moodle_db`.`tool_usertours_tours``. Please refer to https://mariadb.com/kb/en/innodb-data-dictionary-troubleshooting/ for how to resolve the issue.
2026-07-19 17:09:05 0 [Warning] InnoDB: Ignoring tablespace for `moodle_db`.`tool_usertours_tours` because it could not be opened.
2026-07-19 17:09:05 0 [ERROR] InnoDB: Operating system error number 3 in a file operation.
2026-07-19 17:09:05 0 [ERROR] InnoDB: The error means the system cannot find the path specified.
2026-07-19 17:09:05 0 [ERROR] InnoDB: If you are installing InnoDB, remember that you must create directories yourself, InnoDB does not create them.
2026-07-19 17:09:05 0 [ERROR] InnoDB: Cannot open datafile for read-only: '.\moodle_db\upgrade_log.ibd' OS error: 203
2026-07-19 17:09:05 0 [ERROR] InnoDB: Operating system error number 203 in a file operation.
2026-07-19 17:09:05 0 [Note] InnoDB: Some operating system error numbers are described at https://mariadb.com/kb/en/library/operating-system-error-codes/
2026-07-19 17:09:05 0 [ERROR] InnoDB: Could not find a valid tablespace file for ``moodle_db`.`upgrade_log``. Please refer to https://mariadb.com/kb/en/innodb-data-dictionary-troubleshooting/ for how to resolve the issue.
2026-07-19 17:09:05 0 [Warning] InnoDB: Ignoring tablespace for `moodle_db`.`upgrade_log` because it could not be opened.
2026-07-19 17:09:05 0 [ERROR] InnoDB: Operating system error number 3 in a file operation.
2026-07-19 17:09:05 0 [ERROR] InnoDB: The error means the system cannot find the path specified.
2026-07-19 17:09:05 0 [ERROR] InnoDB: If you are installing InnoDB, remember that you must create directories yourself, InnoDB does not create them.
2026-07-19 17:09:05 0 [ERROR] InnoDB: Cannot open datafile for read-only: '.\moodle_db\url.ibd' OS error: 203
2026-07-19 17:09:05 0 [ERROR] InnoDB: Operating system error number 203 in a file operation.
2026-07-19 17:09:05 0 [Note] InnoDB: Some operating system error numbers are described at https://mariadb.com/kb/en/library/operating-system-error-codes/
2026-07-19 17:09:05 0 [ERROR] InnoDB: Could not find a valid tablespace file for ``moodle_db`.`url``. Please refer to https://mariadb.com/kb/en/innodb-data-dictionary-troubleshooting/ for how to resolve the issue.
2026-07-19 17:09:05 0 [Warning] InnoDB: Ignoring tablespace for `moodle_db`.`url` because it could not be opened.
2026-07-19 17:09:05 0 [ERROR] InnoDB: Operating system error number 3 in a file operation.
2026-07-19 17:09:05 0 [ERROR] InnoDB: The error means the system cannot find the path specified.
2026-07-19 17:09:05 0 [ERROR] InnoDB: If you are installing InnoDB, remember that you must create directories yourself, InnoDB does not create them.
2026-07-19 17:09:05 0 [ERROR] InnoDB: Cannot open datafile for read-only: '.\moodle_db\user.ibd' OS error: 203
2026-07-19 17:09:05 0 [ERROR] InnoDB: Operating system error number 203 in a file operation.
2026-07-19 17:09:05 0 [Note] InnoDB: Some operating system error numbers are described at https://mariadb.com/kb/en/library/operating-system-error-codes/
2026-07-19 17:09:05 0 [ERROR] InnoDB: Could not find a valid tablespace file for ``moodle_db`.`user``. Please refer to https://mariadb.com/kb/en/innodb-data-dictionary-troubleshooting/ for how to resolve the issue.
2026-07-19 17:09:05 0 [Warning] InnoDB: Ignoring tablespace for `moodle_db`.`user` because it could not be opened.
2026-07-19 17:09:05 0 [ERROR] InnoDB: Operating system error number 3 in a file operation.
2026-07-19 17:09:05 0 [ERROR] InnoDB: The error means the system cannot find the path specified.
2026-07-19 17:09:05 0 [ERROR] InnoDB: If you are installing InnoDB, remember that you must create directories yourself, InnoDB does not create them.
2026-07-19 17:09:05 0 [ERROR] InnoDB: Cannot open datafile for read-only: '.\moodle_db\user_devices.ibd' OS error: 203
2026-07-19 17:09:05 0 [ERROR] InnoDB: Operating system error number 203 in a file operation.
2026-07-19 17:09:05 0 [Note] InnoDB: Some operating system error numbers are described at https://mariadb.com/kb/en/library/operating-system-error-codes/
2026-07-19 17:09:05 0 [ERROR] InnoDB: Could not find a valid tablespace file for ``moodle_db`.`user_devices``. Please refer to https://mariadb.com/kb/en/innodb-data-dictionary-troubleshooting/ for how to resolve the issue.
2026-07-19 17:09:05 0 [Warning] InnoDB: Ignoring tablespace for `moodle_db`.`user_devices` because it could not be opened.
2026-07-19 17:09:05 0 [ERROR] InnoDB: Operating system error number 3 in a file operation.
2026-07-19 17:09:05 0 [ERROR] InnoDB: The error means the system cannot find the path specified.
2026-07-19 17:09:05 0 [ERROR] InnoDB: If you are installing InnoDB, remember that you must create directories yourself, InnoDB does not create them.
2026-07-19 17:09:05 0 [ERROR] InnoDB: Cannot open datafile for read-only: '.\moodle_db\user_enrolments.ibd' OS error: 203
2026-07-19 17:09:05 0 [ERROR] InnoDB: Operating system error number 203 in a file operation.
2026-07-19 17:09:05 0 [Note] InnoDB: Some operating system error numbers are described at https://mariadb.com/kb/en/library/operating-system-error-codes/
2026-07-19 17:09:05 0 [ERROR] InnoDB: Could not find a valid tablespace file for ``moodle_db`.`user_enrolments``. Please refer to https://mariadb.com/kb/en/innodb-data-dictionary-troubleshooting/ for how to resolve the issue.
2026-07-19 17:09:05 0 [Warning] InnoDB: Ignoring tablespace for `moodle_db`.`user_enrolments` because it could not be opened.
2026-07-19 17:09:05 0 [ERROR] InnoDB: Operating system error number 3 in a file operation.
2026-07-19 17:09:05 0 [ERROR] InnoDB: The error means the system cannot find the path specified.
2026-07-19 17:09:05 0 [ERROR] InnoDB: If you are installing InnoDB, remember that you must create directories yourself, InnoDB does not create them.
2026-07-19 17:09:05 0 [ERROR] InnoDB: Cannot open datafile for read-only: '.\moodle_db\user_info_category.ibd' OS error: 203
2026-07-19 17:09:05 0 [ERROR] InnoDB: Operating system error number 203 in a file operation.
2026-07-19 17:09:05 0 [Note] InnoDB: Some operating system error numbers are described at https://mariadb.com/kb/en/library/operating-system-error-codes/
2026-07-19 17:09:05 0 [ERROR] InnoDB: Could not find a valid tablespace file for ``moodle_db`.`user_info_category``. Please refer to https://mariadb.com/kb/en/innodb-data-dictionary-troubleshooting/ for how to resolve the issue.
2026-07-19 17:09:05 0 [Warning] InnoDB: Ignoring tablespace for `moodle_db`.`user_info_category` because it could not be opened.
2026-07-19 17:09:05 0 [ERROR] InnoDB: Operating system error number 3 in a file operation.
2026-07-19 17:09:05 0 [ERROR] InnoDB: The error means the system cannot find the path specified.
2026-07-19 17:09:05 0 [ERROR] InnoDB: If you are installing InnoDB, remember that you must create directories yourself, InnoDB does not create them.
2026-07-19 17:09:05 0 [ERROR] InnoDB: Cannot open datafile for read-only: '.\moodle_db\user_info_data.ibd' OS error: 203
2026-07-19 17:09:05 0 [ERROR] InnoDB: Operating system error number 203 in a file operation.
2026-07-19 17:09:05 0 [Note] InnoDB: Some operating system error numbers are described at https://mariadb.com/kb/en/library/operating-system-error-codes/
2026-07-19 17:09:05 0 [ERROR] InnoDB: Could not find a valid tablespace file for ``moodle_db`.`user_info_data``. Please refer to https://mariadb.com/kb/en/innodb-data-dictionary-troubleshooting/ for how to resolve the issue.
2026-07-19 17:09:05 0 [Warning] InnoDB: Ignoring tablespace for `moodle_db`.`user_info_data` because it could not be opened.
2026-07-19 17:09:05 0 [ERROR] InnoDB: Operating system error number 3 in a file operation.
2026-07-19 17:09:05 0 [ERROR] InnoDB: The error means the system cannot find the path specified.
2026-07-19 17:09:05 0 [ERROR] InnoDB: If you are installing InnoDB, remember that you must create directories yourself, InnoDB does not create them.
2026-07-19 17:09:05 0 [ERROR] InnoDB: Cannot open datafile for read-only: '.\moodle_db\user_info_field.ibd' OS error: 203
2026-07-19 17:09:05 0 [ERROR] InnoDB: Operating system error number 203 in a file operation.
2026-07-19 17:09:05 0 [Note] InnoDB: Some operating system error numbers are described at https://mariadb.com/kb/en/library/operating-system-error-codes/
2026-07-19 17:09:05 0 [ERROR] InnoDB: Could not find a valid tablespace file for ``moodle_db`.`user_info_field``. Please refer to https://mariadb.com/kb/en/innodb-data-dictionary-troubleshooting/ for how to resolve the issue.
2026-07-19 17:09:05 0 [Warning] InnoDB: Ignoring tablespace for `moodle_db`.`user_info_field` because it could not be opened.
2026-07-19 17:09:05 0 [ERROR] InnoDB: Operating system error number 3 in a file operation.
2026-07-19 17:09:05 0 [ERROR] InnoDB: The error means the system cannot find the path specified.
2026-07-19 17:09:05 0 [ERROR] InnoDB: If you are installing InnoDB, remember that you must create directories yourself, InnoDB does not create them.
2026-07-19 17:09:05 0 [ERROR] InnoDB: Cannot open datafile for read-only: '.\moodle_db\user_lastaccess.ibd' OS error: 203
2026-07-19 17:09:05 0 [ERROR] InnoDB: Operating system error number 203 in a file operation.
2026-07-19 17:09:05 0 [Note] InnoDB: Some operating system error numbers are described at https://mariadb.com/kb/en/library/operating-system-error-codes/
2026-07-19 17:09:05 0 [ERROR] InnoDB: Could not find a valid tablespace file for ``moodle_db`.`user_lastaccess``. Please refer to https://mariadb.com/kb/en/innodb-data-dictionary-troubleshooting/ for how to resolve the issue.
2026-07-19 17:09:05 0 [Warning] InnoDB: Ignoring tablespace for `moodle_db`.`user_lastaccess` because it could not be opened.
2026-07-19 17:09:05 0 [ERROR] InnoDB: Operating system error number 3 in a file operation.
2026-07-19 17:09:05 0 [ERROR] InnoDB: The error means the system cannot find the path specified.
2026-07-19 17:09:05 0 [ERROR] InnoDB: If you are installing InnoDB, remember that you must create directories yourself, InnoDB does not create them.
2026-07-19 17:09:05 0 [ERROR] InnoDB: Cannot open datafile for read-only: '.\moodle_db\user_password_history.ibd' OS error: 203
2026-07-19 17:09:05 0 [ERROR] InnoDB: Operating system error number 203 in a file operation.
2026-07-19 17:09:05 0 [Note] InnoDB: Some operating system error numbers are described at https://mariadb.com/kb/en/library/operating-system-error-codes/
2026-07-19 17:09:05 0 [ERROR] InnoDB: Could not find a valid tablespace file for ``moodle_db`.`user_password_history``. Please refer to https://mariadb.com/kb/en/innodb-data-dictionary-troubleshooting/ for how to resolve the issue.
2026-07-19 17:09:05 0 [Warning] InnoDB: Ignoring tablespace for `moodle_db`.`user_password_history` because it could not be opened.
2026-07-19 17:09:05 0 [ERROR] InnoDB: Operating system error number 3 in a file operation.
2026-07-19 17:09:05 0 [ERROR] InnoDB: The error means the system cannot find the path specified.
2026-07-19 17:09:05 0 [ERROR] InnoDB: If you are installing InnoDB, remember that you must create directories yourself, InnoDB does not create them.
2026-07-19 17:09:05 0 [ERROR] InnoDB: Cannot open datafile for read-only: '.\moodle_db\user_password_resets.ibd' OS error: 203
2026-07-19 17:09:05 0 [ERROR] InnoDB: Operating system error number 203 in a file operation.
2026-07-19 17:09:05 0 [Note] InnoDB: Some operating system error numbers are described at https://mariadb.com/kb/en/library/operating-system-error-codes/
2026-07-19 17:09:05 0 [ERROR] InnoDB: Could not find a valid tablespace file for ``moodle_db`.`user_password_resets``. Please refer to https://mariadb.com/kb/en/innodb-data-dictionary-troubleshooting/ for how to resolve the issue.
2026-07-19 17:09:05 0 [Warning] InnoDB: Ignoring tablespace for `moodle_db`.`user_password_resets` because it could not be opened.
2026-07-19 17:09:05 0 [ERROR] InnoDB: Operating system error number 3 in a file operation.
2026-07-19 17:09:05 0 [ERROR] InnoDB: The error means the system cannot find the path specified.
2026-07-19 17:09:05 0 [ERROR] InnoDB: If you are installing InnoDB, remember that you must create directories yourself, InnoDB does not create them.
2026-07-19 17:09:05 0 [ERROR] InnoDB: Cannot open datafile for read-only: '.\moodle_db\user_preferences.ibd' OS error: 203
2026-07-19 17:09:05 0 [ERROR] InnoDB: Operating system error number 203 in a file operation.
2026-07-19 17:09:05 0 [Note] InnoDB: Some operating system error numbers are described at https://mariadb.com/kb/en/library/operating-system-error-codes/
2026-07-19 17:09:05 0 [ERROR] InnoDB: Could not find a valid tablespace file for ``moodle_db`.`user_preferences``. Please refer to https://mariadb.com/kb/en/innodb-data-dictionary-troubleshooting/ for how to resolve the issue.
2026-07-19 17:09:05 0 [Warning] InnoDB: Ignoring tablespace for `moodle_db`.`user_preferences` because it could not be opened.
2026-07-19 17:09:05 0 [ERROR] InnoDB: Operating system error number 3 in a file operation.
2026-07-19 17:09:05 0 [ERROR] InnoDB: The error means the system cannot find the path specified.
2026-07-19 17:09:05 0 [ERROR] InnoDB: If you are installing InnoDB, remember that you must create directories yourself, InnoDB does not create them.
2026-07-19 17:09:05 0 [ERROR] InnoDB: Cannot open datafile for read-only: '.\moodle_db\user_private_key.ibd' OS error: 203
2026-07-19 17:09:05 0 [ERROR] InnoDB: Operating system error number 203 in a file operation.
2026-07-19 17:09:05 0 [Note] InnoDB: Some operating system error numbers are described at https://mariadb.com/kb/en/library/operating-system-error-codes/
2026-07-19 17:09:05 0 [ERROR] InnoDB: Could not find a valid tablespace file for ``moodle_db`.`user_private_key``. Please refer to https://mariadb.com/kb/en/innodb-data-dictionary-troubleshooting/ for how to resolve the issue.
2026-07-19 17:09:05 0 [Warning] InnoDB: Ignoring tablespace for `moodle_db`.`user_private_key` because it could not be opened.
2026-07-19 17:09:05 0 [ERROR] InnoDB: Operating system error number 3 in a file operation.
2026-07-19 17:09:05 0 [ERROR] InnoDB: The error means the system cannot find the path specified.
2026-07-19 17:09:05 0 [ERROR] InnoDB: If you are installing InnoDB, remember that you must create directories yourself, InnoDB does not create them.
2026-07-19 17:09:05 0 [ERROR] InnoDB: Cannot open datafile for read-only: '.\moodle_db\users.ibd' OS error: 203
2026-07-19 17:09:05 0 [ERROR] InnoDB: Operating system error number 203 in a file operation.
2026-07-19 17:09:05 0 [Note] InnoDB: Some operating system error numbers are described at https://mariadb.com/kb/en/library/operating-system-error-codes/
2026-07-19 17:09:05 0 [ERROR] InnoDB: Could not find a valid tablespace file for ``moodle_db`.`users``. Please refer to https://mariadb.com/kb/en/innodb-data-dictionary-troubleshooting/ for how to resolve the issue.
2026-07-19 17:09:05 0 [Warning] InnoDB: Ignoring tablespace for `moodle_db`.`users` because it could not be opened.
2026-07-19 17:09:05 0 [ERROR] InnoDB: Operating system error number 3 in a file operation.
2026-07-19 17:09:05 0 [ERROR] InnoDB: The error means the system cannot find the path specified.
2026-07-19 17:09:05 0 [ERROR] InnoDB: If you are installing InnoDB, remember that you must create directories yourself, InnoDB does not create them.
2026-07-19 17:09:05 0 [ERROR] InnoDB: Cannot open datafile for read-only: '.\moodle_db\visitor_counts.ibd' OS error: 203
2026-07-19 17:09:05 0 [ERROR] InnoDB: Operating system error number 203 in a file operation.
2026-07-19 17:09:05 0 [Note] InnoDB: Some operating system error numbers are described at https://mariadb.com/kb/en/library/operating-system-error-codes/
2026-07-19 17:09:05 0 [ERROR] InnoDB: Could not find a valid tablespace file for ``moodle_db`.`visitor_counts``. Please refer to https://mariadb.com/kb/en/innodb-data-dictionary-troubleshooting/ for how to resolve the issue.
2026-07-19 17:09:05 0 [Warning] InnoDB: Ignoring tablespace for `moodle_db`.`visitor_counts` because it could not be opened.
2026-07-19 17:09:05 0 [ERROR] InnoDB: Operating system error number 3 in a file operation.
2026-07-19 17:09:05 0 [ERROR] InnoDB: The error means the system cannot find the path specified.
2026-07-19 17:09:05 0 [ERROR] InnoDB: If you are installing InnoDB, remember that you must create directories yourself, InnoDB does not create them.
2026-07-19 17:09:05 0 [ERROR] InnoDB: Cannot open datafile for read-only: '.\moodle_db\volunteers.ibd' OS error: 203
2026-07-19 17:09:05 0 [ERROR] InnoDB: Operating system error number 203 in a file operation.
2026-07-19 17:09:05 0 [Note] InnoDB: Some operating system error numbers are described at https://mariadb.com/kb/en/library/operating-system-error-codes/
2026-07-19 17:09:05 0 [ERROR] InnoDB: Could not find a valid tablespace file for ``moodle_db`.`volunteers``. Please refer to https://mariadb.com/kb/en/innodb-data-dictionary-troubleshooting/ for how to resolve the issue.
2026-07-19 17:09:05 0 [Warning] InnoDB: Ignoring tablespace for `moodle_db`.`volunteers` because it could not be opened.
2026-07-19 17:09:05 0 [ERROR] InnoDB: Operating system error number 3 in a file operation.
2026-07-19 17:09:05 0 [ERROR] InnoDB: The error means the system cannot find the path specified.
2026-07-19 17:09:05 0 [ERROR] InnoDB: If you are installing InnoDB, remember that you must create directories yourself, InnoDB does not create them.
2026-07-19 17:09:05 0 [ERROR] InnoDB: Cannot open datafile for read-only: '.\moodle_db\wiki.ibd' OS error: 203
2026-07-19 17:09:05 0 [ERROR] InnoDB: Operating system error number 203 in a file operation.
2026-07-19 17:09:05 0 [Note] InnoDB: Some operating system error numbers are described at https://mariadb.com/kb/en/library/operating-system-error-codes/
2026-07-19 17:09:05 0 [ERROR] InnoDB: Could not find a valid tablespace file for ``moodle_db`.`wiki``. Please refer to https://mariadb.com/kb/en/innodb-data-dictionary-troubleshooting/ for how to resolve the issue.
2026-07-19 17:09:05 0 [Warning] InnoDB: Ignoring tablespace for `moodle_db`.`wiki` because it could not be opened.
2026-07-19 17:09:05 0 [ERROR] InnoDB: Operating system error number 3 in a file operation.
2026-07-19 17:09:05 0 [ERROR] InnoDB: The error means the system cannot find the path specified.
2026-07-19 17:09:05 0 [ERROR] InnoDB: If you are installing InnoDB, remember that you must create directories yourself, InnoDB does not create them.
2026-07-19 17:09:05 0 [ERROR] InnoDB: Cannot open datafile for read-only: '.\moodle_db\wiki_links.ibd' OS error: 203
2026-07-19 17:09:05 0 [ERROR] InnoDB: Operating system error number 203 in a file operation.
2026-07-19 17:09:05 0 [Note] InnoDB: Some operating system error numbers are described at https://mariadb.com/kb/en/library/operating-system-error-codes/
2026-07-19 17:09:05 0 [ERROR] InnoDB: Could not find a valid tablespace file for ``moodle_db`.`wiki_links``. Please refer to https://mariadb.com/kb/en/innodb-data-dictionary-troubleshooting/ for how to resolve the issue.
2026-07-19 17:09:05 0 [Warning] InnoDB: Ignoring tablespace for `moodle_db`.`wiki_links` because it could not be opened.
2026-07-19 17:09:05 0 [ERROR] InnoDB: Operating system error number 3 in a file operation.
2026-07-19 17:09:05 0 [ERROR] InnoDB: The error means the system cannot find the path specified.
2026-07-19 17:09:05 0 [ERROR] InnoDB: If you are installing InnoDB, remember that you must create directories yourself, InnoDB does not create them.
2026-07-19 17:09:05 0 [ERROR] InnoDB: Cannot open datafile for read-only: '.\moodle_db\wiki_locks.ibd' OS error: 203
2026-07-19 17:09:05 0 [ERROR] InnoDB: Operating system error number 203 in a file operation.
2026-07-19 17:09:05 0 [Note] InnoDB: Some operating system error numbers are described at https://mariadb.com/kb/en/library/operating-system-error-codes/
2026-07-19 17:09:05 0 [ERROR] InnoDB: Could not find a valid tablespace file for ``moodle_db`.`wiki_locks``. Please refer to https://mariadb.com/kb/en/innodb-data-dictionary-troubleshooting/ for how to resolve the issue.
2026-07-19 17:09:05 0 [Warning] InnoDB: Ignoring tablespace for `moodle_db`.`wiki_locks` because it could not be opened.
2026-07-19 17:09:05 0 [ERROR] InnoDB: Operating system error number 3 in a file operation.
2026-07-19 17:09:05 0 [ERROR] InnoDB: The error means the system cannot find the path specified.
2026-07-19 17:09:05 0 [ERROR] InnoDB: If you are installing InnoDB, remember that you must create directories yourself, InnoDB does not create them.
2026-07-19 17:09:05 0 [ERROR] InnoDB: Cannot open datafile for read-only: '.\moodle_db\wiki_pages.ibd' OS error: 203
2026-07-19 17:09:05 0 [ERROR] InnoDB: Operating system error number 203 in a file operation.
2026-07-19 17:09:05 0 [Note] InnoDB: Some operating system error numbers are described at https://mariadb.com/kb/en/library/operating-system-error-codes/
2026-07-19 17:09:05 0 [ERROR] InnoDB: Could not find a valid tablespace file for ``moodle_db`.`wiki_pages``. Please refer to https://mariadb.com/kb/en/innodb-data-dictionary-troubleshooting/ for how to resolve the issue.
2026-07-19 17:09:05 0 [Warning] InnoDB: Ignoring tablespace for `moodle_db`.`wiki_pages` because it could not be opened.
2026-07-19 17:09:05 0 [ERROR] InnoDB: Operating system error number 3 in a file operation.
2026-07-19 17:09:05 0 [ERROR] InnoDB: The error means the system cannot find the path specified.
2026-07-19 17:09:05 0 [ERROR] InnoDB: If you are installing InnoDB, remember that you must create directories yourself, InnoDB does not create them.
2026-07-19 17:09:05 0 [ERROR] InnoDB: Cannot open datafile for read-only: '.\moodle_db\wiki_subwikis.ibd' OS error: 203
2026-07-19 17:09:05 0 [ERROR] InnoDB: Operating system error number 203 in a file operation.
2026-07-19 17:09:05 0 [Note] InnoDB: Some operating system error numbers are described at https://mariadb.com/kb/en/library/operating-system-error-codes/
2026-07-19 17:09:05 0 [ERROR] InnoDB: Could not find a valid tablespace file for ``moodle_db`.`wiki_subwikis``. Please refer to https://mariadb.com/kb/en/innodb-data-dictionary-troubleshooting/ for how to resolve the issue.
2026-07-19 17:09:05 0 [Warning] InnoDB: Ignoring tablespace for `moodle_db`.`wiki_subwikis` because it could not be opened.
2026-07-19 17:09:05 0 [ERROR] InnoDB: Operating system error number 3 in a file operation.
2026-07-19 17:09:05 0 [ERROR] InnoDB: The error means the system cannot find the path specified.
2026-07-19 17:09:05 0 [ERROR] InnoDB: If you are installing InnoDB, remember that you must create directories yourself, InnoDB does not create them.
2026-07-19 17:09:05 0 [ERROR] InnoDB: Cannot open datafile for read-only: '.\moodle_db\wiki_synonyms.ibd' OS error: 203
2026-07-19 17:09:05 0 [ERROR] InnoDB: Operating system error number 203 in a file operation.
2026-07-19 17:09:05 0 [Note] InnoDB: Some operating system error numbers are described at https://mariadb.com/kb/en/library/operating-system-error-codes/
2026-07-19 17:09:05 0 [ERROR] InnoDB: Could not find a valid tablespace file for ``moodle_db`.`wiki_synonyms``. Please refer to https://mariadb.com/kb/en/innodb-data-dictionary-troubleshooting/ for how to resolve the issue.
2026-07-19 17:09:05 0 [Warning] InnoDB: Ignoring tablespace for `moodle_db`.`wiki_synonyms` because it could not be opened.
2026-07-19 17:09:05 0 [ERROR] InnoDB: Operating system error number 3 in a file operation.
2026-07-19 17:09:05 0 [ERROR] InnoDB: The error means the system cannot find the path specified.
2026-07-19 17:09:05 0 [ERROR] InnoDB: If you are installing InnoDB, remember that you must create directories yourself, InnoDB does not create them.
2026-07-19 17:09:05 0 [ERROR] InnoDB: Cannot open datafile for read-only: '.\moodle_db\wiki_versions.ibd' OS error: 203
2026-07-19 17:09:05 0 [ERROR] InnoDB: Operating system error number 203 in a file operation.
2026-07-19 17:09:05 0 [Note] InnoDB: Some operating system error numbers are described at https://mariadb.com/kb/en/library/operating-system-error-codes/
2026-07-19 17:09:05 0 [ERROR] InnoDB: Could not find a valid tablespace file for ``moodle_db`.`wiki_versions``. Please refer to https://mariadb.com/kb/en/innodb-data-dictionary-troubleshooting/ for how to resolve the issue.
2026-07-19 17:09:05 0 [Warning] InnoDB: Ignoring tablespace for `moodle_db`.`wiki_versions` because it could not be opened.
2026-07-19 17:09:05 0 [ERROR] InnoDB: Operating system error number 3 in a file operation.
2026-07-19 17:09:05 0 [ERROR] InnoDB: The error means the system cannot find the path specified.
2026-07-19 17:09:05 0 [ERROR] InnoDB: If you are installing InnoDB, remember that you must create directories yourself, InnoDB does not create them.
2026-07-19 17:09:05 0 [ERROR] InnoDB: Cannot open datafile for read-only: '.\moodle_db\workshop.ibd' OS error: 203
2026-07-19 17:09:05 0 [ERROR] InnoDB: Operating system error number 203 in a file operation.
2026-07-19 17:09:05 0 [Note] InnoDB: Some operating system error numbers are described at https://mariadb.com/kb/en/library/operating-system-error-codes/
2026-07-19 17:09:05 0 [ERROR] InnoDB: Could not find a valid tablespace file for ``moodle_db`.`workshop``. Please refer to https://mariadb.com/kb/en/innodb-data-dictionary-troubleshooting/ for how to resolve the issue.
2026-07-19 17:09:05 0 [Warning] InnoDB: Ignoring tablespace for `moodle_db`.`workshop` because it could not be opened.
2026-07-19 17:09:05 0 [ERROR] InnoDB: Operating system error number 3 in a file operation.
2026-07-19 17:09:05 0 [ERROR] InnoDB: The error means the system cannot find the path specified.
2026-07-19 17:09:05 0 [ERROR] InnoDB: If you are installing InnoDB, remember that you must create directories yourself, InnoDB does not create them.
2026-07-19 17:09:05 0 [ERROR] InnoDB: Cannot open datafile for read-only: '.\moodle_db\workshop_aggregations.ibd' OS error: 203
2026-07-19 17:09:05 0 [ERROR] InnoDB: Operating system error number 203 in a file operation.
2026-07-19 17:09:05 0 [Note] InnoDB: Some operating system error numbers are described at https://mariadb.com/kb/en/library/operating-system-error-codes/
2026-07-19 17:09:05 0 [ERROR] InnoDB: Could not find a valid tablespace file for ``moodle_db`.`workshop_aggregations``. Please refer to https://mariadb.com/kb/en/innodb-data-dictionary-troubleshooting/ for how to resolve the issue.
2026-07-19 17:09:05 0 [Warning] InnoDB: Ignoring tablespace for `moodle_db`.`workshop_aggregations` because it could not be opened.
2026-07-19 17:09:05 0 [ERROR] InnoDB: Operating system error number 3 in a file operation.
2026-07-19 17:09:05 0 [ERROR] InnoDB: The error means the system cannot find the path specified.
2026-07-19 17:09:05 0 [ERROR] InnoDB: If you are installing InnoDB, remember that you must create directories yourself, InnoDB does not create them.
2026-07-19 17:09:05 0 [ERROR] InnoDB: Cannot open datafile for read-only: '.\moodle_db\workshop_assessments.ibd' OS error: 203
2026-07-19 17:09:05 0 [ERROR] InnoDB: Operating system error number 203 in a file operation.
2026-07-19 17:09:05 0 [Note] InnoDB: Some operating system error numbers are described at https://mariadb.com/kb/en/library/operating-system-error-codes/
2026-07-19 17:09:05 0 [ERROR] InnoDB: Could not find a valid tablespace file for ``moodle_db`.`workshop_assessments``. Please refer to https://mariadb.com/kb/en/innodb-data-dictionary-troubleshooting/ for how to resolve the issue.
2026-07-19 17:09:05 0 [Warning] InnoDB: Ignoring tablespace for `moodle_db`.`workshop_assessments` because it could not be opened.
2026-07-19 17:09:05 0 [ERROR] InnoDB: Operating system error number 3 in a file operation.
2026-07-19 17:09:05 0 [ERROR] InnoDB: The error means the system cannot find the path specified.
2026-07-19 17:09:05 0 [ERROR] InnoDB: If you are installing InnoDB, remember that you must create directories yourself, InnoDB does not create them.
2026-07-19 17:09:05 0 [ERROR] InnoDB: Cannot open datafile for read-only: '.\moodle_db\workshop_grades.ibd' OS error: 203
2026-07-19 17:09:05 0 [ERROR] InnoDB: Operating system error number 203 in a file operation.
2026-07-19 17:09:05 0 [Note] InnoDB: Some operating system error numbers are described at https://mariadb.com/kb/en/library/operating-system-error-codes/
2026-07-19 17:09:05 0 [ERROR] InnoDB: Could not find a valid tablespace file for ``moodle_db`.`workshop_grades``. Please refer to https://mariadb.com/kb/en/innodb-data-dictionary-troubleshooting/ for how to resolve the issue.
2026-07-19 17:09:05 0 [Warning] InnoDB: Ignoring tablespace for `moodle_db`.`workshop_grades` because it could not be opened.
2026-07-19 17:09:05 0 [ERROR] InnoDB: Operating system error number 3 in a file operation.
2026-07-19 17:09:05 0 [ERROR] InnoDB: The error means the system cannot find the path specified.
2026-07-19 17:09:05 0 [ERROR] InnoDB: If you are installing InnoDB, remember that you must create directories yourself, InnoDB does not create them.
2026-07-19 17:09:05 0 [ERROR] InnoDB: Cannot open datafile for read-only: '.\moodle_db\workshop_submissions.ibd' OS error: 203
2026-07-19 17:09:05 0 [ERROR] InnoDB: Operating system error number 203 in a file operation.
2026-07-19 17:09:05 0 [Note] InnoDB: Some operating system error numbers are described at https://mariadb.com/kb/en/library/operating-system-error-codes/
2026-07-19 17:09:05 0 [ERROR] InnoDB: Could not find a valid tablespace file for ``moodle_db`.`workshop_submissions``. Please refer to https://mariadb.com/kb/en/innodb-data-dictionary-troubleshooting/ for how to resolve the issue.
2026-07-19 17:09:05 0 [Warning] InnoDB: Ignoring tablespace for `moodle_db`.`workshop_submissions` because it could not be opened.
2026-07-19 17:09:05 0 [ERROR] InnoDB: Operating system error number 3 in a file operation.
2026-07-19 17:09:05 0 [ERROR] InnoDB: The error means the system cannot find the path specified.
2026-07-19 17:09:05 0 [ERROR] InnoDB: If you are installing InnoDB, remember that you must create directories yourself, InnoDB does not create them.
2026-07-19 17:09:05 0 [ERROR] InnoDB: Cannot open datafile for read-only: '.\moodle_db\workshopallocation_scheduled.ibd' OS error: 203
2026-07-19 17:09:05 0 [ERROR] InnoDB: Operating system error number 203 in a file operation.
2026-07-19 17:09:05 0 [Note] InnoDB: Some operating system error numbers are described at https://mariadb.com/kb/en/library/operating-system-error-codes/
2026-07-19 17:09:05 0 [ERROR] InnoDB: Could not find a valid tablespace file for ``moodle_db`.`workshopallocation_scheduled``. Please refer to https://mariadb.com/kb/en/innodb-data-dictionary-troubleshooting/ for how to resolve the issue.
2026-07-19 17:09:05 0 [Warning] InnoDB: Ignoring tablespace for `moodle_db`.`workshopallocation_scheduled` because it could not be opened.
2026-07-19 17:09:05 0 [ERROR] InnoDB: Operating system error number 3 in a file operation.
2026-07-19 17:09:05 0 [ERROR] InnoDB: The error means the system cannot find the path specified.
2026-07-19 17:09:05 0 [ERROR] InnoDB: If you are installing InnoDB, remember that you must create directories yourself, InnoDB does not create them.
2026-07-19 17:09:05 0 [ERROR] InnoDB: Cannot open datafile for read-only: '.\moodle_db\workshopeval_best_settings.ibd' OS error: 203
2026-07-19 17:09:05 0 [ERROR] InnoDB: Operating system error number 203 in a file operation.
2026-07-19 17:09:05 0 [Note] InnoDB: Some operating system error numbers are described at https://mariadb.com/kb/en/library/operating-system-error-codes/
2026-07-19 17:09:05 0 [ERROR] InnoDB: Could not find a valid tablespace file for ``moodle_db`.`workshopeval_best_settings``. Please refer to https://mariadb.com/kb/en/innodb-data-dictionary-troubleshooting/ for how to resolve the issue.
2026-07-19 17:09:05 0 [Warning] InnoDB: Ignoring tablespace for `moodle_db`.`workshopeval_best_settings` because it could not be opened.
2026-07-19 17:09:05 0 [ERROR] InnoDB: Operating system error number 3 in a file operation.
2026-07-19 17:09:05 0 [ERROR] InnoDB: The error means the system cannot find the path specified.
2026-07-19 17:09:05 0 [ERROR] InnoDB: If you are installing InnoDB, remember that you must create directories yourself, InnoDB does not create them.
2026-07-19 17:09:05 0 [ERROR] InnoDB: Cannot open datafile for read-only: '.\moodle_db\workshopform_accumulative.ibd' OS error: 203
2026-07-19 17:09:05 0 [ERROR] InnoDB: Operating system error number 203 in a file operation.
2026-07-19 17:09:05 0 [Note] InnoDB: Some operating system error numbers are described at https://mariadb.com/kb/en/library/operating-system-error-codes/
2026-07-19 17:09:05 0 [ERROR] InnoDB: Could not find a valid tablespace file for ``moodle_db`.`workshopform_accumulative``. Please refer to https://mariadb.com/kb/en/innodb-data-dictionary-troubleshooting/ for how to resolve the issue.
2026-07-19 17:09:05 0 [Warning] InnoDB: Ignoring tablespace for `moodle_db`.`workshopform_accumulative` because it could not be opened.
2026-07-19 17:09:05 0 [ERROR] InnoDB: Operating system error number 3 in a file operation.
2026-07-19 17:09:05 0 [ERROR] InnoDB: The error means the system cannot find the path specified.
2026-07-19 17:09:05 0 [ERROR] InnoDB: If you are installing InnoDB, remember that you must create directories yourself, InnoDB does not create them.
2026-07-19 17:09:05 0 [ERROR] InnoDB: Cannot open datafile for read-only: '.\moodle_db\workshopform_comments.ibd' OS error: 203
2026-07-19 17:09:05 0 [ERROR] InnoDB: Operating system error number 203 in a file operation.
2026-07-19 17:09:05 0 [Note] InnoDB: Some operating system error numbers are described at https://mariadb.com/kb/en/library/operating-system-error-codes/
2026-07-19 17:09:05 0 [ERROR] InnoDB: Could not find a valid tablespace file for ``moodle_db`.`workshopform_comments``. Please refer to https://mariadb.com/kb/en/innodb-data-dictionary-troubleshooting/ for how to resolve the issue.
2026-07-19 17:09:05 0 [Warning] InnoDB: Ignoring tablespace for `moodle_db`.`workshopform_comments` because it could not be opened.
2026-07-19 17:09:05 0 [ERROR] InnoDB: Operating system error number 3 in a file operation.
2026-07-19 17:09:05 0 [ERROR] InnoDB: The error means the system cannot find the path specified.
2026-07-19 17:09:05 0 [ERROR] InnoDB: If you are installing InnoDB, remember that you must create directories yourself, InnoDB does not create them.
2026-07-19 17:09:05 0 [ERROR] InnoDB: Cannot open datafile for read-only: '.\moodle_db\workshopform_numerrors.ibd' OS error: 203
2026-07-19 17:09:05 0 [ERROR] InnoDB: Operating system error number 203 in a file operation.
2026-07-19 17:09:05 0 [Note] InnoDB: Some operating system error numbers are described at https://mariadb.com/kb/en/library/operating-system-error-codes/
2026-07-19 17:09:05 0 [ERROR] InnoDB: Could not find a valid tablespace file for ``moodle_db`.`workshopform_numerrors``. Please refer to https://mariadb.com/kb/en/innodb-data-dictionary-troubleshooting/ for how to resolve the issue.
2026-07-19 17:09:05 0 [Warning] InnoDB: Ignoring tablespace for `moodle_db`.`workshopform_numerrors` because it could not be opened.
2026-07-19 17:09:05 0 [ERROR] InnoDB: Operating system error number 3 in a file operation.
2026-07-19 17:09:05 0 [ERROR] InnoDB: The error means the system cannot find the path specified.
2026-07-19 17:09:05 0 [ERROR] InnoDB: If you are installing InnoDB, remember that you must create directories yourself, InnoDB does not create them.
2026-07-19 17:09:05 0 [ERROR] InnoDB: Cannot open datafile for read-only: '.\moodle_db\workshopform_numerrors_map.ibd' OS error: 203
2026-07-19 17:09:05 0 [ERROR] InnoDB: Operating system error number 203 in a file operation.
2026-07-19 17:09:05 0 [Note] InnoDB: Some operating system error numbers are described at https://mariadb.com/kb/en/library/operating-system-error-codes/
2026-07-19 17:09:05 0 [ERROR] InnoDB: Could not find a valid tablespace file for ``moodle_db`.`workshopform_numerrors_map``. Please refer to https://mariadb.com/kb/en/innodb-data-dictionary-troubleshooting/ for how to resolve the issue.
2026-07-19 17:09:05 0 [Warning] InnoDB: Ignoring tablespace for `moodle_db`.`workshopform_numerrors_map` because it could not be opened.
2026-07-19 17:09:05 0 [ERROR] InnoDB: Operating system error number 3 in a file operation.
2026-07-19 17:09:05 0 [ERROR] InnoDB: The error means the system cannot find the path specified.
2026-07-19 17:09:05 0 [ERROR] InnoDB: If you are installing InnoDB, remember that you must create directories yourself, InnoDB does not create them.
2026-07-19 17:09:05 0 [ERROR] InnoDB: Cannot open datafile for read-only: '.\moodle_db\workshopform_rubric.ibd' OS error: 203
2026-07-19 17:09:05 0 [ERROR] InnoDB: Operating system error number 203 in a file operation.
2026-07-19 17:09:05 0 [Note] InnoDB: Some operating system error numbers are described at https://mariadb.com/kb/en/library/operating-system-error-codes/
2026-07-19 17:09:05 0 [ERROR] InnoDB: Could not find a valid tablespace file for ``moodle_db`.`workshopform_rubric``. Please refer to https://mariadb.com/kb/en/innodb-data-dictionary-troubleshooting/ for how to resolve the issue.
2026-07-19 17:09:05 0 [Warning] InnoDB: Ignoring tablespace for `moodle_db`.`workshopform_rubric` because it could not be opened.
2026-07-19 17:09:05 0 [ERROR] InnoDB: Operating system error number 3 in a file operation.
2026-07-19 17:09:05 0 [ERROR] InnoDB: The error means the system cannot find the path specified.
2026-07-19 17:09:05 0 [ERROR] InnoDB: If you are installing InnoDB, remember that you must create directories yourself, InnoDB does not create them.
2026-07-19 17:09:05 0 [ERROR] InnoDB: Cannot open datafile for read-only: '.\moodle_db\workshopform_rubric_config.ibd' OS error: 203
2026-07-19 17:09:05 0 [ERROR] InnoDB: Operating system error number 203 in a file operation.
2026-07-19 17:09:05 0 [Note] InnoDB: Some operating system error numbers are described at https://mariadb.com/kb/en/library/operating-system-error-codes/
2026-07-19 17:09:05 0 [ERROR] InnoDB: Could not find a valid tablespace file for ``moodle_db`.`workshopform_rubric_config``. Please refer to https://mariadb.com/kb/en/innodb-data-dictionary-troubleshooting/ for how to resolve the issue.
2026-07-19 17:09:05 0 [Warning] InnoDB: Ignoring tablespace for `moodle_db`.`workshopform_rubric_config` because it could not be opened.
2026-07-19 17:09:05 0 [ERROR] InnoDB: Operating system error number 3 in a file operation.
2026-07-19 17:09:05 0 [ERROR] InnoDB: The error means the system cannot find the path specified.
2026-07-19 17:09:05 0 [ERROR] InnoDB: If you are installing InnoDB, remember that you must create directories yourself, InnoDB does not create them.
2026-07-19 17:09:05 0 [ERROR] InnoDB: Cannot open datafile for read-only: '.\moodle_db\workshopform_rubric_levels.ibd' OS error: 203
2026-07-19 17:09:05 0 [ERROR] InnoDB: Operating system error number 203 in a file operation.
2026-07-19 17:09:05 0 [Note] InnoDB: Some operating system error numbers are described at https://mariadb.com/kb/en/library/operating-system-error-codes/
2026-07-19 17:09:05 0 [ERROR] InnoDB: Could not find a valid tablespace file for ``moodle_db`.`workshopform_rubric_levels``. Please refer to https://mariadb.com/kb/en/innodb-data-dictionary-troubleshooting/ for how to resolve the issue.
2026-07-19 17:09:05 0 [Warning] InnoDB: Ignoring tablespace for `moodle_db`.`workshopform_rubric_levels` because it could not be opened.
2026-07-19 17:09:05 0 [ERROR] InnoDB: Operating system error number 3 in a file operation.
2026-07-19 17:09:05 0 [ERROR] InnoDB: The error means the system cannot find the path specified.
2026-07-19 17:09:05 0 [ERROR] InnoDB: If you are installing InnoDB, remember that you must create directories yourself, InnoDB does not create them.
2026-07-19 17:09:05 0 [ERROR] InnoDB: Cannot open datafile for read-only: '.\moodle_db\xapi_states.ibd' OS error: 203
2026-07-19 17:09:05 0 [ERROR] InnoDB: Operating system error number 203 in a file operation.
2026-07-19 17:09:05 0 [Note] InnoDB: Some operating system error numbers are described at https://mariadb.com/kb/en/library/operating-system-error-codes/
2026-07-19 17:09:05 0 [ERROR] InnoDB: Could not find a valid tablespace file for ``moodle_db`.`xapi_states``. Please refer to https://mariadb.com/kb/en/innodb-data-dictionary-troubleshooting/ for how to resolve the issue.
2026-07-19 17:09:05 0 [Warning] InnoDB: Ignoring tablespace for `moodle_db`.`xapi_states` because it could not be opened.
2026-07-19 17:09:05 0 [Note] InnoDB: 128 out of 128 rollback segments are active.
2026-07-19 17:09:05 0 [Note] InnoDB: Removed temporary tablespace data file: "ibtmp1"
2026-07-19 17:09:05 0 [Note] InnoDB: Creating shared tablespace for temporary tables
2026-07-19 17:09:05 0 [Note] InnoDB: Setting file 'C:\xampp\mysql\data\ibtmp1' size to 12 MB. Physically writing the file full; Please wait ...
2026-07-19 17:09:05 0 [Note] InnoDB: File 'C:\xampp\mysql\data\ibtmp1' size is now 12 MB.
2026-07-19 17:09:05 0 [Note] InnoDB: Waiting for purge to start
2026-07-19 17:09:05 0 [Note] InnoDB: 10.4.32 started; log sequence number 8235603; transaction id 4959
2026-07-19 17:09:05 0 [Note] InnoDB: Loading buffer pool(s) from C:\xampp\mysql\data\ib_buffer_pool
2026-07-19 17:09:05 0 [Note] Plugin 'FEEDBACK' is disabled.
2026-07-19 17:09:05 0 [ERROR] InnoDB: Page [page id: space=1, page number=0] log sequence number 698527672 is in the future! Current system log sequence number 8236053.
2026-07-19 17:09:05 0 [ERROR] InnoDB: Your database may be corrupt or you may have copied the InnoDB tablespace but not the InnoDB log files. Please refer to https://mariadb.com/kb/en/library/innodb-recovery-modes/ for information about forcing recovery.
2026-07-19 17:09:05 0 [ERROR] InnoDB: Page [page id: space=1, page number=2] log sequence number 698527672 is in the future! Current system log sequence number 8236053.
2026-07-19 17:09:05 0 [ERROR] InnoDB: Your database may be corrupt or you may have copied the InnoDB tablespace but not the InnoDB log files. Please refer to https://mariadb.com/kb/en/library/innodb-recovery-modes/ for information about forcing recovery.
2026-07-19 17:09:05 0 [ERROR] InnoDB: Page [page id: space=1, page number=3] log sequence number 698527672 is in the future! Current system log sequence number 8236053.
2026-07-19 17:09:05 0 [ERROR] InnoDB: Your database may be corrupt or you may have copied the InnoDB tablespace but not the InnoDB log files. Please refer to https://mariadb.com/kb/en/library/innodb-recovery-modes/ for information about forcing recovery.
2026-07-19 17:09:05 0 [ERROR] InnoDB: Page [page id: space=2, page number=0] log sequence number 391792958 is in the future! Current system log sequence number 8236053.
2026-07-19 17:09:05 0 [ERROR] InnoDB: Your database may be corrupt or you may have copied the InnoDB tablespace but not the InnoDB log files. Please refer to https://mariadb.com/kb/en/library/innodb-recovery-modes/ for information about forcing recovery.
2026-07-19 17:09:05 0 [ERROR] InnoDB: Page [page id: space=2, page number=2] log sequence number 391792958 is in the future! Current system log sequence number 8236053.
2026-07-19 17:09:05 0 [ERROR] InnoDB: Your database may be corrupt or you may have copied the InnoDB tablespace but not the InnoDB log files. Please refer to https://mariadb.com/kb/en/library/innodb-recovery-modes/ for information about forcing recovery.
2026-07-19 17:09:05 0 [ERROR] InnoDB: Page [page id: space=2, page number=3] log sequence number 391792958 is in the future! Current system log sequence number 8236053.
2026-07-19 17:09:05 0 [ERROR] InnoDB: Your database may be corrupt or you may have copied the InnoDB tablespace but not the InnoDB log files. Please refer to https://mariadb.com/kb/en/library/innodb-recovery-modes/ for information about forcing recovery.
2026-07-19 17:09:05 0 [Note] InnoDB: Buffer pool(s) load completed at 260719 17:09:05
2026-07-19 17:09:05 0 [Note] Server socket created on IP: '::'.
